CustomerID,Age,Gender,TenureYears,MonthlyCharges,TotalCharges,ContractType,InternetService,PaymentMethod,SeniorCitizen,SupportCalls,StreamingService,PaperlessBilling,Churn
CUST00001,56.0,Female,0,20.41,131.92,One year,DSL,Bank transfer,No,3,No,Yes,Yes
CUST00002,69.0,Male,9,21.1,2394.45,Two year,DSL,Credit card,Yes,1,Yes,No,No
CUST00003,46.0,Female,3,61.66,2755.45,Two year,DSL,Bank transfer,No,3,Yes,No,No
CUST00004,32.0,Male,8,35.5,3796.58,Month-to-month,No,Credit card,No,2,No,No,No
CUST00005,60.0,Male,9,86.45,10188.8,Two year,Fiber optic,Electronic check,Yes,3,No,Yes,Yes
CUST00006,25.0,Male,5,90.88,5818.04,Two year,DSL,Mailed check,No,0,No,No,No
CUST00007,38.0,Female,5,37.79,2670.55,Month-to-month,DSL,Mailed check,No,1,Yes,Yes,No
CUST00008,56.0,Male,0,108.85,1106.71,Two year,No,Electronic check,No,4,Yes,No,Yes
CUST00009,36.0,Male,9,64.19,7652.76,One year,DSL,Mailed check,No,3,Yes,No,No
CUST00010,40.0,Male,1,34.28,618.59,One year,Fiber optic,Electronic check,No,3,Yes,Yes,No
CUST00011,19.0,Male,2,95.58,2505.58,One year,Fiber optic,Bank transfer,No,3,Yes,No,No
CUST00012,67.0,Female,3,27.32,978.25,Month-to-month,Fiber optic,Mailed check,No,2,Yes,Yes,No
CUST00013,60.0,Female,8,106.5,10332.39,One year,No,Mailed check,No,3,Yes,No,No
CUST00014,29.0,Female,3,63.02,2385.24,One year,No,Bank transfer,No,3,Yes,Yes,Yes
CUST00015,27.0,Male,2,78.13,1843.13,Two year,Fiber optic,Electronic check,No,2,No,Yes,No
CUST00016,27.0,Male,4,95.74,4790.22,Month-to-month,No,Bank transfer,No,3,Yes,Yes,No
CUST00017,34.0,Female,6,46.61,3494.04,Two year,DSL,Electronic check,No,1,Yes,Yes,No
CUST00018,45.0,Female,4,109.02,5235.48,Month-to-month,No,Mailed check,No,1,Yes,Yes,No
CUST00019,40.0,Female,3,117.9,4175.72,One year,DSL,Electronic check,No,3,Yes,No,No
CUST00020,33.0,Female,7,69.43,5959.31,Two year,Fiber optic,Bank transfer,No,1,No,Yes,No
CUST00021,49.0,Female,3,113.68,4194.09,Two year,DSL,Electronic check,No,0,Yes,Yes,No
CUST00022,25.0,Female,1,20.13,255.27,One year,No,Credit card,No,4,Yes,Yes,No
CUST00023,33.0,Male,9,109.41,12069.54,Month-to-month,DSL,Credit card,Yes,2,Yes,Yes,No
CUST00024,37.0,Female,5,51.11,3112.56,Month-to-month,Fiber optic,Bank transfer,No,2,Yes,Yes,Yes
CUST00025,41.0,Female,1,51.16,657.34,Month-to-month,Fiber optic,Bank transfer,No,3,Yes,Yes,Yes
CUST00026,58.0,Female,2,42.82,952.37,Two year,Fiber optic,Bank transfer,No,1,Yes,Yes,Yes
CUST00027,28.0,Male,0,51.71,368.65,One year,Fiber optic,Mailed check,No,5,No,No,No
CUST00028,44.0,Female,4,41.36,2087.77,One year,Fiber optic,Mailed check,No,0,No,Yes,No
CUST00029,48.0,Male,8,110.57,10665.43,One year,Fiber optic,Mailed check,No,2,Yes,No,No
CUST00030,20.0,Female,1,109.89,1584.59,One year,DSL,Credit card,No,3,Yes,Yes,Yes
CUST00031,49.0,Male,6,30.24,2147.96,One year,DSL,Electronic check,No,2,No,Yes,No
CUST00032,27.0,Female,4,34.3,1552.27,Two year,DSL,Credit card,No,3,Yes,No,No
CUST00033,21.0,Male,1,106.19,1239.29,Month-to-month,No,Electronic check,No,4,Yes,No,Yes
CUST00034,66.0,Male,7,59.9,4853.15,Two year,Fiber optic,Electronic check,Yes,3,No,No,No
CUST00035,67.0,Male,10,36.94,4356.34,Month-to-month,DSL,Bank transfer,Yes,1,Yes,No,No
CUST00036,59.0,Female,5,71.07,4132.06,Two year,Fiber optic,Bank transfer,No,2,No,Yes,No
CUST00037,34.0,Male,3,61.67,2232.64,Two year,Fiber optic,Mailed check,No,4,No,Yes,No
CUST00038,23.0,Male,3,41.93,1622.57,Month-to-month,DSL,Bank transfer,No,2,Yes,Yes,No
CUST00039,53.0,Female,1,92.07,839.55,Month-to-month,Fiber optic,Credit card,No,3,No,No,Yes
CUST00040,40.0,Male,2,83.12,1863.64,Month-to-month,DSL,Credit card,No,2,No,Yes,Yes
CUST00041,24.0,Female,6,29.98,2243.17,Month-to-month,Fiber optic,Credit card,No,0,Yes,No,No
CUST00042,43.0,Female,2,,2958.18,Two year,Fiber optic,Bank transfer,No,0,Yes,No,No
CUST00043,20.0,Female,4,75.84,3792.92,Month-to-month,DSL,Bank transfer,No,5,Yes,Yes,No
CUST00044,64.0,Male,9,45.03,4753.0,Month-to-month,No,Electronic check,No,2,No,No,Yes
CUST00045,31.0,Female,5,40.64,2473.59,One year,DSL,Electronic check,Yes,0,Yes,No,No
CUST00046,52.0,Male,5,33.61,1956.7,One year,DSL,Bank transfer,Yes,4,No,No,Yes
CUST00047,34.0,Male,3,62.47,2305.41,Month-to-month,No,Credit card,No,2,No,Yes,No
CUST00048,45.0,Male,5,33.57,1999.52,One year,DSL,Bank transfer,No,3,No,Yes,No
CUST00049,46.0,Female,2,61.59,1528.17,Two year,DSL,Mailed check,No,0,Yes,Yes,Yes
CUST00050,27.0,Male,6,34.89,2497.27,Month-to-month,DSL,Mailed check,No,4,Yes,No,Yes
CUST00051,67.0,Female,6,85.67,6378.14,One year,Fiber optic,Credit card,No,2,Yes,Yes,Yes
CUST00052,58.0,Female,3,98.51,3265.88,Two year,DSL,Mailed check,No,3,No,Yes,No
CUST00053,66.0,Male,1,74.95,760.7,Month-to-month,Fiber optic,Bank transfer,No,0,Yes,Yes,No
CUST00054,64.0,Male,10,88.0,10735.64,Two year,DSL,Bank transfer,Yes,1,No,Yes,Yes
CUST00055,48.0,Female,6,113.82,8356.75,Two year,DSL,Electronic check,No,1,Yes,No,No
CUST00056,65.0,Female,2,83.83,1854.17,Two year,Fiber optic,Mailed check,No,5,Yes,Yes,Yes
CUST00057,23.0,Female,0,56.42,210.37,One year,DSL,Mailed check,No,1,No,No,No
CUST00058,28.0,Male,1,64.95,705.85,Two year,Fiber optic,Mailed check,No,3,No,No,No
CUST00059,20.0,Male,9,106.04,11440.58,Two year,Fiber optic,Mailed check,No,0,Yes,Yes,Yes
CUST00060,,Male,8,33.09,3086.39,Two year,No,Credit card,No,1,No,No,No
CUST00061,38.0,Male,7,52.58,,One year,DSL,Credit card,No,1,No,No,No
CUST00062,32.0,Male,5,77.72,4673.27,Month-to-month,Fiber optic,Bank transfer,Yes,3,No,No,No
CUST00063,60.0,Female,5,87.63,5478.47,Month-to-month,DSL,Mailed check,No,3,Yes,Yes,No
CUST00064,36.0,Male,0,96.34,477.29,Month-to-month,No,Electronic check,No,5,No,Yes,No
CUST00065,32.0,Male,1,51.83,481.64,Month-to-month,No,Bank transfer,No,4,Yes,No,Yes
CUST00066,46.0,Female,3,34.6,1322.7,One year,No,Bank transfer,No,0,Yes,No,No
CUST00067,25.0,Female,2,115.47,2528.43,Two year,DSL,Credit card,No,3,No,No,No
CUST00068,59.0,Male,0,27.66,138.66,Two year,DSL,Bank transfer,No,2,No,No,No
CUST00069,22.0,Female,7,29.6,2479.79,Two year,Fiber optic,Electronic check,No,4,Yes,No,Yes
CUST00070,68.0,Male,6,69.49,5000.24,Two year,DSL,Mailed check,Yes,0,Yes,No,No
CUST00071,57.0,Male,3,101.91,3377.53,Two year,Fiber optic,Bank transfer,No,3,No,Yes,No
CUST00072,28.0,Male,8,97.44,9369.82,Two year,DSL,Electronic check,No,1,No,Yes,Yes
CUST00073,18.0,Female,10,113.75,13361.61,Month-to-month,Fiber optic,Credit card,No,1,No,No,No
CUST00074,60.0,Male,3,34.17,1194.78,Month-to-month,No,Credit card,No,0,Yes,No,No
CUST00075,54.0,Male,0,57.58,509.73,One year,DSL,Mailed check,No,0,Yes,No,No
CUST00076,55.0,Male,9,48.22,5144.53,Month-to-month,Fiber optic,Bank transfer,No,2,Yes,No,Yes
CUST00077,57.0,Female,0,106.07,835.56,Two year,DSL,Electronic check,No,3,Yes,Yes,No
CUST00078,22.0,Male,0,68.84,417.28,Month-to-month,DSL,Credit card,No,3,No,No,No
CUST00079,36.0,Male,0,22.7,95.68,Month-to-month,DSL,Electronic check,No,1,No,Yes,Yes
CUST00080,24.0,Male,3,90.79,3389.27,Month-to-month,DSL,Credit card,No,1,Yes,No,No
CUST00081,62.0,Male,0,58.87,372.72,One year,DSL,Credit card,No,1,Yes,Yes,Yes
CUST00082,50.0,Female,1,73.11,891.85,One year,Fiber optic,Mailed check,No,4,Yes,Yes,No
CUST00083,35.0,Female,3,109.36,3628.6,Two year,Fiber optic,Electronic check,No,0,Yes,No,No
CUST00084,21.0,Male,6,45.68,3243.67,Month-to-month,DSL,Electronic check,No,2,No,Yes,No
CUST00085,34.0,Male,1,44.04,590.46,One year,No,Electronic check,Yes,0,No,No,No
CUST00086,35.0,Male,7,46.33,3973.92,Two year,No,Credit card,No,2,No,No,Yes
CUST00087,55.0,Male,6,53.82,3976.5,Two year,Fiber optic,Mailed check,Yes,0,Yes,No,Yes
CUST00088,51.0,Male,8,30.75,2866.75,Month-to-month,Fiber optic,Electronic check,No,0,Yes,No,No
CUST00089,63.0,Female,5,89.71,5201.29,Month-to-month,DSL,Bank transfer,No,1,Yes,No,No
CUST00090,42.0,Female,3,40.75,1585.78,Month-to-month,Fiber optic,Electronic check,No,1,No,No,No
CUST00091,24.0,Female,5,112.6,6523.08,Two year,No,Credit card,No,1,Yes,Yes,Yes
CUST00092,54.0,Female,3,41.58,1425.28,Month-to-month,DSL,Mailed check,No,2,No,Yes,Yes
CUST00093,57.0,Female,6,45.57,3364.08,Month-to-month,Fiber optic,Electronic check,No,0,No,No,Yes
CUST00094,47.0,Female,8,49.71,4740.39,Month-to-month,DSL,Electronic check,No,0,No,No,Yes
CUST00095,57.0,Male,2,96.84,2101.29,Two year,Fiber optic,Electronic check,No,1,Yes,No,No
CUST00096,43.0,Female,2,62.76,1365.14,One year,DSL,Bank transfer,No,4,Yes,No,No
CUST00097,45.0,Male,1,101.92,968.52,One year,Fiber optic,Credit card,No,2,No,No,No
CUST00098,40.0,Male,0,98.47,402.17,One year,Fiber optic,Bank transfer,No,3,Yes,Yes,No
CUST00099,19.0,Female,0,112.93,675.55,Month-to-month,DSL,Bank transfer,No,1,No,No,No
CUST00100,24.0,Male,2,95.65,2017.3,Month-to-month,DSL,Credit card,No,1,No,No,No
CUST00101,20.0,Male,6,25.21,1757.14,Month-to-month,No,Credit card,No,0,Yes,Yes,No
CUST00102,50.0,Female,10,103.71,12699.1,Month-to-month,Fiber optic,Electronic check,No,2,No,Yes,No
CUST00103,34.0,Male,8,113.79,11180.92,Two year,Fiber optic,Credit card,No,2,No,Yes,No
CUST00104,44.0,Male,1,119.35,1670.71,One year,Fiber optic,Electronic check,No,4,No,No,Yes
CUST00105,64.0,Female,6,32.54,2383.28,Two year,No,Bank transfer,No,4,No,Yes,Yes
CUST00106,31.0,Female,0,81.32,566.75,Month-to-month,DSL,Electronic check,No,2,Yes,Yes,No
CUST00107,39.0,Female,1,39.96,425.68,Month-to-month,No,Credit card,No,2,Yes,Yes,No
CUST00108,57.0,Male,5,46.26,2729.83,Month-to-month,DSL,Electronic check,No,1,Yes,Yes,No
CUST00109,30.0,Male,10,94.55,11195.96,One year,DSL,Bank transfer,No,1,No,No,Yes
CUST00110,22.0,Female,4,117.75,5991.22,Month-to-month,Fiber optic,Credit card,Yes,4,Yes,No,No
CUST00111,33.0,Female,7,79.48,6740.52,Month-to-month,No,Credit card,Yes,0,Yes,No,No
CUST00112,26.0,Female,10,105.04,12898.89,Two year,DSL,Mailed check,No,6,Yes,Yes,No
CUST00113,65.0,Male,1,20.91,222.27,Two year,Fiber optic,Electronic check,No,2,Yes,Yes,Yes
CUST00114,59.0,Male,0,23.68,159.31,Month-to-month,Fiber optic,Electronic check,No,2,Yes,Yes,No
CUST00115,50.0,Female,6,79.67,5859.92,Month-to-month,DSL,Electronic check,No,1,No,Yes,No
CUST00116,62.0,Male,5,58.9,3390.94,Month-to-month,No,Bank transfer,No,3,Yes,Yes,No
CUST00117,59.0,Female,7,108.96,9261.81,Two year,Fiber optic,Bank transfer,No,2,No,Yes,No
CUST00118,28.0,Male,10,50.21,5925.05,Month-to-month,No,Credit card,No,1,No,No,No
CUST00119,64.0,Female,7,63.21,5244.26,One year,Fiber optic,Credit card,No,1,No,Yes,Yes
CUST00120,46.0,Female,1,72.79,967.88,One year,DSL,Bank transfer,Yes,0,Yes,Yes,Yes
CUST00121,59.0,Female,7,47.31,,Month-to-month,Fiber optic,Electronic check,No,2,No,No,No
CUST00122,64.0,Male,5,110.83,6930.06,Month-to-month,Fiber optic,Electronic check,No,1,Yes,No,Yes
CUST00123,34.0,Female,8,66.45,6276.47,Month-to-month,Fiber optic,Bank transfer,No,3,No,No,No
CUST00124,24.0,Female,6,62.42,4364.48,Month-to-month,DSL,Electronic check,No,3,Yes,No,No
CUST00125,30.0,Male,1,104.96,1156.99,Month-to-month,Fiber optic,Bank transfer,No,1,No,Yes,Yes
CUST00126,40.0,Female,7,51.21,4409.37,One year,No,Electronic check,No,3,Yes,No,No
CUST00127,60.0,Female,8,101.73,9978.52,One year,Fiber optic,Electronic check,Yes,1,Yes,Yes,No
CUST00128,62.0,Female,6,32.24,2296.17,Month-to-month,DSL,Mailed check,No,3,No,No,No
CUST00129,18.0,Female,3,38.29,1449.68,One year,No,Credit card,No,0,Yes,Yes,No
CUST00130,44.0,Male,8,115.07,10754.86,Month-to-month,Fiber optic,Electronic check,Yes,1,No,Yes,Yes
CUST00131,39.0,Male,3,104.23,3444.38,One year,Fiber optic,Electronic check,No,1,Yes,Yes,Yes
CUST00132,29.0,Male,3,58.79,2245.29,Two year,DSL,Bank transfer,No,3,No,Yes,No
CUST00133,24.0,Female,8,83.84,8236.82,Two year,Fiber optic,Mailed check,No,0,No,Yes,No
CUST00134,35.0,Female,7,114.28,9354.95,Month-to-month,No,Mailed check,No,1,Yes,Yes,Yes
CUST00135,66.0,Female,3,41.2,1433.11,One year,DSL,Bank transfer,No,1,No,No,No
CUST00136,34.0,Male,7,25.92,2231.69,Two year,DSL,Bank transfer,No,0,Yes,Yes,No
CUST00137,44.0,Male,7,73.75,6010.43,Month-to-month,DSL,Bank transfer,No,3,Yes,No,Yes
CUST00138,54.0,Female,6,34.27,2542.39,One year,DSL,Electronic check,No,2,Yes,Yes,Yes
CUST00139,37.0,Male,9,38.74,4201.76,Two year,Fiber optic,Bank transfer,No,4,Yes,Yes,No
CUST00140,68.0,Male,5,109.14,6651.29,Month-to-month,DSL,Credit card,No,0,Yes,Yes,No
CUST00141,67.0,Female,7,20.76,1755.65,One year,DSL,Bank transfer,Yes,1,No,No,No
CUST00142,31.0,Male,6,101.67,7370.54,One year,No,Electronic check,No,3,Yes,No,Yes
CUST00143,43.0,Male,4,71.69,3305.86,Month-to-month,Fiber optic,Credit card,No,3,Yes,No,Yes
CUST00144,33.0,Male,3,75.93,2613.13,Month-to-month,DSL,Electronic check,No,1,Yes,Yes,Yes
CUST00145,33.0,Male,1,87.17,1087.91,Month-to-month,Fiber optic,Credit card,Yes,2,Yes,No,No
CUST00146,20.0,Female,10,63.15,7540.31,Month-to-month,DSL,Credit card,No,3,Yes,Yes,Yes
CUST00147,49.0,Male,7,31.58,2660.25,Month-to-month,DSL,Credit card,No,0,No,Yes,No
CUST00148,44.0,Male,8,30.3,2863.76,Month-to-month,Fiber optic,Electronic check,No,3,No,Yes,Yes
CUST00149,21.0,Male,3,95.43,3414.62,Month-to-month,Fiber optic,Credit card,No,1,No,Yes,No
CUST00150,32.0,Female,3,42.11,1426.02,One year,No,Mailed check,No,5,Yes,Yes,Yes
CUST00151,64.0,Male,4,22.83,1032.57,Month-to-month,Fiber optic,Mailed check,No,2,No,No,No
CUST00152,30.0,Female,1,117.94,1734.54,Month-to-month,No,Electronic check,Yes,0,Yes,No,No
CUST00153,25.0,Male,6,118.02,8655.39,Month-to-month,No,Mailed check,Yes,2,Yes,Yes,No
CUST00154,43.0,Male,4,57.82,2774.64,Month-to-month,Fiber optic,Credit card,No,6,Yes,No,No
CUST00155,68.0,Male,5,22.57,1361.19,Month-to-month,No,Bank transfer,Yes,3,Yes,No,No
CUST00156,30.0,Female,3,92.72,3344.04,Month-to-month,Fiber optic,Bank transfer,No,1,No,No,No
CUST00157,52.0,Female,7,103.09,8906.06,One year,DSL,Credit card,No,2,No,No,No
CUST00158,57.0,Male,7,32.52,2784.76,Month-to-month,DSL,Mailed check,Yes,2,Yes,Yes,No
CUST00159,30.0,Female,4,33.56,1575.69,Month-to-month,DSL,Credit card,No,0,Yes,No,No
CUST00160,55.0,Female,5,102.21,5959.75,Two year,No,Bank transfer,No,1,Yes,No,No
CUST00161,37.0,Male,2,112.17,2400.43,One year,Fiber optic,Bank transfer,Yes,2,Yes,Yes,No
CUST00162,50.0,Female,0,99.06,385.03,One year,Fiber optic,Electronic check,No,2,No,Yes,No
CUST00163,50.0,Male,8,40.09,3845.91,Two year,DSL,Bank transfer,No,1,Yes,No,No
CUST00164,45.0,Female,8,61.16,5761.81,Month-to-month,Fiber optic,Electronic check,No,3,No,No,Yes
CUST00165,23.0,Female,2,80.08,1831.78,Two year,DSL,Mailed check,No,2,Yes,No,No
CUST00166,61.0,Female,3,36.04,1218.25,Two year,No,Credit card,Yes,1,No,Yes,No
CUST00167,34.0,Female,6,41.07,3061.37,Month-to-month,No,Electronic check,No,1,No,No,No
CUST00168,28.0,Male,1,48.3,444.45,Two year,Fiber optic,Credit card,Yes,2,Yes,No,Yes
CUST00169,20.0,Female,2,70.95,1639.74,Two year,DSL,Electronic check,Yes,3,Yes,No,No
CUST00170,48.0,Male,5,71.08,4161.66,Two year,DSL,Mailed check,No,3,Yes,Yes,Yes
CUST00171,53.0,Male,10,101.42,11870.83,One year,DSL,Mailed check,No,1,Yes,No,No
CUST00172,19.0,Female,7,95.29,8249.48,One year,DSL,Electronic check,No,2,No,Yes,Yes
CUST00173,44.0,Female,0,111.36,543.61,Month-to-month,No,Electronic check,No,4,Yes,Yes,Yes
CUST00174,30.0,Female,3,103.28,3719.38,One year,DSL,Mailed check,No,1,Yes,Yes,No
CUST00175,51.0,Male,0,45.4,294.89,Month-to-month,Fiber optic,Credit card,Yes,1,Yes,No,No
CUST00176,27.0,Female,1,53.14,672.86,Month-to-month,Fiber optic,Mailed check,No,3,Yes,Yes,Yes
CUST00177,53.0,Female,7,70.04,5866.85,Two year,Fiber optic,Credit card,Yes,1,No,Yes,Yes
CUST00178,38.0,Male,5,21.45,1298.87,Month-to-month,DSL,Electronic check,No,1,No,No,No
CUST00179,66.0,Male,8,110.37,10762.64,Two year,No,Credit card,No,0,Yes,Yes,Yes
CUST00180,25.0,Male,1,24.45,359.76,Month-to-month,Fiber optic,Electronic check,No,1,No,No,No
CUST00181,35.0,Male,2,52.25,1303.26,Month-to-month,Fiber optic,Credit card,No,2,Yes,Yes,No
CUST00182,24.0,Female,8,76.91,7366.38,One year,DSL,Electronic check,Yes,0,No,No,No
CUST00183,65.0,Female,8,71.78,6867.35,Month-to-month,No,Bank transfer,No,4,Yes,Yes,No
CUST00184,63.0,Female,5,85.44,5233.97,Two year,DSL,Bank transfer,No,2,No,No,No
CUST00185,31.0,Female,2,72.75,1801.47,Month-to-month,Fiber optic,Mailed check,No,2,Yes,No,No
CUST00186,52.0,Male,4,42.91,2039.23,Month-to-month,Fiber optic,Mailed check,No,1,Yes,Yes,Yes
CUST00187,60.0,Female,1,40.12,441.93,Month-to-month,DSL,Electronic check,No,3,No,Yes,Yes
CUST00188,46.0,Male,6,110.71,8298.58,Month-to-month,DSL,Credit card,No,2,No,Yes,No
CUST00189,45.0,Female,9,46.41,5086.15,Month-to-month,No,Electronic check,No,3,No,Yes,No
CUST00190,30.0,Male,10,48.11,5688.14,One year,DSL,Bank transfer,No,3,No,Yes,Yes
CUST00191,23.0,Female,7,61.3,5072.66,One year,Fiber optic,Bank transfer,No,3,No,Yes,Yes
CUST00192,64.0,Male,5,33.96,2117.71,Month-to-month,Fiber optic,Electronic check,Yes,2,Yes,No,No
CUST00193,64.0,Male,7,70.73,6009.32,Month-to-month,DSL,Bank transfer,No,3,No,No,No
CUST00194,50.0,Female,1,86.5,939.74,Two year,DSL,Mailed check,No,2,No,No,Yes
CUST00195,35.0,Male,2,98.59,2285.8,One year,DSL,Electronic check,No,0,Yes,Yes,No
CUST00196,36.0,Female,6,91.14,6495.65,Month-to-month,Fiber optic,Mailed check,No,0,Yes,No,No
CUST00197,55.0,Male,9,34.78,3690.53,One year,Fiber optic,Mailed check,No,5,No,No,No
CUST00198,,Female,0,65.61,398.05,Two year,No,Mailed check,No,1,Yes,Yes,No
CUST00199,63.0,Male,6,23.88,1757.2,Two year,Fiber optic,Bank transfer,Yes,3,Yes,No,Yes
CUST00200,58.0,Male,5,21.8,1316.32,Two year,No,Credit card,No,1,No,Yes,Yes
CUST00201,51.0,Male,7,64.02,5437.19,Month-to-month,DSL,Credit card,No,2,Yes,Yes,No
CUST00202,22.0,Male,6,45.31,3287.96,Month-to-month,Fiber optic,Credit card,No,3,Yes,Yes,No
CUST00203,26.0,Male,3,88.33,2946.06,Month-to-month,DSL,Mailed check,No,1,Yes,No,No
CUST00204,64.0,Male,2,92.42,2044.99,Two year,DSL,Electronic check,Yes,3,No,No,No
CUST00205,49.0,Male,2,109.52,2530.25,Month-to-month,Fiber optic,Mailed check,No,3,Yes,Yes,No
CUST00206,18.0,Male,3,96.06,3682.42,One year,Fiber optic,Mailed check,No,2,No,Yes,Yes
CUST00207,23.0,Female,8,24.84,2362.33,Two year,DSL,Electronic check,No,2,No,Yes,No
CUST00208,52.0,Female,8,57.17,5428.77,One year,Fiber optic,Credit card,Yes,0,Yes,Yes,No
CUST00209,18.0,Male,1,47.31,448.68,Month-to-month,Fiber optic,Credit card,No,2,No,No,Yes
CUST00210,26.0,Female,4,58.62,2979.69,Month-to-month,No,Credit card,No,0,No,Yes,Yes
CUST00211,46.0,Female,0,36.02,276.33,Month-to-month,DSL,Mailed check,No,1,Yes,Yes,Yes
CUST00212,53.0,Male,3,29.79,1119.84,Month-to-month,DSL,Mailed check,No,4,Yes,Yes,Yes
CUST00213,51.0,Female,1,72.1,814.86,Month-to-month,Fiber optic,Bank transfer,No,2,No,No,No
CUST00214,29.0,Male,7,92.03,7497.65,Two year,Fiber optic,Credit card,No,3,Yes,Yes,No
CUST00215,54.0,Female,3,90.18,3118.63,Two year,Fiber optic,Mailed check,No,2,Yes,Yes,No
CUST00216,30.0,Male,4,65.1,3262.46,One year,Fiber optic,Bank transfer,No,1,Yes,No,No
CUST00217,35.0,Female,10,72.23,8528.69,One year,No,Mailed check,No,2,No,No,No
CUST00218,56.0,Female,3,71.63,2748.21,One year,Fiber optic,Mailed check,No,3,Yes,No,Yes
CUST00219,51.0,Male,4,89.15,4298.29,Month-to-month,Fiber optic,Credit card,No,0,No,Yes,Yes
CUST00220,61.0,Male,4,24.81,1222.85,Month-to-month,Fiber optic,Electronic check,No,3,Yes,Yes,No
CUST00221,52.0,Female,4,90.98,4341.79,Month-to-month,No,Mailed check,No,2,Yes,No,Yes
CUST00222,47.0,Male,10,78.22,9588.9,Two year,DSL,Mailed check,No,0,No,No,Yes
CUST00223,23.0,Female,2,39.82,893.55,Two year,Fiber optic,Mailed check,Yes,2,Yes,No,No
CUST00224,37.0,Female,6,24.92,1805.35,Month-to-month,Fiber optic,Credit card,No,1,Yes,No,No
CUST00225,32.0,Female,2,30.87,661.04,Month-to-month,DSL,Mailed check,No,1,Yes,Yes,No
CUST00226,30.0,Female,1,72.47,861.11,Month-to-month,Fiber optic,Bank transfer,No,3,Yes,Yes,Yes
CUST00227,68.0,Female,2,95.83,2571.74,Month-to-month,DSL,Credit card,No,4,Yes,Yes,Yes
CUST00228,38.0,Female,10,53.47,6284.54,One year,DSL,Bank transfer,No,3,Yes,Yes,No
CUST00229,63.0,Male,2,57.92,1392.35,Two year,No,Credit card,No,3,Yes,No,No
CUST00230,50.0,Male,7,113.4,9594.98,Two year,DSL,Mailed check,No,4,Yes,No,No
CUST00231,59.0,Male,3,41.31,1594.28,One year,Fiber optic,Mailed check,No,4,Yes,Yes,No
CUST00232,44.0,Female,2,30.39,692.44,Month-to-month,DSL,Bank transfer,Yes,0,No,Yes,No
CUST00233,47.0,Female,9,54.35,5870.46,Two year,Fiber optic,Bank transfer,No,2,Yes,No,No
CUST00234,43.0,Male,4,94.58,4816.43,Two year,DSL,Credit card,No,0,No,Yes,No
CUST00235,28.0,Female,3,82.6,3107.03,Month-to-month,Fiber optic,Credit card,No,2,No,No,No
CUST00236,55.0,Male,8,61.58,6026.66,Month-to-month,No,Electronic check,No,4,Yes,Yes,Yes
CUST00237,32.0,Male,7,116.46,9978.36,Two year,DSL,Electronic check,Yes,1,Yes,Yes,No
CUST00238,19.0,Female,10,93.49,11227.37,Month-to-month,DSL,Electronic check,No,2,Yes,No,Yes
CUST00239,51.0,Male,6,26.2,1876.34,One year,Fiber optic,Mailed check,No,2,No,No,No
CUST00240,27.0,Female,7,94.45,7795.13,Month-to-month,DSL,Bank transfer,No,1,No,No,No
CUST00241,66.0,Male,4,22.42,1071.72,Two year,DSL,Bank transfer,Yes,1,Yes,No,Yes
CUST00242,67.0,Female,3,85.03,2816.33,One year,DSL,Electronic check,Yes,2,Yes,No,Yes
CUST00243,65.0,Female,6,41.06,2857.05,One year,Fiber optic,Electronic check,No,1,Yes,Yes,No
CUST00244,37.0,Male,0,89.64,423.4,Two year,No,Credit card,No,2,No,Yes,No
CUST00245,19.0,Female,5,50.99,3008.24,Two year,Fiber optic,Electronic check,No,2,Yes,Yes,No
CUST00246,65.0,Female,7,107.29,9145.58,Two year,Fiber optic,Bank transfer,No,2,Yes,Yes,No
CUST00247,40.0,Male,6,53.7,3760.44,Month-to-month,DSL,Credit card,No,0,No,No,Yes
CUST00248,67.0,Male,1,81.96,1129.04,Month-to-month,No,Electronic check,No,2,No,Yes,No
CUST00249,67.0,Female,6,,3587.01,Month-to-month,DSL,Mailed check,Yes,0,Yes,Yes,No
CUST00250,62.0,Male,5,111.71,6760.66,Month-to-month,No,Electronic check,No,4,No,Yes,No
CUST00251,33.0,Male,4,98.09,4703.24,Two year,DSL,Mailed check,No,1,No,No,Yes
CUST00252,38.0,Male,3,44.34,1587.59,Two year,No,Electronic check,Yes,4,No,Yes,No
CUST00253,61.0,Male,0,114.86,634.41,One year,Fiber optic,Credit card,Yes,3,No,Yes,No
CUST00254,34.0,Female,1,55.72,531.11,Month-to-month,DSL,Mailed check,No,3,No,Yes,No
CUST00255,27.0,Male,6,85.18,6212.43,Month-to-month,No,Mailed check,Yes,1,No,No,No
CUST00256,46.0,Male,9,94.28,10225.49,Month-to-month,DSL,Credit card,No,1,No,Yes,No
CUST00257,66.0,Male,2,22.31,470.61,Month-to-month,Fiber optic,Mailed check,No,2,Yes,No,Yes
CUST00258,53.0,Male,4,115.88,5355.46,One year,No,Credit card,No,0,No,No,No
CUST00259,47.0,Female,7,54.45,4553.03,One year,DSL,Electronic check,No,4,No,No,Yes
CUST00260,23.0,Male,7,38.99,3369.07,Two year,DSL,Credit card,No,1,No,Yes,Yes
CUST00261,49.0,Female,5,105.06,6612.45,Month-to-month,Fiber optic,Credit card,Yes,7,Yes,Yes,No
CUST00262,68.0,Male,4,90.28,4469.67,Month-to-month,Fiber optic,Credit card,No,3,No,Yes,No
CUST00263,25.0,Male,1,28.69,387.21,Two year,No,Credit card,No,0,No,No,Yes
CUST00264,44.0,Female,8,31.72,3028.97,One year,Fiber optic,Bank transfer,No,3,No,Yes,No
CUST00265,63.0,Male,0,91.51,,Month-to-month,DSL,Mailed check,No,1,Yes,No,Yes
CUST00266,56.0,Female,10,27.5,3255.36,Month-to-month,No,Electronic check,No,1,Yes,Yes,No
CUST00267,54.0,Female,1,111.7,1500.02,Two year,No,Credit card,No,1,No,Yes,No
CUST00268,54.0,Male,0,94.14,316.2,Two year,DSL,Bank transfer,No,4,Yes,No,No
CUST00269,36.0,Male,3,53.56,1901.42,Two year,DSL,Bank transfer,No,2,No,No,Yes
CUST00270,33.0,Female,3,56.3,2138.71,Month-to-month,Fiber optic,Electronic check,No,3,No,No,Yes
CUST00271,59.0,Male,4,70.65,3594.58,Two year,No,Mailed check,Yes,1,Yes,Yes,Yes
CUST00272,59.0,Male,4,56.1,2759.08,One year,DSL,Electronic check,No,2,Yes,Yes,Yes
CUST00273,62.0,Male,7,98.34,8081.57,Month-to-month,No,Credit card,No,1,Yes,No,Yes
CUST00274,65.0,Male,10,117.45,14144.65,Two year,No,Mailed check,Yes,1,No,No,No
CUST00275,44.0,Female,10,78.45,9442.34,One year,DSL,Mailed check,Yes,1,Yes,Yes,Yes
CUST00276,44.0,Male,2,64.61,1731.09,Two year,Fiber optic,Electronic check,No,2,No,Yes,Yes
CUST00277,59.0,Male,5,42.29,2623.63,Two year,DSL,Electronic check,No,3,No,Yes,No
CUST00278,51.0,Female,2,85.34,1817.18,Month-to-month,DSL,Mailed check,No,1,Yes,Yes,No
CUST00279,54.0,Male,1,88.55,913.89,One year,Fiber optic,Electronic check,No,6,Yes,No,Yes
CUST00280,59.0,Male,7,88.51,7616.56,Month-to-month,Fiber optic,Mailed check,No,0,No,Yes,No
CUST00281,63.0,Female,0,22.72,200.7,Two year,Fiber optic,Electronic check,No,2,Yes,Yes,No
CUST00282,35.0,Male,8,109.9,10414.65,One year,No,Mailed check,No,0,Yes,Yes,No
CUST00283,37.0,Female,10,53.82,6519.64,Two year,DSL,Credit card,No,0,Yes,No,No
CUST00284,23.0,Female,6,94.41,6688.42,Month-to-month,Fiber optic,Bank transfer,Yes,4,No,Yes,No
CUST00285,47.0,Male,9,95.97,10100.55,One year,No,Electronic check,No,3,Yes,Yes,No
CUST00286,20.0,Female,10,85.05,10374.07,Month-to-month,DSL,Mailed check,No,3,Yes,No,No
CUST00287,42.0,Male,3,59.49,2226.93,Month-to-month,Fiber optic,Bank transfer,No,4,No,Yes,No
CUST00288,46.0,Male,2,80.83,1723.37,Two year,Fiber optic,Bank transfer,Yes,3,No,No,No
CUST00289,33.0,Female,5,24.04,1391.16,Month-to-month,No,Bank transfer,Yes,2,No,No,Yes
CUST00290,48.0,Female,8,96.18,9521.46,Month-to-month,Fiber optic,Electronic check,No,3,Yes,No,Yes
CUST00291,20.0,Male,8,29.97,2904.7,Month-to-month,Fiber optic,Electronic check,No,1,Yes,No,No
CUST00292,20.0,Female,3,59.68,2256.03,Month-to-month,No,Credit card,No,2,No,No,No
CUST00293,60.0,Female,9,30.38,3260.5,Month-to-month,DSL,Electronic check,No,3,No,No,Yes
CUST00294,36.0,Female,4,103.69,4988.66,Two year,Fiber optic,Electronic check,No,0,Yes,Yes,Yes
CUST00295,24.0,Female,10,75.03,9057.35,One year,Fiber optic,Electronic check,No,4,Yes,Yes,No
CUST00296,45.0,Male,8,89.09,8716.01,Month-to-month,DSL,Bank transfer,No,1,No,No,Yes
CUST00297,57.0,Male,1,88.25,973.71,Month-to-month,Fiber optic,Credit card,No,4,No,No,Yes
CUST00298,29.0,Female,1,104.15,1357.41,Month-to-month,DSL,Bank transfer,No,1,Yes,Yes,No
CUST00299,50.0,Male,4,33.27,1652.07,One year,No,Credit card,No,1,No,Yes,No
CUST00300,22.0,Female,0,85.97,673.19,Month-to-month,No,Electronic check,No,0,No,Yes,Yes
CUST00301,21.0,Male,7,77.51,6510.52,Month-to-month,DSL,Mailed check,Yes,4,Yes,Yes,No
CUST00302,45.0,Male,4,23.11,1105.51,Month-to-month,DSL,Electronic check,No,1,Yes,Yes,No
CUST00303,46.0,Male,9,40.15,4241.38,Month-to-month,Fiber optic,Bank transfer,No,2,Yes,Yes,No
CUST00304,51.0,Female,1,46.77,560.56,Two year,DSL,Bank transfer,No,2,No,No,No
CUST00305,55.0,Male,8,27.27,,Month-to-month,Fiber optic,Bank transfer,No,1,Yes,No,No
CUST00306,68.0,Female,1,55.48,805.73,Month-to-month,DSL,Credit card,No,7,No,Yes,No
CUST00307,44.0,Male,6,22.74,1586.08,Month-to-month,DSL,Bank transfer,No,0,No,Yes,No
CUST00308,34.0,Male,7,75.32,6538.45,Two year,DSL,Mailed check,No,2,Yes,No,No
CUST00309,59.0,Male,5,41.16,2404.02,Two year,DSL,Mailed check,No,2,No,Yes,No
CUST00310,32.0,Female,10,48.71,5750.33,Month-to-month,Fiber optic,Electronic check,Yes,1,Yes,No,No
CUST00311,40.0,Male,6,111.03,7737.41,Month-to-month,Fiber optic,Credit card,Yes,1,No,Yes,No
CUST00312,22.0,Male,10,70.28,8640.47,Two year,Fiber optic,Credit card,Yes,3,No,No,No
CUST00313,19.0,Male,0,46.91,298.64,Month-to-month,Fiber optic,Electronic check,Yes,4,No,Yes,No
CUST00314,67.0,Male,3,79.84,2764.43,Two year,Fiber optic,Bank transfer,No,0,Yes,No,Yes
CUST00315,61.0,Female,6,40.18,2848.91,Month-to-month,DSL,Bank transfer,No,1,Yes,Yes,Yes
CUST00316,53.0,Female,0,27.46,238.92,Month-to-month,DSL,Electronic check,Yes,7,No,No,Yes
CUST00317,39.0,Male,0,22.11,185.72,One year,DSL,Electronic check,No,0,Yes,Yes,No
CUST00318,27.0,Female,10,115.13,13712.55,One year,Fiber optic,Electronic check,No,2,Yes,Yes,No
CUST00319,26.0,Female,5,92.45,5305.04,Two year,Fiber optic,Electronic check,No,2,No,No,No
CUST00320,31.0,Male,3,99.98,3799.46,Two year,Fiber optic,Credit card,No,1,Yes,No,No
CUST00321,46.0,Female,2,118.07,3127.33,Month-to-month,Fiber optic,Credit card,No,3,Yes,Yes,No
CUST00322,54.0,Female,4,113.15,5660.13,One year,DSL,Bank transfer,No,5,Yes,No,Yes
CUST00323,52.0,Male,8,93.68,9225.59,Two year,No,Credit card,No,2,Yes,Yes,No
CUST00324,32.0,Male,9,89.39,9694.93,One year,No,Credit card,No,3,Yes,No,No
CUST00325,67.0,Female,9,53.69,5908.11,Month-to-month,DSL,Credit card,Yes,2,No,No,No
CUST00326,56.0,Female,10,30.42,3731.12,Month-to-month,Fiber optic,Electronic check,No,2,Yes,No,No
CUST00327,46.0,Male,9,77.37,8536.88,Month-to-month,Fiber optic,Credit card,No,0,No,No,No
CUST00328,49.0,Male,2,77.62,1903.54,Two year,Fiber optic,Bank transfer,No,3,No,Yes,Yes
CUST00329,39.0,Male,4,115.21,5700.28,Month-to-month,No,Credit card,No,1,No,Yes,No
CUST00330,31.0,Female,9,64.26,7025.34,Month-to-month,Fiber optic,Electronic check,No,1,No,Yes,No
CUST00331,36.0,Female,4,89.07,4437.43,Two year,Fiber optic,Credit card,Yes,5,Yes,Yes,No
CUST00332,57.0,Female,8,,7313.35,Month-to-month,Fiber optic,Mailed check,No,3,Yes,No,No
CUST00333,19.0,Male,10,37.69,4410.1,One year,DSL,Bank transfer,No,6,Yes,Yes,No
CUST00334,24.0,Female,9,79.2,8558.6,Two year,DSL,Credit card,No,1,No,No,No
CUST00335,20.0,Female,10,74.01,8999.13,Month-to-month,DSL,Bank transfer,No,3,Yes,No,No
CUST00336,20.0,Male,3,69.39,2341.99,Month-to-month,DSL,Electronic check,No,2,Yes,No,No
CUST00337,62.0,Male,0,71.34,442.09,One year,No,Bank transfer,No,7,No,Yes,No
CUST00338,54.0,Female,9,36.41,3891.97,Two year,Fiber optic,Mailed check,No,5,No,Yes,No
CUST00339,42.0,Female,4,66.35,3319.42,One year,No,Mailed check,No,6,No,Yes,Yes
CUST00340,,Male,0,80.56,290.14,Month-to-month,No,Bank transfer,No,5,Yes,Yes,Yes
CUST00341,43.0,Female,5,68.95,4280.63,Month-to-month,No,Electronic check,No,0,Yes,No,No
CUST00342,42.0,Male,9,68.87,7483.63,Two year,DSL,Bank transfer,No,3,Yes,No,Yes
CUST00343,27.0,Female,9,27.77,3068.9,Month-to-month,Fiber optic,Credit card,No,1,No,No,Yes
CUST00344,40.0,Female,6,39.09,2916.64,Two year,DSL,Credit card,Yes,3,No,No,No
CUST00345,38.0,Female,0,52.1,409.19,One year,No,Bank transfer,No,7,Yes,Yes,No
CUST00346,49.0,Female,9,61.94,6700.49,One year,No,Credit card,No,0,No,Yes,No
CUST00347,50.0,Female,3,79.39,2687.78,Two year,DSL,Credit card,No,2,Yes,No,No
CUST00348,,Male,8,106.32,,Month-to-month,DSL,Electronic check,No,3,No,No,Yes
CUST00349,37.0,Female,0,35.93,197.85,Month-to-month,Fiber optic,Bank transfer,No,1,Yes,No,No
CUST00350,50.0,Male,8,21.53,2096.29,One year,DSL,Credit card,No,1,No,Yes,No
CUST00351,44.0,Male,7,64.93,5471.24,Month-to-month,No,Bank transfer,No,0,No,Yes,No
CUST00352,62.0,Male,4,63.21,3010.82,One year,No,Bank transfer,No,0,Yes,Yes,No
CUST00353,52.0,Male,5,75.19,4501.15,Two year,Fiber optic,Credit card,No,3,No,Yes,Yes
CUST00354,26.0,Female,6,103.31,7587.92,Two year,Fiber optic,Electronic check,No,2,Yes,No,No
CUST00355,22.0,Male,3,100.22,3328.05,One year,Fiber optic,Electronic check,No,0,No,Yes,Yes
CUST00356,51.0,Female,5,30.02,1790.89,Two year,DSL,Mailed check,No,6,Yes,Yes,No
CUST00357,19.0,Female,6,113.38,8212.98,Month-to-month,No,Bank transfer,No,3,Yes,No,Yes
CUST00358,48.0,Male,10,31.06,3743.37,One year,No,Mailed check,No,2,Yes,Yes,Yes
CUST00359,66.0,Female,5,83.45,5066.53,Month-to-month,DSL,Electronic check,No,1,Yes,Yes,Yes
CUST00360,47.0,Male,10,87.23,10234.32,Month-to-month,DSL,Credit card,Yes,3,Yes,No,No
CUST00361,38.0,Male,5,87.98,5309.42,Month-to-month,DSL,Credit card,No,1,No,Yes,Yes
CUST00362,51.0,Female,1,46.54,572.65,Two year,No,Electronic check,No,3,No,No,No
CUST00363,41.0,Male,4,53.04,2658.91,Two year,DSL,Electronic check,No,3,No,Yes,No
CUST00364,46.0,Male,2,74.87,1913.6,One year,Fiber optic,Bank transfer,Yes,0,Yes,No,No
CUST00365,66.0,Female,6,39.97,2765.47,Month-to-month,DSL,Mailed check,No,4,No,No,Yes
CUST00366,38.0,Female,3,22.05,801.21,Month-to-month,No,Mailed check,No,2,No,Yes,No
CUST00367,67.0,Male,0,76.21,544.59,Two year,Fiber optic,Electronic check,No,1,No,No,Yes
CUST00368,64.0,Female,5,66.53,4023.75,One year,DSL,Bank transfer,Yes,5,Yes,No,No
CUST00369,28.0,Female,5,85.67,5230.67,One year,DSL,Credit card,No,2,No,Yes,No
CUST00370,22.0,Female,6,34.68,2417.49,Two year,DSL,Electronic check,No,3,Yes,Yes,No
CUST00371,23.0,Male,10,104.08,12282.91,One year,Fiber optic,Mailed check,Yes,3,No,No,No
CUST00372,19.0,Female,7,,2926.64,One year,Fiber optic,Bank transfer,No,1,Yes,No,No
CUST00373,23.0,Female,2,109.12,2815.71,Month-to-month,DSL,Bank transfer,No,8,Yes,Yes,No
CUST00374,53.0,Female,5,64.95,3712.51,Month-to-month,Fiber optic,Bank transfer,No,2,No,Yes,No
CUST00375,22.0,Female,9,74.98,8069.0,One year,DSL,Mailed check,No,1,Yes,No,Yes
CUST00376,34.0,Male,1,109.64,1639.41,Month-to-month,No,Bank transfer,No,4,Yes,No,No
CUST00377,61.0,Male,8,50.0,4879.66,One year,DSL,Credit card,No,2,Yes,No,No
CUST00378,19.0,Male,1,38.2,446.93,Month-to-month,No,Mailed check,No,3,Yes,No,No
CUST00379,60.0,Male,2,64.58,1394.11,Month-to-month,Fiber optic,Electronic check,No,3,No,No,No
CUST00380,32.0,Female,9,44.45,4762.72,One year,Fiber optic,Bank transfer,No,1,Yes,Yes,Yes
CUST00381,24.0,Male,1,72.78,722.49,Month-to-month,DSL,Mailed check,No,1,Yes,Yes,Yes
CUST00382,54.0,Female,8,47.53,4683.35,Two year,DSL,Electronic check,No,0,No,Yes,No
CUST00383,50.0,Female,0,106.43,757.16,Month-to-month,Fiber optic,Electronic check,No,4,Yes,No,No
CUST00384,63.0,Male,4,80.73,4047.24,One year,Fiber optic,Credit card,No,1,Yes,No,No
CUST00385,55.0,Male,0,20.04,168.07,Month-to-month,DSL,Electronic check,No,1,No,No,No
CUST00386,59.0,Female,4,100.54,4890.16,Month-to-month,No,Credit card,No,1,No,No,No
CUST00387,32.0,Female,7,53.03,4297.37,Month-to-month,Fiber optic,Mailed check,No,1,Yes,Yes,No
CUST00388,27.0,Male,7,52.03,4387.86,Two year,DSL,Credit card,No,3,Yes,Yes,No
CUST00389,56.0,Male,10,58.31,7103.15,Month-to-month,Fiber optic,Mailed check,No,5,No,Yes,Yes
CUST00390,59.0,Female,7,83.02,6881.36,Two year,No,Mailed check,No,1,Yes,No,Yes
CUST00391,69.0,Female,1,64.21,935.29,Month-to-month,DSL,Bank transfer,Yes,2,Yes,Yes,No
CUST00392,39.0,Male,7,82.86,7207.1,Month-to-month,Fiber optic,Credit card,Yes,3,No,Yes,No
CUST00393,37.0,Female,4,34.69,1675.48,Two year,Fiber optic,Mailed check,No,2,Yes,Yes,Yes
CUST00394,58.0,Male,0,117.0,723.92,One year,No,Bank transfer,No,4,No,Yes,No
CUST00395,35.0,Male,6,92.95,6779.05,One year,DSL,Credit card,No,2,Yes,No,Yes
CUST00396,65.0,Male,5,45.03,2719.77,Month-to-month,No,Credit card,No,1,No,No,No
CUST00397,62.0,Male,4,92.41,4247.33,Month-to-month,DSL,Electronic check,Yes,6,No,Yes,No
CUST00398,40.0,Male,0,77.5,358.56,One year,Fiber optic,Bank transfer,No,2,Yes,Yes,No
CUST00399,56.0,Male,0,30.93,130.26,Two year,DSL,Electronic check,No,1,No,Yes,Yes
CUST00400,56.0,Male,5,37.83,2172.83,Month-to-month,DSL,Mailed check,No,1,Yes,Yes,Yes
CUST00401,23.0,Male,9,24.15,2556.0,Two year,Fiber optic,Credit card,No,9,Yes,Yes,No
CUST00402,64.0,Male,6,100.91,7551.6,Month-to-month,Fiber optic,Mailed check,No,3,No,No,No
CUST00403,44.0,Female,9,75.17,8142.98,One year,DSL,Bank transfer,No,2,No,No,No
CUST00404,60.0,Male,9,51.68,5465.67,Month-to-month,DSL,Credit card,No,3,No,No,No
CUST00405,34.0,Male,0,32.65,237.64,Month-to-month,DSL,Mailed check,No,2,No,No,Yes
CUST00406,64.0,Female,8,68.41,6557.37,Month-to-month,DSL,Credit card,Yes,1,Yes,No,No
CUST00407,38.0,Female,3,72.53,2491.09,Month-to-month,DSL,Electronic check,No,3,Yes,No,Yes
CUST00408,19.0,Male,4,90.19,4568.99,Two year,DSL,Bank transfer,No,3,Yes,No,Yes
CUST00409,64.0,Female,1,,1210.37,Two year,DSL,Bank transfer,No,2,Yes,No,No
CUST00410,23.0,Female,9,63.5,6704.38,Two year,Fiber optic,Bank transfer,No,0,No,No,Yes
CUST00411,34.0,Female,7,60.61,4984.01,Month-to-month,No,Credit card,Yes,0,No,Yes,No
CUST00412,66.0,Male,1,57.0,824.85,Two year,DSL,Mailed check,No,3,No,Yes,No
CUST00413,66.0,Female,2,102.68,2684.73,One year,DSL,Mailed check,No,3,No,Yes,No
CUST00414,47.0,Male,8,35.65,3506.3,Two year,Fiber optic,Bank transfer,No,3,No,Yes,Yes
CUST00415,50.0,Female,1,54.39,788.46,Month-to-month,DSL,Credit card,No,3,No,Yes,No
CUST00416,41.0,Female,5,92.49,5314.83,Month-to-month,Fiber optic,Credit card,No,3,Yes,Yes,Yes
CUST00417,33.0,Male,3,21.59,804.57,Two year,No,Credit card,No,4,No,Yes,Yes
CUST00418,35.0,Female,6,48.95,3572.46,Month-to-month,Fiber optic,Mailed check,No,1,Yes,No,No
CUST00419,52.0,Male,5,84.14,5297.18,Two year,Fiber optic,Bank transfer,No,1,No,Yes,No
CUST00420,56.0,Female,9,38.61,4219.37,Month-to-month,Fiber optic,Mailed check,No,2,No,No,No
CUST00421,58.0,Male,8,50.28,4914.88,One year,DSL,Electronic check,No,1,No,No,Yes
CUST00422,58.0,Male,8,68.61,6674.58,Two year,Fiber optic,Credit card,No,3,No,Yes,No
CUST00423,23.0,Male,9,62.21,6763.2,One year,No,Electronic check,No,4,No,Yes,No
CUST00424,43.0,Female,3,30.62,1112.01,Two year,No,Bank transfer,No,2,No,No,Yes
CUST00425,21.0,Male,0,113.81,1003.26,Month-to-month,Fiber optic,Bank transfer,No,5,No,Yes,No
CUST00426,46.0,Male,1,24.45,357.37,Month-to-month,DSL,Mailed check,No,2,No,Yes,No
CUST00427,41.0,Male,7,94.96,7941.59,Month-to-month,DSL,Bank transfer,No,2,Yes,Yes,No
CUST00428,63.0,Female,9,27.16,2898.04,One year,DSL,Bank transfer,No,2,No,Yes,Yes
CUST00429,36.0,Female,7,66.73,5609.03,Two year,No,Mailed check,No,1,Yes,No,No
CUST00430,24.0,Male,1,37.55,506.11,Month-to-month,DSL,Mailed check,No,1,No,Yes,No
CUST00431,25.0,Male,3,34.12,1208.19,One year,DSL,Mailed check,Yes,2,Yes,No,No
CUST00432,57.0,Male,0,32.6,202.91,Two year,No,Mailed check,No,5,Yes,No,No
CUST00433,50.0,Male,6,65.28,4621.36,Month-to-month,DSL,Bank transfer,No,2,Yes,Yes,No
CUST00434,23.0,Male,3,71.55,2544.69,Two year,Fiber optic,Electronic check,No,1,No,Yes,No
CUST00435,22.0,Female,10,33.35,4093.89,Two year,DSL,Mailed check,No,0,No,No,No
CUST00436,54.0,Male,7,117.92,9703.57,Month-to-month,Fiber optic,Bank transfer,No,7,Yes,No,Yes
CUST00437,22.0,Male,8,45.79,4529.75,Month-to-month,DSL,Bank transfer,No,2,No,Yes,Yes
CUST00438,60.0,Male,8,65.89,6212.58,Month-to-month,Fiber optic,Bank transfer,No,5,Yes,Yes,Yes
CUST00439,54.0,Female,2,41.64,954.16,Two year,Fiber optic,Bank transfer,No,2,Yes,No,No
CUST00440,22.0,Female,4,69.39,3158.95,Month-to-month,Fiber optic,Bank transfer,No,2,Yes,No,Yes
CUST00441,22.0,Female,5,95.59,5880.07,Two year,Fiber optic,Mailed check,Yes,3,No,Yes,No
CUST00442,68.0,Male,5,72.11,4117.86,Month-to-month,No,Mailed check,No,1,No,Yes,No
CUST00443,37.0,Male,9,48.57,5329.82,Two year,DSL,Credit card,Yes,3,No,Yes,No
CUST00444,37.0,Male,7,44.85,3788.13,Two year,No,Credit card,Yes,2,Yes,No,No
CUST00445,59.0,Male,5,95.88,5896.1,Two year,DSL,Mailed check,No,3,Yes,Yes,No
CUST00446,66.0,Female,5,31.84,1964.43,Month-to-month,DSL,Mailed check,Yes,3,No,Yes,Yes
CUST00447,68.0,Female,3,57.0,1923.6,Month-to-month,DSL,Mailed check,No,1,No,Yes,No
CUST00448,56.0,Female,6,35.16,2430.71,Month-to-month,DSL,Electronic check,Yes,2,No,Yes,No
CUST00449,37.0,Female,7,45.81,3756.77,Month-to-month,No,Mailed check,No,0,Yes,No,No
CUST00450,22.0,Male,2,35.28,822.23,One year,DSL,Bank transfer,No,0,No,No,No
CUST00451,58.0,Female,6,108.66,7545.46,Two year,DSL,Electronic check,No,3,No,Yes,Yes
CUST00452,46.0,Male,2,93.18,2212.16,Two year,Fiber optic,Electronic check,No,0,No,No,No
CUST00453,40.0,Male,7,76.09,6293.47,Month-to-month,DSL,Bank transfer,No,2,No,Yes,No
CUST00454,64.0,Female,0,42.45,220.04,Two year,No,Bank transfer,No,1,Yes,Yes,No
CUST00455,24.0,Male,0,71.02,613.79,Month-to-month,No,Credit card,Yes,1,No,No,No
CUST00456,43.0,Male,5,72.08,4421.95,Month-to-month,DSL,Bank transfer,No,0,Yes,No,No
CUST00457,19.0,Male,9,79.04,8610.97,Two year,DSL,Mailed check,No,1,No,No,No
CUST00458,42.0,Female,8,26.03,2522.49,Two year,DSL,Mailed check,No,3,Yes,Yes,Yes
CUST00459,21.0,Female,3,117.27,4260.73,Month-to-month,Fiber optic,Credit card,No,2,Yes,No,Yes
CUST00460,24.0,Male,5,66.55,3997.9,Two year,DSL,Electronic check,No,5,No,Yes,No
CUST00461,24.0,Female,4,112.64,5664.8,Two year,Fiber optic,Electronic check,No,0,No,No,No
CUST00462,51.0,Male,0,21.0,72.45,Month-to-month,Fiber optic,Credit card,No,3,No,Yes,No
CUST00463,56.0,Male,5,44.77,2629.15,Month-to-month,Fiber optic,Mailed check,No,3,No,Yes,No
CUST00464,48.0,Female,8,30.42,2847.63,Two year,DSL,Credit card,No,1,Yes,Yes,No
CUST00465,67.0,Female,2,96.95,2042.4,Two year,DSL,Mailed check,No,3,Yes,Yes,No
CUST00466,37.0,Female,10,52.02,6090.63,Month-to-month,Fiber optic,Mailed check,Yes,3,No,No,No
CUST00467,33.0,Male,2,104.04,2199.74,Month-to-month,Fiber optic,Bank transfer,Yes,2,Yes,No,Yes
CUST00468,62.0,Female,1,103.23,1351.26,One year,DSL,Credit card,No,3,No,No,No
CUST00469,29.0,Female,3,86.77,2921.5,Two year,Fiber optic,Credit card,No,2,No,Yes,No
CUST00470,67.0,Female,9,86.57,9195.15,One year,Fiber optic,Mailed check,No,1,Yes,No,No
CUST00471,19.0,Male,2,90.01,2116.44,Month-to-month,DSL,Mailed check,No,2,Yes,Yes,No
CUST00472,67.0,Female,1,87.37,927.47,Two year,No,Bank transfer,Yes,4,No,Yes,Yes
CUST00473,20.0,Female,0,58.7,463.7,One year,Fiber optic,Mailed check,No,1,No,Yes,No
CUST00474,63.0,Male,2,88.28,2184.0,Two year,Fiber optic,Mailed check,No,2,Yes,Yes,No
CUST00475,45.0,Male,9,109.72,11740.54,Two year,No,Electronic check,No,2,Yes,No,No
CUST00476,69.0,Male,5,53.26,3137.61,Two year,Fiber optic,Credit card,Yes,3,Yes,No,No
CUST00477,22.0,Female,8,114.47,11115.39,Two year,Fiber optic,Bank transfer,No,3,No,Yes,No
CUST00478,46.0,Female,10,21.38,2523.07,Two year,Fiber optic,Bank transfer,No,0,Yes,Yes,No
CUST00479,67.0,Female,4,54.91,2563.58,One year,Fiber optic,Mailed check,No,3,No,Yes,No
CUST00480,45.0,Female,2,33.22,768.17,Two year,DSL,Credit card,No,2,Yes,No,Yes
CUST00481,50.0,Female,4,32.68,1559.6,One year,DSL,Electronic check,No,2,No,Yes,No
CUST00482,53.0,Male,4,101.53,4684.93,One year,DSL,Bank transfer,No,2,No,Yes,No
CUST00483,41.0,Male,4,111.82,5137.4,Month-to-month,Fiber optic,Mailed check,No,3,Yes,Yes,No
CUST00484,50.0,Male,6,97.76,7326.46,Month-to-month,Fiber optic,Credit card,Yes,3,Yes,No,Yes
CUST00485,48.0,Male,4,117.64,5938.5,Month-to-month,Fiber optic,Electronic check,Yes,2,No,No,Yes
CUST00486,64.0,Male,6,41.64,3004.29,Month-to-month,Fiber optic,Credit card,No,2,Yes,No,No
CUST00487,20.0,Female,8,34.09,3327.38,Month-to-month,DSL,Bank transfer,Yes,1,Yes,Yes,Yes
CUST00488,32.0,Male,4,72.07,3534.58,Two year,DSL,Mailed check,Yes,0,No,No,Yes
CUST00489,66.0,Male,1,102.89,972.39,One year,DSL,Mailed check,No,5,No,Yes,Yes
CUST00490,63.0,Male,4,24.0,1154.69,Month-to-month,DSL,Bank transfer,No,2,No,No,Yes
CUST00491,41.0,Male,7,119.54,9814.39,One year,Fiber optic,Bank transfer,Yes,2,No,Yes,No
CUST00492,50.0,Female,3,80.22,2928.4,Month-to-month,Fiber optic,Credit card,No,3,Yes,Yes,Yes
CUST00493,32.0,Female,1,117.88,1104.58,Two year,DSL,Bank transfer,No,0,Yes,No,Yes
CUST00494,28.0,Female,9,56.51,5989.16,Month-to-month,No,Credit card,No,4,Yes,Yes,No
CUST00495,42.0,Male,2,65.8,1690.53,Month-to-month,No,Mailed check,No,3,Yes,Yes,Yes
CUST00496,36.0,Female,8,95.23,9337.82,Two year,DSL,Electronic check,No,3,Yes,No,No
CUST00497,48.0,Female,8,99.26,9771.46,One year,Fiber optic,Mailed check,No,0,No,Yes,Yes
CUST00498,22.0,Female,7,43.31,3741.48,Two year,DSL,Mailed check,No,2,Yes,Yes,No
CUST00499,68.0,Male,7,112.96,9764.76,Month-to-month,Fiber optic,Electronic check,No,0,Yes,Yes,No
CUST00500,68.0,Female,7,106.73,8705.59,Month-to-month,DSL,Electronic check,No,2,No,No,Yes
CUST00501,54.0,Female,7,21.84,1855.44,One year,Fiber optic,Electronic check,No,3,Yes,Yes,No
CUST00502,45.0,Female,7,32.87,2800.87,Month-to-month,Fiber optic,Mailed check,No,0,No,Yes,No
CUST00503,34.0,Female,0,69.61,320.84,Month-to-month,No,Bank transfer,Yes,3,Yes,Yes,No
CUST00504,60.0,Male,5,66.1,4161.31,Month-to-month,Fiber optic,Mailed check,No,2,Yes,No,Yes
CUST00505,53.0,Female,8,90.83,8603.03,Two year,DSL,Bank transfer,No,3,Yes,No,No
CUST00506,26.0,Male,7,28.99,2447.98,Two year,Fiber optic,Credit card,Yes,2,No,Yes,Yes
CUST00507,64.0,Female,2,84.48,2216.25,Month-to-month,Fiber optic,Mailed check,No,1,Yes,Yes,Yes
CUST00508,60.0,Male,10,81.63,9692.63,Month-to-month,Fiber optic,Electronic check,No,1,Yes,Yes,No
CUST00509,66.0,Male,0,43.37,287.95,Two year,No,Mailed check,Yes,4,Yes,No,No
CUST00510,55.0,Male,1,74.24,988.85,Month-to-month,No,Mailed check,No,2,No,No,No
CUST00511,49.0,Female,10,42.23,5099.93,One year,Fiber optic,Electronic check,No,2,Yes,Yes,No
CUST00512,39.0,Male,1,34.71,396.9,One year,DSL,Credit card,Yes,0,No,No,No
CUST00513,66.0,Female,6,77.31,5772.67,Two year,DSL,Credit card,Yes,1,Yes,Yes,No
CUST00514,62.0,Female,5,117.73,7143.03,Month-to-month,No,Credit card,No,3,Yes,Yes,Yes
CUST00515,20.0,Male,10,43.7,5172.18,Two year,No,Credit card,Yes,3,Yes,Yes,Yes
CUST00516,,Male,1,55.54,768.49,Month-to-month,DSL,Mailed check,No,1,Yes,Yes,No
CUST00517,37.0,Male,7,45.67,3878.74,Month-to-month,Fiber optic,Mailed check,No,2,Yes,Yes,No
CUST00518,59.0,Female,8,46.66,4369.6,Month-to-month,Fiber optic,Electronic check,Yes,1,Yes,Yes,No
CUST00519,68.0,Female,6,60.42,4270.03,Month-to-month,Fiber optic,Bank transfer,No,5,Yes,Yes,Yes
CUST00520,26.0,Male,3,90.18,3061.42,Month-to-month,No,Electronic check,No,2,No,Yes,No
CUST00521,48.0,Male,0,23.9,82.12,Two year,DSL,Credit card,No,3,Yes,Yes,No
CUST00522,37.0,Female,3,115.69,3977.7,Month-to-month,No,Bank transfer,No,3,No,Yes,No
CUST00523,67.0,Female,3,24.65,854.45,Two year,DSL,Electronic check,No,4,Yes,No,No
CUST00524,61.0,Female,7,108.11,9059.53,Month-to-month,Fiber optic,Credit card,Yes,5,No,Yes,No
CUST00525,61.0,Female,3,109.42,4247.28,Month-to-month,Fiber optic,Bank transfer,No,0,No,No,No
CUST00526,42.0,Male,3,72.45,2800.81,Month-to-month,Fiber optic,Bank transfer,No,6,Yes,No,No
CUST00527,39.0,Male,1,33.71,455.89,One year,Fiber optic,Credit card,No,4,Yes,Yes,No
CUST00528,32.0,Male,9,76.51,8330.55,One year,Fiber optic,Bank transfer,No,1,No,No,No
CUST00529,21.0,Male,6,82.86,6188.14,Two year,Fiber optic,Electronic check,No,3,No,Yes,No
CUST00530,62.0,Male,3,105.76,3580.52,One year,Fiber optic,Electronic check,No,3,No,Yes,Yes
CUST00531,59.0,Male,10,75.09,8934.06,One year,DSL,Electronic check,No,3,Yes,No,No
CUST00532,69.0,Male,5,61.07,3684.01,Month-to-month,No,Bank transfer,No,1,No,Yes,No
CUST00533,69.0,Female,2,103.82,2687.12,Two year,DSL,Bank transfer,No,2,Yes,Yes,No
CUST00534,46.0,Female,6,118.08,8589.17,Two year,Fiber optic,Credit card,No,0,No,Yes,No
CUST00535,57.0,Female,5,84.5,5226.88,Month-to-month,DSL,Credit card,No,3,Yes,No,No
CUST00536,66.0,Female,2,107.42,2354.56,Month-to-month,Fiber optic,Bank transfer,No,5,Yes,Yes,No
CUST00537,61.0,Male,3,79.87,2728.06,Two year,DSL,Electronic check,No,3,No,No,No
CUST00538,31.0,Female,9,88.97,9737.31,Two year,No,Bank transfer,No,2,No,Yes,No
CUST00539,41.0,Male,4,88.81,4182.02,One year,DSL,Mailed check,No,3,Yes,Yes,Yes
CUST00540,25.0,Female,8,90.47,8650.48,Month-to-month,DSL,Electronic check,No,1,Yes,Yes,No
CUST00541,67.0,Male,5,52.11,3217.7,Two year,Fiber optic,Mailed check,No,2,Yes,Yes,No
CUST00542,49.0,Female,3,77.56,2592.18,Month-to-month,DSL,Credit card,No,3,No,Yes,No
CUST00543,30.0,Male,10,79.41,9370.98,Month-to-month,No,Bank transfer,No,0,No,Yes,No
CUST00544,52.0,Male,10,51.51,6118.63,Month-to-month,No,Mailed check,No,0,No,Yes,No
CUST00545,50.0,Female,6,54.99,4085.9,Month-to-month,Fiber optic,Bank transfer,Yes,3,No,Yes,No
CUST00546,36.0,Male,1,96.21,1099.66,Two year,DSL,Mailed check,Yes,2,No,No,No
CUST00547,24.0,Female,3,78.27,2701.27,One year,DSL,Bank transfer,No,4,Yes,No,No
CUST00548,52.0,Female,4,34.94,1714.29,Two year,DSL,Electronic check,No,1,Yes,No,Yes
CUST00549,45.0,Female,3,103.75,3442.61,One year,DSL,Credit card,No,0,Yes,No,Yes
CUST00550,57.0,Female,3,108.3,4077.42,Two year,DSL,Electronic check,No,2,No,Yes,No
CUST00551,45.0,Female,10,66.62,8072.95,One year,No,Credit card,No,3,No,No,No
CUST00552,61.0,Male,8,40.9,3817.44,Month-to-month,Fiber optic,Electronic check,No,2,No,Yes,Yes
CUST00553,46.0,Female,10,114.74,13767.77,Two year,DSL,Credit card,No,3,Yes,Yes,Yes
CUST00554,47.0,Female,1,108.21,1236.31,Month-to-month,DSL,Electronic check,No,2,Yes,Yes,No
CUST00555,63.0,Female,5,44.45,2575.73,One year,Fiber optic,Bank transfer,No,3,No,Yes,No
CUST00556,39.0,Male,7,29.58,2422.96,One year,DSL,Electronic check,No,0,No,Yes,Yes
CUST00557,25.0,Female,7,64.07,5251.07,Month-to-month,No,Mailed check,No,1,No,Yes,No
CUST00558,19.0,Female,10,87.63,10568.32,Month-to-month,DSL,Mailed check,No,1,Yes,No,No
CUST00559,57.0,Female,6,37.55,2629.63,Two year,No,Bank transfer,No,0,No,No,No
CUST00560,50.0,Male,9,71.32,7514.18,Month-to-month,Fiber optic,Bank transfer,No,1,No,Yes,No
CUST00561,54.0,Male,10,62.54,7677.06,Month-to-month,No,Bank transfer,No,1,No,Yes,No
CUST00562,29.0,Male,3,109.04,3623.93,One year,DSL,Mailed check,No,6,Yes,No,Yes
CUST00563,25.0,Female,6,62.96,4595.0,Month-to-month,DSL,Electronic check,No,1,No,Yes,Yes
CUST00564,19.0,Female,9,73.38,8116.61,Two year,Fiber optic,Bank transfer,No,1,Yes,Yes,No
CUST00565,36.0,Male,5,115.51,6610.38,Two year,No,Electronic check,No,3,Yes,Yes,No
CUST00566,48.0,Male,10,49.98,6136.92,Month-to-month,Fiber optic,Credit card,No,2,Yes,No,No
CUST00567,38.0,Male,5,48.91,2935.14,One year,Fiber optic,Electronic check,Yes,2,No,Yes,Yes
CUST00568,40.0,Male,1,99.95,1370.33,Month-to-month,DSL,Electronic check,Yes,2,No,Yes,No
CUST00569,64.0,Female,7,47.76,4047.93,One year,DSL,Mailed check,No,2,Yes,Yes,No
CUST00570,36.0,Female,7,103.17,8738.89,One year,DSL,Electronic check,No,1,No,No,No
CUST00571,44.0,Male,10,29.57,3599.6,Month-to-month,Fiber optic,Mailed check,No,1,No,Yes,No
CUST00572,58.0,Female,6,31.14,2161.0,Month-to-month,DSL,Credit card,Yes,4,No,Yes,Yes
CUST00573,38.0,Male,10,110.12,13142.86,One year,DSL,Mailed check,No,1,Yes,No,No
CUST00574,50.0,Female,8,74.08,7320.35,Month-to-month,Fiber optic,Credit card,Yes,1,No,Yes,No
CUST00575,62.0,Male,7,91.87,7471.78,Month-to-month,No,Credit card,No,2,Yes,No,No
CUST00576,66.0,Male,8,42.54,4023.28,Two year,Fiber optic,Bank transfer,No,1,No,Yes,No
CUST00577,26.0,Male,8,36.64,3555.35,Month-to-month,Fiber optic,Electronic check,No,2,No,No,No
CUST00578,65.0,Female,5,103.48,5960.84,One year,No,Electronic check,Yes,3,Yes,Yes,Yes
CUST00579,43.0,Female,1,55.87,682.71,Month-to-month,DSL,Bank transfer,No,4,Yes,No,No
CUST00580,31.0,Female,6,65.51,4800.23,Two year,DSL,Bank transfer,No,3,No,Yes,No
CUST00581,41.0,Male,2,22.82,582.83,Month-to-month,Fiber optic,Electronic check,No,1,No,No,No
CUST00582,68.0,Male,6,58.59,4240.18,Month-to-month,Fiber optic,Bank transfer,No,6,Yes,Yes,No
CUST00583,43.0,Male,8,97.03,9315.53,One year,Fiber optic,Bank transfer,No,1,No,Yes,No
CUST00584,35.0,Female,9,102.11,11159.43,Two year,DSL,Credit card,No,1,No,Yes,No
CUST00585,50.0,Male,9,89.87,9514.31,Two year,Fiber optic,Bank transfer,No,2,Yes,No,Yes
CUST00586,30.0,Female,1,89.21,1167.15,Month-to-month,Fiber optic,Bank transfer,No,3,Yes,Yes,Yes
CUST00587,22.0,Female,5,70.62,4415.07,Two year,DSL,Mailed check,No,0,No,Yes,No
CUST00588,25.0,Female,5,73.83,4510.84,Two year,Fiber optic,Electronic check,Yes,2,No,No,No
CUST00589,25.0,Male,8,94.25,8791.87,Two year,DSL,Mailed check,No,4,No,No,Yes
CUST00590,26.0,Male,8,44.74,4296.67,Two year,No,Bank transfer,No,1,Yes,Yes,No
CUST00591,25.0,Male,4,43.16,2130.4,One year,No,Bank transfer,No,3,Yes,Yes,Yes
CUST00592,51.0,Female,4,114.97,5203.68,Two year,No,Mailed check,No,1,No,Yes,Yes
CUST00593,27.0,Female,8,22.79,2223.49,One year,No,Bank transfer,No,2,Yes,Yes,No
CUST00594,36.0,Male,7,33.96,2808.22,One year,DSL,Credit card,No,1,Yes,No,No
CUST00595,64.0,Male,6,77.03,5587.22,Month-to-month,No,Mailed check,No,2,Yes,No,No
CUST00596,42.0,Female,7,93.77,8139.4,Month-to-month,Fiber optic,Mailed check,No,1,Yes,No,No
CUST00597,52.0,Female,5,73.79,4646.37,Month-to-month,Fiber optic,Electronic check,No,3,Yes,No,No
CUST00598,27.0,Male,2,55.51,1377.06,Two year,DSL,Mailed check,No,6,No,Yes,No
CUST00599,28.0,Female,6,117.78,8474.03,Month-to-month,No,Credit card,Yes,5,No,No,Yes
CUST00600,20.0,Male,7,90.38,7416.9,Month-to-month,DSL,Bank transfer,No,1,Yes,No,Yes
CUST00601,27.0,Male,7,103.13,8482.1,Month-to-month,DSL,Mailed check,No,0,No,Yes,No
CUST00602,32.0,Female,0,24.04,134.04,One year,No,Mailed check,Yes,2,No,No,No
CUST00603,27.0,Female,6,43.6,3192.31,Two year,Fiber optic,Electronic check,No,3,No,Yes,No
CUST00604,23.0,Female,2,57.42,1470.92,One year,Fiber optic,Electronic check,No,6,Yes,No,Yes
CUST00605,24.0,Male,1,38.27,395.41,Month-to-month,Fiber optic,Bank transfer,No,3,No,No,Yes
CUST00606,41.0,Female,1,27.31,333.49,Two year,DSL,Mailed check,Yes,2,No,No,No
CUST00607,29.0,Male,7,42.52,3595.06,Month-to-month,Fiber optic,Credit card,No,0,Yes,No,No
CUST00608,37.0,Male,8,73.36,7215.8,Two year,DSL,Bank transfer,No,3,Yes,No,Yes
CUST00609,44.0,Female,2,89.57,2351.89,Month-to-month,No,Credit card,No,1,No,No,No
CUST00610,53.0,Male,2,97.39,2522.85,Two year,Fiber optic,Mailed check,No,0,Yes,Yes,No
CUST00611,20.0,Female,5,24.31,1461.14,Month-to-month,No,Bank transfer,No,4,No,No,No
CUST00612,59.0,Female,10,62.8,7372.3,Two year,Fiber optic,Electronic check,No,2,No,No,No
CUST00613,50.0,Male,9,32.24,3449.5,Month-to-month,Fiber optic,Electronic check,No,0,No,Yes,No
CUST00614,22.0,Male,0,63.12,424.84,Month-to-month,Fiber optic,Credit card,No,1,Yes,Yes,No
CUST00615,63.0,Male,5,63.4,3856.36,Two year,DSL,Bank transfer,No,0,Yes,No,Yes
CUST00616,65.0,Male,2,,1821.95,Month-to-month,DSL,Credit card,Yes,2,Yes,No,No
CUST00617,,Female,10,109.27,13033.01,Two year,No,Electronic check,No,1,No,No,No
CUST00618,32.0,Female,3,100.5,3881.18,Two year,DSL,Mailed check,No,4,Yes,Yes,No
CUST00619,59.0,Male,8,83.67,7862.94,One year,Fiber optic,Electronic check,No,1,No,Yes,Yes
CUST00620,56.0,Male,2,108.53,2311.5,Month-to-month,DSL,Mailed check,No,2,No,No,Yes
CUST00621,27.0,Female,0,87.84,356.64,Two year,DSL,Credit card,No,0,Yes,Yes,Yes
CUST00622,29.0,Female,2,101.87,2421.92,Two year,Fiber optic,Credit card,Yes,1,Yes,Yes,No
CUST00623,37.0,Male,6,76.38,5646.99,Month-to-month,No,Credit card,No,3,Yes,No,Yes
CUST00624,43.0,Male,6,72.52,5070.87,Month-to-month,Fiber optic,Mailed check,No,3,Yes,No,No
CUST00625,50.0,Female,10,92.4,11114.81,Month-to-month,DSL,Credit card,No,1,Yes,No,No
CUST00626,37.0,Male,4,21.99,1091.92,Month-to-month,DSL,Credit card,No,2,No,Yes,No
CUST00627,42.0,Male,0,89.03,285.71,One year,No,Bank transfer,No,3,No,Yes,No
CUST00628,56.0,Female,10,113.43,13300.09,Two year,Fiber optic,Mailed check,No,1,Yes,No,No
CUST00629,20.0,Female,7,91.39,7671.24,Two year,No,Credit card,Yes,0,No,Yes,No
CUST00630,31.0,Female,9,23.7,2514.25,Two year,DSL,Credit card,No,2,No,Yes,No
CUST00631,54.0,Female,7,57.79,4837.51,Month-to-month,No,Mailed check,No,2,Yes,Yes,Yes
CUST00632,64.0,Female,9,100.95,10625.91,Month-to-month,No,Mailed check,No,0,Yes,Yes,No
CUST00633,44.0,Male,9,115.84,12842.44,Two year,No,Electronic check,No,1,No,Yes,No
CUST00634,45.0,Male,9,57.02,6211.08,Two year,DSL,Electronic check,No,2,No,No,Yes
CUST00635,23.0,Male,1,104.11,1365.89,One year,Fiber optic,Bank transfer,No,5,Yes,Yes,No
CUST00636,41.0,Male,9,106.37,11493.78,Month-to-month,Fiber optic,Credit card,No,2,Yes,Yes,No
CUST00637,45.0,Female,2,32.34,839.3,One year,Fiber optic,Mailed check,No,1,Yes,No,No
CUST00638,30.0,Female,3,104.57,3973.52,Month-to-month,Fiber optic,Credit card,Yes,2,Yes,No,No
CUST00639,32.0,Female,0,52.43,207.34,Month-to-month,Fiber optic,Electronic check,No,1,No,No,No
CUST00640,37.0,Female,3,79.32,2983.26,One year,No,Electronic check,No,1,Yes,Yes,Yes
CUST00641,19.0,Male,4,73.89,3576.5,Month-to-month,Fiber optic,Electronic check,No,2,No,Yes,No
CUST00642,34.0,Male,2,86.3,2207.03,Two year,Fiber optic,Mailed check,No,4,No,Yes,Yes
CUST00643,29.0,Female,10,94.04,11520.66,Month-to-month,Fiber optic,Credit card,No,3,No,Yes,No
CUST00644,35.0,Female,9,64.09,6858.36,One year,Fiber optic,Mailed check,No,1,No,No,Yes
CUST00645,24.0,Female,1,108.82,1352.08,Two year,DSL,Credit card,No,3,No,Yes,No
CUST00646,63.0,Female,5,,6230.35,Month-to-month,DSL,Bank transfer,No,1,No,No,No
CUST00647,48.0,Female,7,98.53,8564.35,Two year,Fiber optic,Electronic check,No,1,Yes,Yes,No
CUST00648,53.0,Female,6,65.83,,Two year,DSL,Electronic check,No,4,No,Yes,No
CUST00649,58.0,Male,10,23.78,2884.65,Two year,Fiber optic,Electronic check,No,4,No,Yes,No
CUST00650,43.0,Female,0,69.23,559.21,Month-to-month,No,Electronic check,No,1,Yes,Yes,No
CUST00651,22.0,Female,3,109.83,4119.42,Month-to-month,Fiber optic,Mailed check,No,0,No,Yes,No
CUST00652,45.0,Male,2,39.06,1041.04,Month-to-month,No,Electronic check,Yes,1,Yes,Yes,No
CUST00653,48.0,Female,5,118.24,6902.64,Two year,Fiber optic,Credit card,Yes,2,Yes,No,No
CUST00654,56.0,Male,8,100.76,9919.18,One year,DSL,Credit card,Yes,4,Yes,Yes,Yes
CUST00655,40.0,Female,8,90.97,8573.68,Month-to-month,DSL,Electronic check,No,0,No,No,Yes
CUST00656,25.0,Male,6,87.71,6349.32,Month-to-month,No,Electronic check,No,2,Yes,No,No
CUST00657,32.0,Female,8,78.7,7565.93,Month-to-month,No,Mailed check,No,1,Yes,No,Yes
CUST00658,37.0,Male,7,92.06,7915.9,Two year,Fiber optic,Mailed check,No,0,Yes,Yes,No
CUST00659,51.0,Female,4,62.19,2947.44,Month-to-month,DSL,Credit card,Yes,3,Yes,Yes,Yes
CUST00660,47.0,Male,8,104.51,9809.68,Month-to-month,DSL,Credit card,Yes,3,Yes,Yes,No
CUST00661,36.0,Male,6,89.63,6564.33,Month-to-month,Fiber optic,Bank transfer,No,1,No,Yes,No
CUST00662,68.0,Male,4,97.11,4723.63,Two year,Fiber optic,Credit card,No,1,Yes,No,Yes
CUST00663,49.0,Female,7,99.24,8530.66,Two year,Fiber optic,Bank transfer,No,0,Yes,Yes,Yes
CUST00664,30.0,Male,6,,2149.43,One year,No,Electronic check,No,2,Yes,Yes,Yes
CUST00665,23.0,Male,8,25.58,2516.46,Month-to-month,Fiber optic,Electronic check,No,1,Yes,No,No
CUST00666,26.0,Female,9,100.09,11012.99,Month-to-month,DSL,Electronic check,No,2,No,Yes,No
CUST00667,31.0,Female,0,45.95,326.98,Month-to-month,DSL,Credit card,No,1,No,Yes,No
CUST00668,26.0,Female,8,78.19,7490.51,One year,No,Credit card,No,1,No,No,Yes
CUST00669,28.0,Male,6,64.37,4449.63,One year,Fiber optic,Electronic check,No,3,No,No,No
CUST00670,33.0,Female,0,22.22,107.68,Two year,DSL,Mailed check,No,1,No,Yes,Yes
CUST00671,27.0,Male,0,24.05,177.11,Two year,DSL,Electronic check,Yes,3,Yes,Yes,Yes
CUST00672,64.0,Male,4,102.7,4658.14,Month-to-month,Fiber optic,Bank transfer,No,2,Yes,Yes,No
CUST00673,22.0,Female,7,80.76,6908.47,Month-to-month,DSL,Mailed check,No,3,Yes,Yes,Yes
CUST00674,45.0,Female,8,72.38,6955.92,Month-to-month,Fiber optic,Mailed check,No,0,No,Yes,No
CUST00675,39.0,Female,5,114.42,7117.53,Month-to-month,Fiber optic,Credit card,No,3,No,No,No
CUST00676,68.0,Male,9,37.32,4066.84,One year,DSL,Credit card,No,0,Yes,Yes,No
CUST00677,24.0,Male,7,45.81,3929.79,Two year,Fiber optic,Bank transfer,No,5,Yes,No,No
CUST00678,38.0,Male,5,95.66,5551.27,Month-to-month,DSL,Electronic check,No,3,Yes,Yes,No
CUST00679,67.0,Female,10,97.51,11510.13,Two year,DSL,Electronic check,No,1,No,Yes,No
CUST00680,62.0,Male,5,60.49,3524.75,One year,DSL,Credit card,Yes,1,No,No,No
CUST00681,60.0,Male,3,115.08,4027.78,Two year,Fiber optic,Credit card,No,4,No,Yes,No
CUST00682,31.0,Male,10,113.81,13933.11,One year,Fiber optic,Electronic check,No,4,No,No,No
CUST00683,27.0,Female,4,21.26,1055.49,Two year,DSL,Mailed check,No,4,Yes,Yes,No
CUST00684,52.0,Male,1,37.25,416.7,Month-to-month,No,Bank transfer,No,3,No,No,Yes
CUST00685,65.0,Female,2,102.01,2704.35,Two year,DSL,Bank transfer,No,3,Yes,Yes,No
CUST00686,46.0,Male,2,53.53,1374.26,Month-to-month,Fiber optic,Bank transfer,No,2,Yes,No,No
CUST00687,47.0,Female,10,29.56,3575.17,One year,Fiber optic,Credit card,No,0,Yes,No,No
CUST00688,32.0,Male,4,98.49,4689.96,Month-to-month,Fiber optic,Mailed check,No,0,No,Yes,No
CUST00689,57.0,Female,4,65.46,3201.65,Month-to-month,DSL,Bank transfer,No,2,No,Yes,No
CUST00690,28.0,Female,5,69.24,4193.21,Month-to-month,DSL,Mailed check,No,2,Yes,Yes,No
CUST00691,35.0,Male,4,38.65,1920.54,Month-to-month,Fiber optic,Credit card,No,2,Yes,Yes,No
CUST00692,40.0,Female,5,86.08,5023.25,Month-to-month,DSL,Credit card,No,1,No,Yes,No
CUST00693,44.0,Male,7,75.12,6484.05,Two year,No,Electronic check,No,2,Yes,Yes,No
CUST00694,30.0,Female,1,40.68,510.57,Month-to-month,DSL,Mailed check,No,1,No,Yes,Yes
CUST00695,24.0,Female,3,54.04,2044.89,Two year,Fiber optic,Mailed check,No,2,Yes,No,No
CUST00696,49.0,Male,5,79.68,4708.04,Month-to-month,Fiber optic,Mailed check,Yes,2,Yes,Yes,No
CUST00697,33.0,Male,4,112.47,5325.63,One year,Fiber optic,Electronic check,No,1,No,Yes,Yes
CUST00698,48.0,Male,0,112.02,966.04,Month-to-month,Fiber optic,Bank transfer,No,4,Yes,Yes,Yes
CUST00699,26.0,Male,8,48.8,4720.42,Month-to-month,Fiber optic,Bank transfer,No,2,Yes,No,No
CUST00700,43.0,Male,2,93.55,2142.96,Month-to-month,DSL,Credit card,No,4,Yes,Yes,Yes
CUST00701,45.0,Male,1,97.54,925.95,Month-to-month,Fiber optic,Electronic check,No,1,No,Yes,Yes
CUST00702,21.0,Male,8,100.87,9643.78,Month-to-month,DSL,Mailed check,No,1,No,No,No
CUST00703,35.0,Female,6,77.07,5710.71,Two year,Fiber optic,Electronic check,No,0,Yes,Yes,No
CUST00704,25.0,Male,4,21.07,979.95,Month-to-month,No,Credit card,Yes,0,Yes,No,No
CUST00705,21.0,Male,5,96.16,5977.29,Two year,DSL,Bank transfer,No,0,No,No,No
CUST00706,68.0,Female,10,30.68,3618.78,Two year,Fiber optic,Bank transfer,No,0,No,No,No
CUST00707,34.0,Male,3,31.7,1070.9,One year,DSL,Credit card,Yes,4,Yes,No,No
CUST00708,59.0,Male,0,80.56,534.44,Two year,No,Electronic check,Yes,4,Yes,Yes,No
CUST00709,31.0,Male,3,118.33,4476.27,Month-to-month,Fiber optic,Credit card,No,5,No,Yes,No
CUST00710,53.0,Female,8,44.26,4323.75,Two year,DSL,Mailed check,No,5,No,No,No
CUST00711,57.0,Female,0,84.58,529.58,Month-to-month,DSL,Mailed check,No,2,Yes,Yes,Yes
CUST00712,48.0,Male,9,50.37,5482.23,One year,Fiber optic,Credit card,No,2,Yes,No,No
CUST00713,42.0,Female,2,109.86,2477.18,One year,DSL,Mailed check,No,0,No,Yes,No
CUST00714,39.0,Female,4,79.35,3833.09,Two year,DSL,Mailed check,Yes,0,Yes,Yes,No
CUST00715,36.0,Female,6,40.76,2863.2,Two year,Fiber optic,Bank transfer,No,3,No,Yes,No
CUST00716,65.0,Female,8,46.22,4556.17,Month-to-month,Fiber optic,Electronic check,No,4,Yes,Yes,No
CUST00717,60.0,Female,5,63.25,3862.62,Month-to-month,DSL,Bank transfer,No,3,No,Yes,Yes
CUST00718,67.0,Male,2,32.22,785.76,Two year,DSL,Bank transfer,No,3,No,Yes,No
CUST00719,24.0,Male,6,27.89,1965.78,Two year,No,Electronic check,Yes,1,No,No,No
CUST00720,55.0,Male,3,88.0,3119.9,Month-to-month,DSL,Bank transfer,No,2,No,No,No
CUST00721,66.0,Female,2,60.72,1559.37,Month-to-month,Fiber optic,Mailed check,No,2,No,Yes,No
CUST00722,27.0,Female,6,92.61,6523.37,Two year,Fiber optic,Credit card,No,9,No,No,No
CUST00723,21.0,Female,10,31.02,3653.49,Two year,DSL,Credit card,No,5,No,No,No
CUST00724,56.0,Female,10,80.98,9624.25,Month-to-month,Fiber optic,Electronic check,No,2,Yes,No,No
CUST00725,47.0,Male,6,64.33,4745.64,Two year,Fiber optic,Credit card,Yes,0,Yes,Yes,Yes
CUST00726,61.0,Female,3,25.82,988.78,One year,Fiber optic,Credit card,No,1,No,Yes,No
CUST00727,25.0,Female,6,74.48,5324.18,Two year,Fiber optic,Credit card,Yes,1,Yes,Yes,Yes
CUST00728,59.0,Female,10,28.3,3443.41,One year,No,Credit card,No,4,Yes,No,Yes
CUST00729,28.0,Female,1,102.76,1129.66,Month-to-month,Fiber optic,Bank transfer,Yes,1,No,No,No
CUST00730,26.0,Female,0,83.19,503.53,Two year,DSL,Mailed check,No,1,No,No,Yes
CUST00731,26.0,Male,1,75.69,690.42,Month-to-month,DSL,Mailed check,No,1,Yes,Yes,No
CUST00732,60.0,Female,3,33.36,1243.45,Two year,DSL,Credit card,No,4,No,Yes,No
CUST00733,52.0,Male,7,48.75,4159.33,One year,No,Electronic check,No,2,Yes,No,Yes
CUST00734,45.0,Female,2,69.29,1496.7,Two year,No,Bank transfer,No,2,Yes,No,No
CUST00735,36.0,Female,9,83.32,8928.3,Month-to-month,DSL,Credit card,No,1,No,Yes,No
CUST00736,63.0,Male,5,38.34,2296.36,One year,Fiber optic,Credit card,No,1,Yes,Yes,Yes
CUST00737,38.0,Female,5,20.91,1288.76,Two year,DSL,Electronic check,No,1,No,No,No
CUST00738,60.0,Male,8,54.48,5336.08,Two year,No,Bank transfer,No,3,No,Yes,No
CUST00739,40.0,Male,8,68.29,,Month-to-month,DSL,Credit card,No,4,Yes,No,No
CUST00740,37.0,Male,3,38.46,1318.85,Month-to-month,Fiber optic,Electronic check,Yes,2,Yes,No,No
CUST00741,42.0,Female,8,69.22,6585.16,One year,DSL,Bank transfer,No,1,No,Yes,No
CUST00742,33.0,Female,5,53.86,3149.65,Month-to-month,DSL,Bank transfer,No,3,No,No,No
CUST00743,56.0,Female,1,65.51,840.05,Two year,DSL,Credit card,No,3,Yes,No,No
CUST00744,44.0,Male,9,54.75,5961.61,Month-to-month,Fiber optic,Electronic check,No,0,Yes,No,No
CUST00745,30.0,Female,10,82.84,9700.51,Two year,Fiber optic,Electronic check,No,1,Yes,Yes,No
CUST00746,64.0,Female,5,24.31,1492.27,Month-to-month,DSL,Credit card,No,3,No,Yes,No
CUST00747,38.0,Male,1,37.1,385.03,Month-to-month,DSL,Credit card,No,2,No,Yes,No
CUST00748,46.0,Male,7,63.28,5429.76,Month-to-month,Fiber optic,Credit card,Yes,6,Yes,Yes,No
CUST00749,64.0,Male,3,,2113.97,One year,No,Electronic check,Yes,4,No,No,No
CUST00750,50.0,Female,4,59.17,2945.47,One year,Fiber optic,Bank transfer,Yes,0,No,Yes,No
CUST00751,24.0,Female,7,100.36,8375.24,One year,Fiber optic,Credit card,No,3,No,No,Yes
CUST00752,66.0,Female,10,108.62,12935.26,Two year,DSL,Mailed check,No,1,No,No,Yes
CUST00753,50.0,Male,7,44.88,3752.19,Month-to-month,Fiber optic,Mailed check,No,3,No,Yes,Yes
CUST00754,35.0,Female,5,103.63,6234.47,Two year,Fiber optic,Credit card,No,2,No,Yes,Yes
CUST00755,,Male,3,65.88,2272.85,Two year,DSL,Mailed check,No,2,Yes,Yes,No
CUST00756,58.0,Male,0,47.39,407.08,Month-to-month,Fiber optic,Bank transfer,No,4,Yes,Yes,No
CUST00757,50.0,Female,6,118.53,8536.78,Two year,DSL,Bank transfer,No,3,No,Yes,No
CUST00758,45.0,Male,7,102.47,8344.84,One year,DSL,Mailed check,No,4,Yes,Yes,Yes
CUST00759,64.0,Female,8,119.41,11819.15,One year,DSL,Electronic check,No,1,Yes,Yes,No
CUST00760,58.0,Male,1,36.83,438.48,One year,DSL,Credit card,No,1,Yes,No,No
CUST00761,,Female,0,34.4,298.65,Two year,DSL,Electronic check,No,2,No,Yes,No
CUST00762,34.0,Male,3,70.34,2485.85,Two year,Fiber optic,Bank transfer,Yes,6,Yes,No,No
CUST00763,31.0,Female,4,83.86,3886.74,One year,Fiber optic,Mailed check,No,1,No,Yes,No
CUST00764,56.0,Male,9,37.12,4061.63,Month-to-month,No,Credit card,No,0,Yes,No,No
CUST00765,20.0,Male,0,106.03,593.23,One year,DSL,Mailed check,No,2,Yes,No,No
CUST00766,47.0,Female,4,73.2,3681.14,Month-to-month,DSL,Mailed check,No,2,No,Yes,Yes
CUST00767,57.0,Male,5,61.1,3652.85,One year,No,Electronic check,No,3,Yes,No,No
CUST00768,63.0,Female,2,80.2,1847.04,Two year,Fiber optic,Electronic check,No,3,Yes,No,No
CUST00769,35.0,Female,6,83.49,6245.06,Month-to-month,Fiber optic,Mailed check,No,6,No,No,Yes
CUST00770,60.0,Male,5,24.3,1505.96,Month-to-month,Fiber optic,Bank transfer,No,3,No,Yes,Yes
CUST00771,24.0,Male,3,119.97,4106.98,One year,Fiber optic,Credit card,Yes,1,No,No,No
CUST00772,61.0,Female,2,56.4,1349.77,Month-to-month,DSL,Mailed check,Yes,2,Yes,No,No
CUST00773,25.0,Female,4,26.17,1195.53,Month-to-month,No,Mailed check,No,3,No,Yes,Yes
CUST00774,38.0,Female,2,105.22,2277.6,One year,DSL,Mailed check,No,9,Yes,Yes,No
CUST00775,59.0,Female,9,119.28,13135.4,Two year,DSL,Mailed check,No,0,No,Yes,No
CUST00776,26.0,Female,8,101.62,10019.13,Two year,Fiber optic,Electronic check,No,1,No,Yes,Yes
CUST00777,30.0,Male,8,105.17,10247.43,One year,Fiber optic,Electronic check,No,1,Yes,No,Yes
CUST00778,55.0,Female,5,82.59,5197.74,One year,No,Bank transfer,No,2,No,Yes,No
CUST00779,55.0,Female,10,112.22,13159.72,Month-to-month,DSL,Credit card,Yes,0,Yes,Yes,No
CUST00780,51.0,Male,5,23.59,1391.69,Two year,Fiber optic,Mailed check,No,3,No,Yes,No
CUST00781,53.0,Male,3,96.66,3266.46,One year,Fiber optic,Bank transfer,No,3,No,No,Yes
CUST00782,46.0,Male,3,87.06,3281.63,Two year,DSL,Electronic check,Yes,2,Yes,Yes,No
CUST00783,31.0,Male,1,24.98,358.23,Two year,Fiber optic,Credit card,No,2,No,Yes,No
CUST00784,36.0,Female,9,74.4,8011.12,Month-to-month,Fiber optic,Bank transfer,No,4,No,Yes,No
CUST00785,27.0,Male,3,71.51,2715.44,Two year,Fiber optic,Credit card,No,2,No,No,Yes
CUST00786,64.0,Male,7,89.15,7674.18,Two year,No,Credit card,No,1,Yes,No,No
CUST00787,48.0,Male,9,27.77,2939.13,One year,Fiber optic,Credit card,Yes,1,No,Yes,Yes
CUST00788,38.0,Female,1,100.52,1132.0,Month-to-month,No,Electronic check,No,2,No,No,Yes
CUST00789,42.0,Female,8,33.95,3196.1,Two year,Fiber optic,Mailed check,Yes,1,No,Yes,No
CUST00790,66.0,Male,0,61.87,434.34,Month-to-month,Fiber optic,Credit card,No,2,No,No,No
CUST00791,26.0,Male,1,108.11,1224.28,One year,No,Bank transfer,No,9,Yes,No,No
CUST00792,48.0,Female,1,76.05,989.17,Month-to-month,DSL,Credit card,No,3,Yes,Yes,No
CUST00793,,Female,10,57.96,7086.39,One year,No,Credit card,Yes,1,Yes,Yes,No
CUST00794,49.0,Male,5,24.84,1477.3,Two year,DSL,Electronic check,No,1,No,Yes,No
CUST00795,19.0,Male,6,87.22,6526.84,Month-to-month,No,Bank transfer,No,5,No,No,No
CUST00796,62.0,Male,2,118.64,2782.2,Two year,Fiber optic,Credit card,No,4,No,Yes,Yes
CUST00797,66.0,Male,10,111.16,13148.65,Month-to-month,No,Electronic check,No,2,No,No,No
CUST00798,47.0,Female,8,91.72,8821.32,Two year,No,Electronic check,Yes,1,Yes,Yes,No
CUST00799,54.0,Female,4,30.55,1447.66,One year,Fiber optic,Mailed check,No,3,Yes,No,No
CUST00800,65.0,Male,4,43.95,2010.92,Month-to-month,Fiber optic,Mailed check,No,1,No,No,No
CUST00801,54.0,Female,10,38.7,4532.98,One year,Fiber optic,Mailed check,No,0,No,Yes,Yes
CUST00802,26.0,Male,3,55.55,2081.2,Two year,DSL,Credit card,No,1,No,Yes,No
CUST00803,47.0,Female,8,43.56,4295.12,Month-to-month,DSL,Credit card,No,2,Yes,Yes,Yes
CUST00804,49.0,Female,7,44.45,3718.27,Two year,Fiber optic,Credit card,No,1,Yes,No,No
CUST00805,40.0,Male,3,81.67,,One year,Fiber optic,Electronic check,No,1,Yes,No,Yes
CUST00806,56.0,Male,3,51.88,1942.49,Month-to-month,DSL,Credit card,No,0,Yes,No,Yes
CUST00807,66.0,Female,1,87.71,1245.68,Two year,DSL,Electronic check,No,2,Yes,No,No
CUST00808,65.0,Male,8,114.77,10896.58,One year,DSL,Bank transfer,Yes,2,No,Yes,No
CUST00809,41.0,Male,2,83.84,1872.37,Month-to-month,DSL,Credit card,Yes,1,Yes,No,No
CUST00810,24.0,Female,3,95.16,3332.57,Month-to-month,DSL,Bank transfer,No,5,Yes,No,Yes
CUST00811,68.0,Female,6,95.15,7083.76,One year,DSL,Mailed check,No,2,Yes,Yes,Yes
CUST00812,61.0,Male,9,53.08,5706.2,Two year,DSL,Bank transfer,No,0,No,No,No
CUST00813,24.0,Female,7,21.52,1827.18,One year,Fiber optic,Bank transfer,No,1,No,Yes,No
CUST00814,65.0,Male,7,25.52,2078.72,Two year,DSL,Electronic check,No,3,No,Yes,Yes
CUST00815,62.0,Female,3,48.21,1672.53,Two year,No,Electronic check,Yes,1,No,No,No
CUST00816,44.0,Female,6,88.95,6259.02,Month-to-month,Fiber optic,Electronic check,No,0,Yes,Yes,No
CUST00817,48.0,Female,9,110.65,11660.04,One year,DSL,Electronic check,No,2,Yes,Yes,No
CUST00818,38.0,Male,0,115.86,431.43,Two year,DSL,Mailed check,No,2,Yes,Yes,Yes
CUST00819,21.0,Female,5,22.6,1344.92,Two year,Fiber optic,Bank transfer,No,3,Yes,Yes,Yes
CUST00820,35.0,Female,5,118.99,7180.76,Month-to-month,DSL,Mailed check,No,3,No,No,No
CUST00821,59.0,Male,5,52.26,3076.44,One year,No,Mailed check,Yes,5,No,No,No
CUST00822,18.0,Male,1,104.28,1201.02,Month-to-month,Fiber optic,Electronic check,No,0,No,Yes,No
CUST00823,35.0,Male,7,38.04,3254.79,Month-to-month,Fiber optic,Bank transfer,No,0,Yes,Yes,No
CUST00824,38.0,Male,4,26.31,1222.85,Two year,No,Bank transfer,No,7,No,No,No
CUST00825,45.0,Female,4,57.84,2614.66,Month-to-month,Fiber optic,Mailed check,No,2,Yes,Yes,No
CUST00826,65.0,Male,1,105.88,1116.16,Month-to-month,No,Electronic check,No,3,Yes,Yes,Yes
CUST00827,36.0,Male,3,42.09,1621.8,Two year,No,Mailed check,No,0,Yes,Yes,No
CUST00828,36.0,Female,8,35.41,3296.92,Two year,No,Bank transfer,No,0,Yes,No,No
CUST00829,56.0,Male,8,110.96,10405.5,Two year,No,Electronic check,No,1,No,No,No
CUST00830,41.0,Female,5,113.82,6531.97,One year,DSL,Mailed check,No,2,Yes,Yes,No
CUST00831,29.0,Male,10,21.27,2537.21,One year,DSL,Bank transfer,Yes,0,Yes,Yes,No
CUST00832,41.0,Female,8,92.73,8984.72,Month-to-month,DSL,Credit card,No,2,Yes,Yes,No
CUST00833,25.0,Female,3,50.93,1958.81,Two year,No,Electronic check,Yes,2,Yes,Yes,No
CUST00834,27.0,Female,10,57.48,6998.46,Two year,DSL,Bank transfer,No,0,No,No,No
CUST00835,43.0,Male,0,66.91,301.39,Two year,DSL,Electronic check,No,0,No,Yes,No
CUST00836,39.0,Female,1,62.68,802.9,Two year,Fiber optic,Bank transfer,No,1,Yes,No,No
CUST00837,65.0,Male,0,71.5,499.27,Month-to-month,DSL,Electronic check,No,0,No,Yes,No
CUST00838,36.0,Male,7,78.23,6379.35,Month-to-month,Fiber optic,Credit card,No,0,No,Yes,No
CUST00839,48.0,Male,8,66.56,6360.75,Month-to-month,No,Mailed check,No,1,Yes,Yes,No
CUST00840,50.0,Female,9,90.15,9633.92,Two year,Fiber optic,Mailed check,No,2,Yes,No,No
CUST00841,19.0,Male,5,91.85,5322.12,Month-to-month,Fiber optic,Mailed check,No,3,Yes,Yes,No
CUST00842,52.0,Female,1,64.04,598.89,One year,Fiber optic,Credit card,No,0,Yes,Yes,No
CUST00843,27.0,Male,5,34.26,1958.43,Month-to-month,Fiber optic,Electronic check,No,3,Yes,Yes,No
CUST00844,67.0,Male,8,84.06,8250.52,One year,DSL,Electronic check,No,4,Yes,Yes,No
CUST00845,26.0,Female,2,97.28,2235.98,Two year,Fiber optic,Bank transfer,No,3,Yes,No,No
CUST00846,39.0,Male,8,83.81,8041.84,One year,DSL,Bank transfer,No,0,No,No,No
CUST00847,22.0,Female,1,78.8,847.1,Two year,Fiber optic,Electronic check,No,2,No,Yes,No
CUST00848,69.0,Male,10,42.95,5068.13,One year,Fiber optic,Credit card,No,3,No,Yes,No
CUST00849,44.0,Female,4,84.51,3935.35,Month-to-month,DSL,Credit card,No,6,Yes,Yes,No
CUST00850,48.0,Female,10,53.49,6313.15,Month-to-month,Fiber optic,Mailed check,No,5,No,No,Yes
CUST00851,21.0,Male,1,111.94,1516.47,Two year,Fiber optic,Mailed check,No,1,Yes,No,Yes
CUST00852,56.0,Male,6,85.37,6355.07,Month-to-month,DSL,Mailed check,No,2,No,No,Yes
CUST00853,29.0,Female,10,47.83,5720.43,Month-to-month,DSL,Electronic check,No,4,Yes,Yes,No
CUST00854,64.0,Female,9,67.29,7398.11,Month-to-month,Fiber optic,Bank transfer,No,3,Yes,Yes,No
CUST00855,28.0,Male,8,104.64,9999.25,Month-to-month,Fiber optic,Electronic check,No,2,Yes,No,No
CUST00856,28.0,Male,6,53.55,3838.71,One year,Fiber optic,Electronic check,No,1,No,No,No
CUST00857,20.0,Female,4,72.54,3475.59,One year,Fiber optic,Credit card,Yes,0,No,No,No
CUST00858,42.0,Female,3,87.96,3335.56,Two year,Fiber optic,Credit card,Yes,2,No,Yes,Yes
CUST00859,47.0,Male,3,95.44,3685.8,Two year,No,Bank transfer,No,3,No,No,No
CUST00860,21.0,Male,9,37.4,4094.3,Month-to-month,DSL,Bank transfer,No,6,No,No,Yes
CUST00861,58.0,Male,7,76.51,6605.39,Two year,No,Electronic check,No,4,No,Yes,No
CUST00862,41.0,Female,9,111.2,12105.21,Two year,Fiber optic,Electronic check,No,1,No,Yes,No
CUST00863,45.0,Male,9,116.82,12854.05,Two year,Fiber optic,Electronic check,No,3,Yes,No,No
CUST00864,40.0,Female,9,85.61,9274.88,Month-to-month,Fiber optic,Electronic check,No,1,Yes,Yes,No
CUST00865,38.0,Male,9,118.35,12975.09,Month-to-month,DSL,Credit card,No,3,No,No,No
CUST00866,47.0,Male,9,77.07,8418.55,Two year,Fiber optic,Mailed check,No,3,Yes,No,No
CUST00867,26.0,Female,0,64.26,481.69,Two year,DSL,Mailed check,Yes,1,No,No,No
CUST00868,27.0,Female,4,75.16,3487.74,One year,DSL,Mailed check,No,1,No,Yes,Yes
CUST00869,62.0,Female,1,31.59,313.42,Month-to-month,Fiber optic,Bank transfer,No,0,No,Yes,Yes
CUST00870,66.0,Male,10,60.18,7276.31,One year,DSL,Bank transfer,No,0,Yes,No,Yes
CUST00871,37.0,Female,8,65.84,6314.09,Month-to-month,DSL,Bank transfer,No,4,No,No,Yes
CUST00872,32.0,Female,6,104.85,7715.61,Month-to-month,No,Bank transfer,No,0,Yes,Yes,No
CUST00873,51.0,Male,9,95.85,10148.98,Month-to-month,No,Credit card,Yes,0,No,No,Yes
CUST00874,39.0,Male,7,80.14,6946.91,Month-to-month,Fiber optic,Electronic check,No,1,Yes,Yes,No
CUST00875,19.0,Male,5,54.73,3351.04,One year,No,Bank transfer,No,4,No,No,No
CUST00876,26.0,Male,8,38.72,3605.93,Month-to-month,No,Mailed check,No,1,Yes,Yes,No
CUST00877,55.0,Female,5,54.78,3312.11,Month-to-month,Fiber optic,Bank transfer,No,1,Yes,Yes,No
CUST00878,52.0,Male,6,87.97,6235.16,Month-to-month,No,Mailed check,No,3,Yes,Yes,Yes
CUST00879,19.0,Female,6,46.31,3271.94,Month-to-month,DSL,Electronic check,No,1,Yes,Yes,No
CUST00880,29.0,Female,8,62.69,6169.67,Month-to-month,Fiber optic,Credit card,Yes,1,No,Yes,Yes
CUST00881,30.0,Female,10,58.68,7160.07,Month-to-month,DSL,Credit card,No,3,Yes,No,Yes
CUST00882,52.0,Female,7,96.55,7825.95,Month-to-month,Fiber optic,Bank transfer,No,1,Yes,No,No
CUST00883,19.0,Male,0,108.36,443.21,One year,No,Bank transfer,No,4,No,No,No
CUST00884,23.0,Male,3,89.93,3355.9,Month-to-month,Fiber optic,Mailed check,No,2,Yes,Yes,No
CUST00885,59.0,Male,6,54.17,4013.15,Month-to-month,Fiber optic,Bank transfer,No,2,No,Yes,No
CUST00886,27.0,Female,10,63.32,7681.12,Two year,No,Credit card,No,1,No,No,No
CUST00887,51.0,Male,7,34.35,2890.55,One year,No,Bank transfer,No,3,Yes,No,Yes
CUST00888,30.0,Female,6,36.82,2758.32,Two year,DSL,Mailed check,No,2,No,Yes,No
CUST00889,23.0,Male,2,36.44,939.63,One year,No,Electronic check,No,1,No,No,No
CUST00890,30.0,Male,3,33.07,1184.28,Two year,DSL,Credit card,No,1,No,No,No
CUST00891,55.0,Male,6,37.97,2752.93,Month-to-month,Fiber optic,Credit card,No,2,Yes,No,Yes
CUST00892,62.0,Female,7,40.28,3273.57,One year,DSL,Electronic check,No,3,Yes,Yes,No
CUST00893,60.0,Female,6,31.2,2333.41,One year,DSL,Electronic check,No,5,No,Yes,Yes
CUST00894,38.0,Male,5,84.02,4972.03,Two year,DSL,Credit card,No,3,Yes,No,No
CUST00895,52.0,Female,8,119.02,11541.32,Month-to-month,Fiber optic,Mailed check,No,2,No,Yes,No
CUST00896,28.0,Male,8,107.9,10466.82,Two year,Fiber optic,Mailed check,No,1,Yes,Yes,No
CUST00897,33.0,Female,10,24.58,2884.08,One year,DSL,Bank transfer,No,3,No,No,No
CUST00898,64.0,Female,6,62.31,4398.71,Two year,No,Mailed check,Yes,7,No,No,No
CUST00899,19.0,Male,7,105.92,8996.26,Two year,No,Credit card,No,2,Yes,Yes,Yes
CUST00900,22.0,Female,5,33.48,2091.73,Two year,Fiber optic,Bank transfer,No,1,Yes,No,Yes
CUST00901,29.0,Male,0,104.75,803.63,Two year,Fiber optic,Mailed check,No,0,Yes,Yes,No
CUST00902,19.0,Female,0,79.27,513.71,Month-to-month,Fiber optic,Electronic check,No,1,Yes,Yes,No
CUST00903,27.0,Male,5,113.11,6605.2,Month-to-month,DSL,Mailed check,No,2,No,No,Yes
CUST00904,48.0,Female,1,107.59,1580.81,Month-to-month,DSL,Bank transfer,No,5,Yes,Yes,Yes
CUST00905,39.0,Male,7,87.7,7315.81,Month-to-month,No,Electronic check,No,1,No,Yes,No
CUST00906,64.0,Female,0,85.78,334.48,Month-to-month,DSL,Bank transfer,No,1,Yes,Yes,No
CUST00907,,Female,1,41.33,377.32,One year,No,Bank transfer,No,2,Yes,Yes,No
CUST00908,35.0,Female,7,31.69,2747.61,Two year,DSL,Electronic check,No,4,No,No,No
CUST00909,31.0,Female,5,61.54,3795.19,Month-to-month,DSL,Bank transfer,No,2,Yes,Yes,No
CUST00910,37.0,Female,9,38.67,4110.61,One year,DSL,Credit card,Yes,1,Yes,No,Yes
CUST00911,48.0,Male,1,30.26,298.06,Month-to-month,Fiber optic,Bank transfer,No,1,No,Yes,No
CUST00912,32.0,Male,1,50.24,741.39,Two year,Fiber optic,Credit card,No,2,No,Yes,No
CUST00913,50.0,Male,10,106.03,12559.24,Month-to-month,DSL,Electronic check,Yes,3,Yes,Yes,No
CUST00914,39.0,Female,6,21.73,1559.89,One year,Fiber optic,Bank transfer,No,1,No,No,Yes
CUST00915,46.0,Male,4,49.27,2397.83,Two year,No,Mailed check,No,2,Yes,No,Yes
CUST00916,40.0,Female,4,62.41,2831.73,Month-to-month,Fiber optic,Bank transfer,No,2,No,Yes,Yes
CUST00917,33.0,Female,7,71.06,5902.43,Two year,DSL,Credit card,No,2,Yes,Yes,Yes
CUST00918,66.0,Male,6,38.17,2849.88,Two year,DSL,Credit card,No,1,Yes,Yes,Yes
CUST00919,57.0,Male,8,116.4,11314.66,Month-to-month,Fiber optic,Mailed check,No,4,Yes,No,No
CUST00920,25.0,Male,3,77.88,2742.04,Two year,Fiber optic,Electronic check,No,2,No,No,No
CUST00921,62.0,Male,9,72.21,7925.09,Two year,No,Credit card,No,3,No,Yes,No
CUST00922,43.0,Male,3,20.9,794.76,Month-to-month,Fiber optic,Credit card,No,2,No,No,Yes
CUST00923,64.0,Male,1,68.57,679.6,Month-to-month,DSL,Credit card,Yes,9,Yes,Yes,Yes
CUST00924,59.0,Female,2,103.75,2543.99,One year,Fiber optic,Bank transfer,No,2,Yes,Yes,No
CUST00925,40.0,Female,0,41.98,218.3,Two year,Fiber optic,Bank transfer,Yes,2,Yes,Yes,No
CUST00926,19.0,Male,0,55.13,333.03,Month-to-month,DSL,Bank transfer,No,1,Yes,Yes,No
CUST00927,32.0,Male,6,22.08,1585.4,Two year,No,Bank transfer,No,1,Yes,No,No
CUST00928,46.0,Male,4,117.67,5651.04,Month-to-month,Fiber optic,Bank transfer,No,1,Yes,No,No
CUST00929,50.0,Female,2,26.68,643.89,Two year,Fiber optic,Mailed check,Yes,7,Yes,No,No
CUST00930,31.0,Female,6,109.81,7622.26,One year,DSL,Credit card,No,4,Yes,Yes,No
CUST00931,25.0,Male,1,51.31,516.46,One year,DSL,Mailed check,No,1,Yes,Yes,Yes
CUST00932,61.0,Male,2,78.75,1921.33,One year,Fiber optic,Credit card,No,1,No,No,Yes
CUST00933,68.0,Female,0,87.92,757.57,Two year,Fiber optic,Bank transfer,Yes,0,Yes,Yes,No
CUST00934,45.0,Female,7,34.1,2914.6,Month-to-month,DSL,Bank transfer,No,4,Yes,Yes,Yes
CUST00935,27.0,Male,1,64.38,671.58,Two year,DSL,Electronic check,No,1,No,Yes,No
CUST00936,32.0,Female,6,52.55,3740.26,Month-to-month,Fiber optic,Electronic check,Yes,2,No,No,No
CUST00937,19.0,Male,10,25.68,3056.0,Two year,No,Mailed check,Yes,4,Yes,Yes,Yes
CUST00938,65.0,Male,8,103.31,10084.44,Two year,DSL,Credit card,No,2,Yes,No,Yes
CUST00939,24.0,Female,5,24.53,1541.61,Month-to-month,Fiber optic,Mailed check,Yes,3,Yes,Yes,No
CUST00940,47.0,Female,1,85.32,949.82,Two year,DSL,Electronic check,No,2,No,Yes,Yes
CUST00941,32.0,Male,1,51.42,467.29,One year,Fiber optic,Credit card,No,3,Yes,No,Yes
CUST00942,46.0,Female,8,39.23,3868.44,Two year,Fiber optic,Mailed check,No,2,Yes,No,No
CUST00943,51.0,Male,9,86.7,9495.54,Month-to-month,DSL,Electronic check,No,1,No,Yes,No
CUST00944,60.0,Female,7,77.45,6661.24,Month-to-month,Fiber optic,Bank transfer,Yes,8,Yes,Yes,Yes
CUST00945,29.0,Male,8,51.53,4857.09,Two year,DSL,Mailed check,No,2,Yes,No,Yes
CUST00946,19.0,Female,3,71.3,2628.95,Two year,DSL,Bank transfer,No,1,Yes,Yes,No
CUST00947,25.0,Female,3,44.63,1535.24,One year,Fiber optic,Mailed check,No,1,No,Yes,No
CUST00948,64.0,Male,1,106.36,964.61,Two year,Fiber optic,Credit card,Yes,0,Yes,No,Yes
CUST00949,63.0,Female,9,51.39,5444.31,One year,Fiber optic,Credit card,No,3,Yes,No,No
CUST00950,48.0,Female,0,44.53,380.11,Two year,DSL,Credit card,No,1,No,Yes,No
CUST00951,49.0,Female,9,95.17,10116.15,One year,Fiber optic,Credit card,No,3,No,No,No
CUST00952,52.0,Male,3,21.78,795.15,Month-to-month,DSL,Electronic check,No,1,No,Yes,No
CUST00953,27.0,Female,9,46.81,5186.98,Month-to-month,DSL,Bank transfer,No,1,No,Yes,No
CUST00954,65.0,Female,9,57.54,6068.31,Two year,Fiber optic,Electronic check,No,3,No,No,No
CUST00955,39.0,Male,10,108.21,13184.95,Month-to-month,Fiber optic,Mailed check,No,2,Yes,Yes,No
CUST00956,38.0,Female,7,115.03,9729.53,Two year,No,Mailed check,Yes,4,No,Yes,No
CUST00957,44.0,Male,1,91.64,1002.57,Two year,Fiber optic,Bank transfer,Yes,2,Yes,No,No
CUST00958,20.0,Male,10,69.25,8254.01,Month-to-month,DSL,Bank transfer,Yes,1,Yes,Yes,No
CUST00959,26.0,Female,7,84.06,6822.29,One year,No,Electronic check,No,2,No,No,No
CUST00960,56.0,Female,0,61.4,278.47,One year,DSL,Credit card,No,0,No,No,Yes
CUST00961,22.0,Female,0,49.89,276.41,One year,DSL,Electronic check,No,1,Yes,No,No
CUST00962,49.0,Male,3,115.05,4291.56,Month-to-month,Fiber optic,Electronic check,No,1,Yes,No,Yes
CUST00963,31.0,Female,6,31.55,2229.28,Two year,No,Mailed check,No,3,No,Yes,No
CUST00964,38.0,Male,8,54.65,5272.3,One year,Fiber optic,Electronic check,No,0,Yes,Yes,Yes
CUST00965,33.0,Male,4,109.89,5427.63,Two year,Fiber optic,Bank transfer,No,1,Yes,No,Yes
CUST00966,36.0,Male,1,92.31,1217.62,One year,Fiber optic,Credit card,No,1,Yes,No,Yes
CUST00967,55.0,Female,6,22.93,1663.31,Month-to-month,Fiber optic,Mailed check,No,0,No,Yes,No
CUST00968,33.0,Female,10,22.33,2690.23,One year,Fiber optic,Bank transfer,No,0,Yes,No,No
CUST00969,47.0,Female,1,71.65,954.91,Two year,DSL,Mailed check,Yes,1,Yes,No,No
CUST00970,42.0,Female,8,68.43,6501.36,Month-to-month,DSL,Electronic check,No,1,No,Yes,Yes
CUST00971,52.0,Male,8,64.3,6153.73,Two year,DSL,Electronic check,No,0,Yes,Yes,No
CUST00972,66.0,Female,2,50.24,1346.34,One year,No,Bank transfer,No,1,No,Yes,Yes
CUST00973,55.0,Male,7,118.64,10086.15,Two year,Fiber optic,Bank transfer,Yes,3,No,No,No
CUST00974,29.0,Male,10,47.21,5670.58,Two year,Fiber optic,Mailed check,No,3,No,Yes,No
CUST00975,20.0,Male,3,69.0,2516.58,Two year,DSL,Credit card,No,2,No,Yes,No
CUST00976,31.0,Female,2,60.49,1308.26,One year,DSL,Mailed check,No,4,No,Yes,No
CUST00977,48.0,Female,0,37.04,242.67,One year,No,Electronic check,No,0,Yes,No,No
CUST00978,21.0,Female,4,40.27,2014.45,Two year,DSL,Bank transfer,No,1,No,Yes,No
CUST00979,43.0,Male,10,111.81,13433.47,One year,Fiber optic,Bank transfer,No,3,No,No,No
CUST00980,48.0,Male,3,105.81,3604.16,Two year,DSL,Mailed check,No,2,No,Yes,Yes
CUST00981,35.0,Female,0,39.92,227.1,Two year,Fiber optic,Bank transfer,No,7,No,No,No
CUST00982,57.0,Male,9,107.55,11472.29,One year,Fiber optic,Bank transfer,No,5,Yes,Yes,No
CUST00983,23.0,Female,7,40.93,3403.7,One year,Fiber optic,Electronic check,No,1,Yes,No,No
CUST00984,22.0,Female,7,82.65,6806.2,Month-to-month,Fiber optic,Credit card,No,6,Yes,No,Yes
CUST00985,55.0,Male,7,28.14,2336.12,Month-to-month,Fiber optic,Bank transfer,No,5,Yes,No,No
CUST00986,43.0,Female,2,108.02,2801.02,Two year,Fiber optic,Bank transfer,Yes,1,No,No,No
CUST00987,53.0,Female,5,25.17,1548.99,Two year,No,Mailed check,No,7,No,Yes,No
CUST00988,40.0,Male,6,75.49,5431.15,Month-to-month,Fiber optic,Credit card,No,0,Yes,Yes,No
CUST00989,31.0,Female,8,97.96,9570.2,Two year,DSL,Electronic check,Yes,3,Yes,No,Yes
CUST00990,60.0,Male,4,31.7,1611.99,Month-to-month,Fiber optic,Bank transfer,No,1,Yes,Yes,Yes
CUST00991,59.0,Female,8,60.45,5769.33,One year,Fiber optic,Credit card,Yes,0,Yes,No,No
CUST00992,53.0,Female,5,24.21,1522.53,Month-to-month,No,Credit card,No,2,No,Yes,No
CUST00993,32.0,Female,9,88.27,9398.37,Two year,DSL,Mailed check,No,1,Yes,Yes,No
CUST00994,48.0,Female,9,50.75,5619.7,Two year,DSL,Electronic check,Yes,3,No,Yes,Yes
CUST00995,36.0,Male,9,75.94,8367.26,One year,No,Credit card,No,2,No,No,No
CUST00996,23.0,Female,3,113.26,3872.76,Month-to-month,No,Electronic check,No,1,No,No,No
CUST00997,65.0,Male,0,50.59,257.98,One year,Fiber optic,Credit card,No,1,Yes,Yes,No
CUST00998,25.0,Female,0,24.88,180.32,Two year,DSL,Bank transfer,Yes,2,No,No,No
CUST00999,66.0,Female,9,87.56,9294.02,Month-to-month,DSL,Electronic check,Yes,3,No,Yes,No
CUST01000,41.0,Male,4,98.67,4789.99,Month-to-month,DSL,Mailed check,No,2,No,Yes,Yes
CUST01001,27.0,Male,2,115.77,2802.62,Two year,Fiber optic,Credit card,No,2,No,Yes,No
CUST01002,46.0,Female,4,35.79,1673.4,Month-to-month,DSL,Bank transfer,No,2,Yes,Yes,No
CUST01003,63.0,Female,4,59.22,2771.61,Month-to-month,No,Credit card,Yes,1,Yes,Yes,Yes
CUST01004,55.0,Male,0,104.4,636.62,One year,DSL,Bank transfer,No,2,Yes,No,No
CUST01005,59.0,Male,7,100.67,8335.79,Two year,Fiber optic,Electronic check,No,7,Yes,Yes,No
CUST01006,52.0,Male,4,82.47,3800.55,Two year,Fiber optic,Mailed check,Yes,3,Yes,No,No
CUST01007,53.0,Female,4,46.95,2330.41,Month-to-month,Fiber optic,Bank transfer,No,2,Yes,No,Yes
CUST01008,61.0,Male,8,48.41,4671.32,One year,Fiber optic,Credit card,Yes,2,No,No,No
CUST01009,31.0,Female,7,32.42,2710.76,Month-to-month,Fiber optic,Bank transfer,No,2,Yes,No,Yes
CUST01010,43.0,Male,0,112.17,458.49,Month-to-month,No,Bank transfer,No,3,Yes,No,Yes
CUST01011,29.0,Female,2,37.31,916.47,One year,Fiber optic,Mailed check,No,2,Yes,Yes,No
CUST01012,68.0,Male,6,77.29,5624.21,Month-to-month,DSL,Electronic check,No,3,Yes,No,Yes
CUST01013,66.0,Female,0,78.43,461.06,Month-to-month,DSL,Bank transfer,No,1,Yes,Yes,No
CUST01014,20.0,Male,0,56.97,298.3,Two year,No,Bank transfer,No,2,Yes,No,No
CUST01015,54.0,Female,4,55.26,2774.13,One year,Fiber optic,Credit card,No,4,No,No,No
CUST01016,65.0,Male,8,86.85,8444.53,Two year,No,Credit card,No,1,Yes,No,No
CUST01017,27.0,Female,5,58.83,3479.28,Month-to-month,Fiber optic,Electronic check,No,6,No,Yes,No
CUST01018,47.0,Female,9,45.52,4941.73,One year,DSL,Electronic check,No,1,Yes,Yes,No
CUST01019,65.0,Male,1,59.92,623.28,Month-to-month,Fiber optic,Electronic check,Yes,1,Yes,Yes,No
CUST01020,20.0,Female,10,100.75,11795.14,Month-to-month,Fiber optic,Credit card,No,2,No,Yes,No
CUST01021,54.0,Female,8,116.63,11454.51,Two year,Fiber optic,Bank transfer,No,3,No,Yes,No
CUST01022,33.0,Male,5,83.59,5175.31,Two year,No,Electronic check,No,3,No,Yes,Yes
CUST01023,65.0,Male,4,98.2,4795.68,Month-to-month,Fiber optic,Credit card,No,1,Yes,Yes,Yes
CUST01024,68.0,Male,4,73.28,3654.38,Two year,DSL,Credit card,Yes,1,No,Yes,No
CUST01025,66.0,Female,2,82.48,2118.42,Two year,Fiber optic,Electronic check,No,2,No,Yes,No
CUST01026,42.0,Female,5,118.79,7384.12,Month-to-month,Fiber optic,Credit card,No,1,No,No,No
CUST01027,62.0,Male,3,63.84,2448.51,Month-to-month,Fiber optic,Bank transfer,Yes,2,No,No,No
CUST01028,61.0,Female,9,26.64,2928.39,Month-to-month,Fiber optic,Mailed check,No,2,No,Yes,No
CUST01029,34.0,Female,1,115.68,1632.34,Two year,Fiber optic,Credit card,No,2,Yes,No,No
CUST01030,60.0,Female,2,99.29,2384.08,Month-to-month,Fiber optic,Credit card,No,1,Yes,Yes,Yes
CUST01031,20.0,Female,8,59.84,5818.85,Month-to-month,Fiber optic,Mailed check,No,1,Yes,Yes,No
CUST01032,48.0,Female,10,118.22,14068.14,One year,Fiber optic,Bank transfer,No,1,Yes,Yes,Yes
CUST01033,30.0,Female,10,54.56,6665.39,One year,DSL,Electronic check,No,0,Yes,No,No
CUST01034,24.0,Male,8,57.22,5615.95,Two year,Fiber optic,Credit card,No,2,No,Yes,No
CUST01035,22.0,Female,5,80.97,4647.35,Month-to-month,Fiber optic,Bank transfer,No,3,No,Yes,Yes
CUST01036,54.0,Male,9,47.44,5080.38,One year,DSL,Electronic check,No,0,No,Yes,No
CUST01037,35.0,Male,9,89.85,9526.59,Two year,No,Bank transfer,No,0,No,Yes,Yes
CUST01038,55.0,Male,8,35.3,3311.56,Month-to-month,DSL,Mailed check,No,0,No,Yes,No
CUST01039,21.0,Female,3,30.82,1093.72,Month-to-month,DSL,Credit card,Yes,3,Yes,Yes,Yes
CUST01040,34.0,Female,10,73.49,8873.78,Two year,Fiber optic,Bank transfer,No,0,Yes,No,Yes
CUST01041,46.0,Male,4,75.55,3555.43,Two year,DSL,Electronic check,Yes,7,Yes,No,No
CUST01042,58.0,Male,9,30.68,3278.45,Month-to-month,Fiber optic,Electronic check,No,1,No,Yes,No
CUST01043,34.0,Male,5,116.4,6700.72,Month-to-month,Fiber optic,Electronic check,No,1,Yes,No,No
CUST01044,50.0,Female,8,77.33,7368.95,Two year,DSL,Mailed check,No,0,Yes,Yes,No
CUST01045,63.0,Male,4,35.12,1679.52,One year,No,Bank transfer,No,2,No,Yes,No
CUST01046,49.0,Female,7,51.15,4265.66,Two year,DSL,Bank transfer,No,2,No,No,No
CUST01047,30.0,Male,10,100.01,12109.43,Two year,Fiber optic,Electronic check,Yes,2,Yes,No,No
CUST01048,19.0,Male,0,72.32,342.01,Month-to-month,No,Electronic check,No,1,No,Yes,No
CUST01049,62.0,Male,4,38.83,1914.04,Two year,Fiber optic,Electronic check,Yes,1,Yes,No,Yes
CUST01050,19.0,Male,9,30.3,3342.07,Month-to-month,No,Mailed check,No,1,No,No,Yes
CUST01051,63.0,Female,0,63.08,413.01,Two year,No,Mailed check,No,2,Yes,Yes,No
CUST01052,45.0,Male,9,53.75,5768.88,Two year,No,Credit card,No,1,No,Yes,No
CUST01053,66.0,Male,5,85.59,4970.65,One year,DSL,Credit card,Yes,3,No,No,No
CUST01054,59.0,Male,6,112.51,8392.46,One year,Fiber optic,Credit card,No,1,No,No,No
CUST01055,69.0,Male,4,44.78,2217.26,Month-to-month,No,Electronic check,No,1,Yes,Yes,No
CUST01056,36.0,Male,0,105.51,472.54,Month-to-month,No,Mailed check,No,2,No,Yes,No
CUST01057,57.0,Male,5,112.03,6486.93,Month-to-month,No,Mailed check,No,0,Yes,Yes,No
CUST01058,38.0,Female,9,110.18,11601.94,Two year,No,Credit card,Yes,2,Yes,Yes,No
CUST01059,42.0,Female,4,115.19,5315.23,One year,Fiber optic,Electronic check,No,1,No,No,No
CUST01060,50.0,Male,5,104.2,6397.11,Month-to-month,DSL,Bank transfer,No,0,Yes,Yes,Yes
CUST01061,63.0,Male,10,79.34,9583.05,Two year,DSL,Electronic check,No,4,No,Yes,No
CUST01062,68.0,Female,9,60.99,6757.78,Month-to-month,DSL,Electronic check,Yes,1,No,No,No
CUST01063,57.0,Male,6,69.17,4906.29,Two year,DSL,Credit card,No,2,Yes,No,No
CUST01064,39.0,Male,6,107.25,7906.16,One year,DSL,Mailed check,No,3,No,Yes,No
CUST01065,39.0,Male,1,50.15,487.57,One year,DSL,Mailed check,No,1,Yes,No,Yes
CUST01066,56.0,Male,2,35.94,876.05,Month-to-month,DSL,Bank transfer,No,4,No,No,No
CUST01067,30.0,Female,5,34.1,2038.98,Two year,No,Mailed check,No,1,Yes,No,No
CUST01068,24.0,Male,2,102.69,2672.84,Month-to-month,DSL,Mailed check,No,2,Yes,Yes,Yes
CUST01069,36.0,Female,1,,1269.95,Month-to-month,DSL,Bank transfer,Yes,3,No,Yes,No
CUST01070,33.0,Male,3,69.76,2383.57,One year,Fiber optic,Bank transfer,No,4,Yes,No,No
CUST01071,33.0,Male,4,47.5,2417.71,Two year,No,Credit card,No,2,No,Yes,No
CUST01072,30.0,Female,10,87.75,10700.65,Month-to-month,DSL,Credit card,Yes,2,Yes,No,No
CUST01073,20.0,Male,9,23.86,2556.26,Two year,DSL,Credit card,No,2,Yes,No,No
CUST01074,19.0,Female,8,76.82,7525.0,Two year,DSL,Credit card,No,1,No,Yes,No
CUST01075,68.0,Male,2,59.85,1600.39,One year,DSL,Mailed check,Yes,3,Yes,Yes,Yes
CUST01076,40.0,Female,2,117.77,3102.18,One year,DSL,Credit card,Yes,1,No,Yes,No
CUST01077,38.0,Male,5,70.76,,Month-to-month,Fiber optic,Electronic check,No,2,Yes,Yes,Yes
CUST01078,53.0,Female,4,75.22,3645.61,Month-to-month,No,Bank transfer,No,2,Yes,Yes,Yes
CUST01079,29.0,Male,5,91.23,5258.33,One year,Fiber optic,Credit card,No,4,No,No,Yes
CUST01080,66.0,Female,6,68.45,4791.01,Month-to-month,Fiber optic,Bank transfer,No,2,No,No,No
CUST01081,58.0,Male,10,42.47,5219.12,One year,DSL,Mailed check,No,3,No,Yes,No
CUST01082,23.0,Female,2,73.73,1888.77,Month-to-month,Fiber optic,Credit card,No,1,Yes,No,No
CUST01083,39.0,Male,4,114.41,5165.92,One year,Fiber optic,Electronic check,No,1,No,Yes,No
CUST01084,63.0,Female,7,60.99,5140.95,One year,Fiber optic,Bank transfer,No,2,Yes,Yes,Yes
CUST01085,66.0,Male,3,87.96,3084.81,Two year,No,Credit card,No,2,No,Yes,Yes
CUST01086,42.0,Male,9,117.78,12587.5,One year,DSL,Electronic check,No,2,No,Yes,Yes
CUST01087,49.0,Male,1,102.98,1270.72,Month-to-month,No,Mailed check,No,3,Yes,Yes,No
CUST01088,,Male,3,85.9,2999.6,Month-to-month,No,Electronic check,No,1,No,Yes,No
CUST01089,69.0,Male,1,93.59,983.57,One year,DSL,Mailed check,No,2,No,Yes,No
CUST01090,30.0,Female,2,113.63,3025.64,One year,DSL,Bank transfer,No,1,No,Yes,Yes
CUST01091,66.0,Female,3,115.96,3854.31,One year,DSL,Credit card,No,1,Yes,No,Yes
CUST01092,51.0,Male,3,116.88,4162.85,One year,Fiber optic,Electronic check,No,0,No,Yes,No
CUST01093,49.0,Female,9,,8921.93,Two year,DSL,Electronic check,No,3,No,Yes,No
CUST01094,44.0,Female,8,58.48,5592.61,Two year,DSL,Electronic check,No,2,Yes,Yes,Yes
CUST01095,30.0,Male,9,33.33,3631.09,Month-to-month,No,Mailed check,No,1,Yes,No,No
CUST01096,27.0,Female,5,58.56,3346.91,Two year,DSL,Bank transfer,No,2,Yes,Yes,Yes
CUST01097,29.0,Female,8,114.28,11234.65,Month-to-month,DSL,Bank transfer,No,1,Yes,No,Yes
CUST01098,28.0,Female,3,108.96,3922.85,Month-to-month,Fiber optic,Credit card,No,3,Yes,Yes,No
CUST01099,58.0,Male,8,72.37,6970.35,One year,No,Credit card,No,2,No,No,Yes
CUST01100,36.0,Female,10,73.7,8827.45,One year,DSL,Bank transfer,No,0,No,Yes,Yes
CUST01101,21.0,Male,8,50.9,4869.42,Month-to-month,DSL,Bank transfer,No,7,Yes,No,No
CUST01102,67.0,Male,5,65.45,3804.12,Two year,Fiber optic,Bank transfer,No,0,Yes,Yes,No
CUST01103,63.0,Male,4,91.44,4391.35,Month-to-month,Fiber optic,Electronic check,No,3,No,No,Yes
CUST01104,65.0,Female,2,60.25,1417.5,Month-to-month,No,Mailed check,No,2,Yes,Yes,Yes
CUST01105,69.0,Female,4,38.81,1855.5,Month-to-month,DSL,Bank transfer,No,1,Yes,No,No
CUST01106,27.0,Female,2,74.08,1561.92,One year,Fiber optic,Credit card,Yes,3,Yes,Yes,Yes
CUST01107,38.0,Female,4,42.54,1947.92,Month-to-month,Fiber optic,Mailed check,No,0,Yes,No,No
CUST01108,57.0,Male,4,117.41,5821.06,Month-to-month,No,Electronic check,No,4,No,Yes,No
CUST01109,53.0,Male,1,59.04,679.8,Month-to-month,Fiber optic,Mailed check,No,1,Yes,Yes,No
CUST01110,26.0,Male,8,110.95,10812.91,Month-to-month,Fiber optic,Bank transfer,No,1,Yes,No,No
CUST01111,60.0,Male,6,42.57,2980.78,Month-to-month,DSL,Mailed check,No,2,No,No,No
CUST01112,29.0,Female,5,38.93,2382.3,Month-to-month,DSL,Credit card,Yes,0,Yes,No,No
CUST01113,29.0,Female,4,81.69,3817.54,Month-to-month,Fiber optic,Mailed check,No,2,No,Yes,No
CUST01114,45.0,Male,3,97.93,3645.88,One year,DSL,Bank transfer,No,4,Yes,No,Yes
CUST01115,48.0,Male,7,76.67,6250.5,Month-to-month,Fiber optic,Mailed check,No,3,No,Yes,No
CUST01116,48.0,Male,1,42.99,472.97,One year,DSL,Mailed check,No,1,Yes,No,No
CUST01117,23.0,Male,7,23.81,1945.49,Month-to-month,No,Mailed check,No,3,Yes,Yes,No
CUST01118,63.0,Female,0,81.82,554.59,Month-to-month,DSL,Credit card,No,5,No,No,No
CUST01119,32.0,Female,9,33.12,3555.45,Two year,Fiber optic,Mailed check,No,1,No,No,Yes
CUST01120,25.0,Female,0,54.32,187.18,One year,Fiber optic,Mailed check,No,2,No,No,No
CUST01121,63.0,Male,2,87.57,2115.57,Two year,DSL,Electronic check,No,1,Yes,No,No
CUST01122,67.0,Male,4,29.82,1346.28,Month-to-month,DSL,Mailed check,No,4,No,Yes,Yes
CUST01123,62.0,Male,5,32.74,2026.97,Two year,No,Mailed check,No,3,Yes,Yes,No
CUST01124,59.0,Female,3,26.18,1011.5,Two year,DSL,Electronic check,No,3,Yes,No,Yes
CUST01125,51.0,Female,6,119.59,8832.83,Two year,DSL,Credit card,No,5,Yes,Yes,No
CUST01126,46.0,Male,6,58.71,4386.33,Two year,DSL,Credit card,No,1,No,Yes,No
CUST01127,22.0,Female,1,110.56,1590.2,Month-to-month,Fiber optic,Electronic check,No,0,Yes,No,No
CUST01128,39.0,Male,1,49.37,709.38,Month-to-month,DSL,Electronic check,No,1,Yes,Yes,No
CUST01129,37.0,Female,1,95.31,998.15,One year,No,Mailed check,No,1,No,No,Yes
CUST01130,31.0,Female,1,41.92,435.4,Month-to-month,No,Credit card,No,2,No,Yes,Yes
CUST01131,55.0,Female,8,69.83,6833.57,Two year,No,Credit card,No,3,Yes,No,Yes
CUST01132,43.0,Female,4,102.45,4912.24,Month-to-month,DSL,Mailed check,No,1,No,Yes,No
CUST01133,22.0,Male,10,101.62,12464.18,Two year,No,Bank transfer,No,2,Yes,Yes,No
CUST01134,29.0,Male,7,99.42,8587.93,Month-to-month,Fiber optic,Mailed check,No,3,Yes,Yes,No
CUST01135,53.0,Male,4,102.36,5154.78,Month-to-month,No,Bank transfer,No,1,No,Yes,Yes
CUST01136,22.0,Male,10,41.16,4896.11,Two year,Fiber optic,Mailed check,No,1,Yes,Yes,Yes
CUST01137,61.0,Female,4,68.22,3124.41,Month-to-month,DSL,Electronic check,No,2,No,No,No
CUST01138,43.0,Female,0,68.49,484.05,Month-to-month,No,Mailed check,Yes,2,No,No,No
CUST01139,43.0,Male,5,109.03,6503.2,Month-to-month,Fiber optic,Electronic check,No,5,No,No,Yes
CUST01140,48.0,Female,3,49.7,1918.5,Two year,No,Bank transfer,No,1,No,No,No
CUST01141,60.0,Male,2,113.13,2955.38,Two year,DSL,Bank transfer,No,3,No,Yes,No
CUST01142,36.0,Male,5,65.08,4072.35,Two year,No,Electronic check,No,2,No,No,No
CUST01143,53.0,Male,1,86.97,1079.08,One year,DSL,Electronic check,No,0,No,Yes,No
CUST01144,47.0,Male,7,46.9,3946.77,Month-to-month,DSL,Credit card,No,0,No,No,No
CUST01145,32.0,Male,0,61.03,493.3,Month-to-month,Fiber optic,Credit card,No,1,Yes,No,No
CUST01146,63.0,Male,8,90.97,8739.77,Month-to-month,Fiber optic,Mailed check,No,0,Yes,Yes,No
CUST01147,59.0,Male,7,71.27,6158.1,One year,Fiber optic,Electronic check,No,1,Yes,No,No
CUST01148,52.0,Female,0,113.05,362.51,One year,Fiber optic,Bank transfer,No,2,No,No,Yes
CUST01149,61.0,Male,9,93.7,10040.53,Month-to-month,DSL,Credit card,No,2,No,No,No
CUST01150,62.0,Male,8,76.44,7491.58,Month-to-month,Fiber optic,Electronic check,No,2,No,No,No
CUST01151,54.0,Male,1,108.65,1114.73,Month-to-month,DSL,Bank transfer,No,0,No,Yes,No
CUST01152,61.0,Female,2,86.55,2024.71,Month-to-month,Fiber optic,Bank transfer,No,2,Yes,Yes,No
CUST01153,54.0,Male,1,84.73,767.64,Month-to-month,DSL,Electronic check,Yes,2,Yes,Yes,Yes
CUST01154,53.0,Female,7,44.65,3697.25,Month-to-month,DSL,Mailed check,No,4,No,Yes,Yes
CUST01155,50.0,Female,1,59.49,649.14,Month-to-month,No,Credit card,No,4,No,Yes,No
CUST01156,56.0,Female,9,88.32,9662.12,Two year,DSL,Credit card,No,3,No,No,No
CUST01157,26.0,Female,1,109.16,1426.11,Month-to-month,Fiber optic,Electronic check,No,3,Yes,No,No
CUST01158,63.0,Male,0,51.56,292.34,Two year,DSL,Mailed check,Yes,0,No,No,Yes
CUST01159,62.0,Male,6,41.56,3049.3,Month-to-month,DSL,Bank transfer,No,0,Yes,No,Yes
CUST01160,19.0,Male,1,79.37,918.26,One year,Fiber optic,Mailed check,No,3,No,Yes,No
CUST01161,60.0,Female,9,26.74,2877.11,Month-to-month,Fiber optic,Credit card,No,2,Yes,No,No
CUST01162,25.0,Male,4,91.45,4469.25,One year,Fiber optic,Electronic check,Yes,2,No,No,Yes
CUST01163,35.0,Male,4,90.31,4455.44,Month-to-month,No,Credit card,No,3,No,Yes,No
CUST01164,56.0,Female,2,55.5,1447.58,Month-to-month,No,Electronic check,No,2,Yes,Yes,No
CUST01165,26.0,Male,2,109.25,2786.85,Two year,No,Mailed check,Yes,1,No,Yes,No
CUST01166,60.0,Female,2,70.22,1756.99,One year,Fiber optic,Credit card,Yes,1,Yes,No,No
CUST01167,60.0,Female,5,84.57,5105.44,Month-to-month,Fiber optic,Mailed check,No,0,Yes,Yes,No
CUST01168,44.0,Male,3,40.97,1427.73,Month-to-month,Fiber optic,Credit card,No,3,Yes,No,No
CUST01169,18.0,Male,2,61.74,1393.2,Month-to-month,Fiber optic,Mailed check,No,2,Yes,Yes,Yes
CUST01170,33.0,Male,1,106.23,1493.5,Two year,Fiber optic,Credit card,No,5,No,No,No
CUST01171,49.0,Female,2,41.31,1045.2,One year,DSL,Electronic check,No,3,Yes,No,No
CUST01172,68.0,Female,3,59.06,2184.84,Month-to-month,DSL,Mailed check,Yes,0,No,Yes,Yes
CUST01173,50.0,Female,5,51.81,3033.92,Month-to-month,DSL,Mailed check,No,1,Yes,No,Yes
CUST01174,31.0,Female,3,35.12,1363.51,One year,DSL,Electronic check,Yes,2,Yes,Yes,No
CUST01175,50.0,Female,7,48.98,3991.29,Month-to-month,DSL,Bank transfer,No,4,Yes,No,No
CUST01176,46.0,Male,2,43.29,1126.76,One year,Fiber optic,Credit card,No,1,No,No,No
CUST01177,58.0,Male,2,112.34,2501.27,Two year,DSL,Credit card,No,3,No,No,No
CUST01178,23.0,Female,2,94.1,2197.53,One year,Fiber optic,Electronic check,Yes,1,Yes,Yes,No
CUST01179,57.0,Male,7,51.62,4313.54,Month-to-month,Fiber optic,Credit card,No,1,No,No,No
CUST01180,46.0,Male,3,96.32,3561.67,Two year,DSL,Mailed check,No,4,No,No,No
CUST01181,67.0,Female,0,22.23,139.62,Month-to-month,DSL,Mailed check,No,0,No,Yes,No
CUST01182,35.0,Male,1,72.65,734.98,One year,DSL,Electronic check,Yes,3,Yes,Yes,No
CUST01183,50.0,Female,9,45.04,4737.67,Two year,Fiber optic,Mailed check,No,0,No,Yes,No
CUST01184,66.0,Female,1,31.45,418.36,One year,Fiber optic,Bank transfer,Yes,3,Yes,No,Yes
CUST01185,23.0,Male,2,108.36,2603.85,One year,Fiber optic,Credit card,No,3,No,No,No
CUST01186,66.0,Female,5,39.95,2363.64,Month-to-month,DSL,Electronic check,No,4,No,Yes,No
CUST01187,53.0,Male,7,102.23,8454.85,Two year,Fiber optic,Electronic check,Yes,1,No,Yes,Yes
CUST01188,21.0,Male,0,61.33,486.82,Month-to-month,Fiber optic,Credit card,No,0,No,No,No
CUST01189,33.0,Male,8,21.45,2097.09,Two year,DSL,Bank transfer,No,2,Yes,No,No
CUST01190,54.0,Male,0,93.24,741.88,Month-to-month,Fiber optic,Electronic check,No,1,No,Yes,Yes
CUST01191,21.0,Male,9,79.63,8466.06,Month-to-month,Fiber optic,Credit card,No,2,No,No,Yes
CUST01192,48.0,Male,1,,768.01,Month-to-month,DSL,Bank transfer,No,2,Yes,Yes,No
CUST01193,36.0,Male,2,48.16,1296.23,Month-to-month,Fiber optic,Electronic check,No,0,No,Yes,No
CUST01194,50.0,Male,6,27.39,1988.1,Two year,DSL,Bank transfer,No,3,No,Yes,No
CUST01195,20.0,Female,8,114.12,10645.92,Two year,DSL,Electronic check,No,3,No,No,No
CUST01196,62.0,Female,2,69.4,1749.79,One year,DSL,Credit card,No,6,No,Yes,No
CUST01197,68.0,Male,7,28.57,2406.33,Month-to-month,DSL,Credit card,No,1,Yes,No,No
CUST01198,67.0,Male,8,106.85,10393.86,Month-to-month,DSL,Credit card,No,1,Yes,No,No
CUST01199,56.0,Male,9,47.89,5082.77,One year,Fiber optic,Bank transfer,No,1,Yes,Yes,No
CUST01200,25.0,Male,6,40.37,2932.42,Month-to-month,No,Mailed check,No,1,Yes,No,No
CUST01201,57.0,Female,3,48.1,1743.0,Two year,Fiber optic,Bank transfer,No,1,Yes,Yes,No
CUST01202,19.0,Female,3,76.45,2799.38,Month-to-month,Fiber optic,Credit card,No,7,Yes,Yes,No
CUST01203,19.0,Male,3,27.42,1024.69,One year,No,Electronic check,No,0,No,Yes,Yes
CUST01204,35.0,Male,5,68.18,4108.67,Two year,DSL,Mailed check,No,1,No,Yes,No
CUST01205,43.0,Male,3,109.56,3826.97,One year,DSL,Bank transfer,No,0,Yes,Yes,Yes
CUST01206,57.0,Female,4,38.83,1819.32,Two year,Fiber optic,Bank transfer,No,1,No,Yes,No
CUST01207,53.0,Male,8,53.13,5162.23,Two year,Fiber optic,Electronic check,No,0,No,Yes,Yes
CUST01208,41.0,Female,6,59.62,4350.99,One year,DSL,Electronic check,No,2,Yes,No,No
CUST01209,32.0,Female,7,78.62,6567.17,Month-to-month,Fiber optic,Credit card,No,2,No,Yes,No
CUST01210,69.0,Male,4,111.91,5273.27,Month-to-month,DSL,Bank transfer,No,1,Yes,Yes,Yes
CUST01211,40.0,Female,4,59.46,2896.85,Two year,Fiber optic,Electronic check,No,1,No,No,Yes
CUST01212,41.0,Female,10,26.93,3201.55,One year,Fiber optic,Electronic check,No,2,Yes,No,Yes
CUST01213,26.0,Female,6,54.8,4098.01,Two year,No,Mailed check,No,1,No,Yes,No
CUST01214,59.0,Male,10,39.02,4705.1,One year,No,Credit card,No,0,No,No,No
CUST01215,53.0,Male,7,85.17,7201.38,Month-to-month,Fiber optic,Credit card,No,4,Yes,No,No
CUST01216,29.0,Female,8,22.95,2152.66,Two year,DSL,Bank transfer,No,2,Yes,Yes,Yes
CUST01217,22.0,Female,1,49.2,622.78,Month-to-month,Fiber optic,Electronic check,No,2,Yes,No,No
CUST01218,53.0,Female,2,74.52,1696.69,Two year,DSL,Credit card,Yes,4,Yes,No,No
CUST01219,51.0,Female,1,47.74,559.11,Month-to-month,No,Bank transfer,No,2,Yes,Yes,No
CUST01220,32.0,Female,9,75.1,8127.74,Month-to-month,No,Credit card,No,3,No,Yes,No
CUST01221,66.0,Female,6,31.49,2262.87,Month-to-month,Fiber optic,Bank transfer,No,4,No,No,No
CUST01222,26.0,Male,1,114.26,1583.27,Two year,Fiber optic,Electronic check,No,1,No,Yes,No
CUST01223,40.0,Female,1,49.1,471.19,Two year,Fiber optic,Credit card,No,4,No,Yes,No
CUST01224,66.0,Female,1,112.28,1123.28,Two year,DSL,Bank transfer,No,0,Yes,No,No
CUST01225,39.0,Female,3,52.59,1785.02,Month-to-month,Fiber optic,Bank transfer,No,1,Yes,No,No
CUST01226,51.0,Female,0,98.17,775.66,Month-to-month,Fiber optic,Electronic check,No,3,Yes,Yes,Yes
CUST01227,38.0,Male,1,44.63,433.32,One year,No,Credit card,Yes,4,Yes,Yes,No
CUST01228,32.0,Female,2,86.97,2333.29,Month-to-month,DSL,Bank transfer,No,3,Yes,No,No
CUST01229,68.0,Female,6,52.38,3918.71,Two year,No,Bank transfer,No,0,No,No,No
CUST01230,39.0,Male,9,70.92,7868.14,Two year,Fiber optic,Bank transfer,No,2,Yes,No,Yes
CUST01231,64.0,Male,0,87.37,775.72,Month-to-month,No,Bank transfer,No,2,No,No,No
CUST01232,30.0,Male,5,78.88,4566.96,Two year,DSL,Credit card,Yes,1,Yes,Yes,No
CUST01233,29.0,Male,2,77.63,1936.32,Two year,Fiber optic,Mailed check,No,8,Yes,No,No
CUST01234,20.0,Male,2,26.59,622.05,Two year,No,Credit card,Yes,1,Yes,Yes,No
CUST01235,51.0,Male,3,44.92,1679.52,One year,Fiber optic,Bank transfer,No,1,No,No,No
CUST01236,37.0,Female,3,77.18,2734.95,Two year,DSL,Credit card,No,0,No,No,No
CUST01237,62.0,Female,6,21.85,1557.96,One year,Fiber optic,Credit card,No,1,Yes,Yes,Yes
CUST01238,42.0,Female,2,45.07,1191.03,Month-to-month,No,Electronic check,No,3,Yes,Yes,No
CUST01239,67.0,Female,7,42.93,3604.66,Month-to-month,Fiber optic,Electronic check,No,1,No,Yes,No
CUST01240,27.0,Male,7,45.0,3844.36,Month-to-month,Fiber optic,Bank transfer,Yes,3,No,No,Yes
CUST01241,62.0,Male,10,73.56,8893.31,Month-to-month,No,Mailed check,No,0,No,Yes,Yes
CUST01242,58.0,Female,6,78.19,5703.87,Month-to-month,Fiber optic,Electronic check,No,2,No,Yes,No
CUST01243,57.0,Male,1,110.88,1230.22,Two year,No,Credit card,Yes,3,Yes,Yes,No
CUST01244,61.0,Female,4,58.61,2726.12,One year,Fiber optic,Bank transfer,No,0,No,No,Yes
CUST01245,57.0,Female,5,112.64,7018.94,Month-to-month,DSL,Mailed check,Yes,2,Yes,Yes,No
CUST01246,50.0,Female,9,85.19,8957.45,Month-to-month,DSL,Electronic check,No,3,No,Yes,Yes
CUST01247,25.0,Female,3,111.25,3786.66,One year,DSL,Bank transfer,No,2,No,No,No
CUST01248,20.0,Male,9,103.33,10932.39,Month-to-month,Fiber optic,Mailed check,No,2,No,No,No
CUST01249,65.0,Male,4,88.75,4499.34,Month-to-month,Fiber optic,Bank transfer,No,3,Yes,Yes,No
CUST01250,49.0,Female,8,55.62,5174.0,Two year,No,Mailed check,No,7,Yes,Yes,Yes
CUST01251,59.0,Male,10,44.12,5164.33,Two year,No,Electronic check,No,1,Yes,No,Yes
CUST01252,43.0,Female,6,42.25,2972.74,One year,DSL,Credit card,No,3,Yes,No,No
CUST01253,24.0,Male,1,115.2,1229.7,One year,Fiber optic,Credit card,No,0,No,Yes,No
CUST01254,24.0,Female,10,115.84,13942.27,Month-to-month,Fiber optic,Electronic check,Yes,0,No,Yes,No
CUST01255,53.0,Female,0,92.47,810.76,One year,DSL,Electronic check,No,1,No,Yes,Yes
CUST01256,40.0,Female,1,108.36,1277.64,One year,Fiber optic,Electronic check,Yes,6,No,Yes,No
CUST01257,28.0,Male,2,111.88,2543.4,Two year,DSL,Mailed check,No,2,Yes,Yes,No
CUST01258,43.0,Male,10,71.16,8673.96,Month-to-month,DSL,Mailed check,No,1,No,Yes,Yes
CUST01259,21.0,Female,1,82.9,938.0,Two year,DSL,Mailed check,No,0,No,No,No
CUST01260,48.0,Male,10,61.88,7292.43,Month-to-month,Fiber optic,Mailed check,Yes,4,No,Yes,No
CUST01261,32.0,Female,2,61.85,1593.78,One year,Fiber optic,Mailed check,No,1,No,No,No
CUST01262,59.0,Female,9,23.86,2505.79,One year,Fiber optic,Mailed check,No,1,Yes,Yes,No
CUST01263,34.0,Female,10,63.38,,One year,Fiber optic,Mailed check,Yes,4,No,No,No
CUST01264,41.0,Female,10,87.34,10551.86,One year,DSL,Electronic check,No,2,No,No,No
CUST01265,19.0,Male,8,62.2,5822.96,Month-to-month,DSL,Mailed check,Yes,1,Yes,Yes,No
CUST01266,22.0,Female,3,107.23,3703.04,Month-to-month,DSL,Bank transfer,Yes,2,No,Yes,No
CUST01267,38.0,Female,8,53.26,5079.15,Month-to-month,DSL,Mailed check,Yes,4,Yes,No,Yes
CUST01268,42.0,Male,10,33.28,3973.26,Month-to-month,No,Credit card,No,4,Yes,No,Yes
CUST01269,49.0,Female,2,101.14,2714.37,Month-to-month,Fiber optic,Credit card,No,0,No,Yes,No
CUST01270,33.0,Male,0,87.39,616.37,One year,DSL,Electronic check,No,1,No,Yes,No
CUST01271,53.0,Male,10,44.19,5180.31,Month-to-month,DSL,Credit card,No,1,Yes,Yes,Yes
CUST01272,62.0,Male,4,73.64,3411.77,Month-to-month,Fiber optic,Credit card,No,2,Yes,Yes,No
CUST01273,58.0,Female,9,60.19,6542.48,One year,Fiber optic,Credit card,No,3,Yes,No,No
CUST01274,20.0,Male,9,113.87,12443.6,Two year,Fiber optic,Electronic check,Yes,1,No,No,No
CUST01275,43.0,Female,1,80.73,910.91,Two year,DSL,Electronic check,No,3,No,Yes,No
CUST01276,23.0,Female,3,35.85,1367.4,Two year,Fiber optic,Mailed check,Yes,3,Yes,Yes,No
CUST01277,30.0,Male,1,70.21,1029.39,One year,DSL,Credit card,No,3,Yes,Yes,No
CUST01278,68.0,Male,1,106.24,1347.6,Month-to-month,No,Mailed check,No,5,Yes,No,No
CUST01279,25.0,Female,2,87.14,2124.05,Two year,DSL,Electronic check,No,2,Yes,Yes,No
CUST01280,43.0,Male,4,104.23,5159.96,Month-to-month,DSL,Mailed check,Yes,1,No,Yes,Yes
CUST01281,50.0,Female,3,45.05,1698.03,Month-to-month,Fiber optic,Mailed check,No,3,Yes,Yes,Yes
CUST01282,54.0,Male,1,108.82,1120.04,Month-to-month,DSL,Credit card,No,3,No,Yes,Yes
CUST01283,47.0,Male,10,95.55,11456.69,Month-to-month,Fiber optic,Electronic check,No,1,No,No,No
CUST01284,18.0,Female,9,92.88,10001.98,One year,DSL,Credit card,No,3,No,No,No
CUST01285,35.0,Male,1,54.66,800.71,One year,DSL,Mailed check,No,0,Yes,Yes,No
CUST01286,44.0,Male,5,108.75,6271.69,Month-to-month,No,Electronic check,Yes,0,No,No,No
CUST01287,22.0,Male,6,83.79,6256.01,Two year,DSL,Mailed check,No,1,Yes,No,No
CUST01288,36.0,Male,9,105.17,11404.15,One year,DSL,Mailed check,No,6,No,No,No
CUST01289,20.0,Female,5,56.1,3294.82,One year,DSL,Credit card,No,2,Yes,Yes,No
CUST01290,22.0,Female,6,34.58,2566.35,Two year,No,Electronic check,No,0,No,No,No
CUST01291,38.0,Male,0,53.24,175.83,Month-to-month,Fiber optic,Electronic check,Yes,9,Yes,No,No
CUST01292,25.0,Female,5,65.53,3860.51,Two year,No,Credit card,No,3,Yes,Yes,No
CUST01293,47.0,Female,10,73.34,8911.85,Month-to-month,No,Bank transfer,Yes,3,No,No,Yes
CUST01294,53.0,Male,2,71.08,1845.69,One year,Fiber optic,Credit card,Yes,1,No,Yes,No
CUST01295,59.0,Male,0,74.6,298.79,Two year,Fiber optic,Credit card,No,0,Yes,Yes,No
CUST01296,,Female,7,104.16,9025.26,One year,No,Bank transfer,No,2,No,Yes,No
CUST01297,27.0,Female,3,37.02,1233.7,Month-to-month,Fiber optic,Electronic check,Yes,3,No,No,No
CUST01298,23.0,Female,9,51.61,5553.57,Month-to-month,No,Bank transfer,No,2,Yes,Yes,No
CUST01299,50.0,Female,7,108.85,8880.11,Month-to-month,Fiber optic,Mailed check,No,2,Yes,Yes,No
CUST01300,54.0,Male,9,76.04,8029.13,Two year,Fiber optic,Mailed check,No,3,No,No,No
CUST01301,20.0,Female,10,78.34,9594.82,Month-to-month,DSL,Credit card,No,1,Yes,No,No
CUST01302,66.0,Female,3,67.81,2605.41,Month-to-month,Fiber optic,Mailed check,Yes,3,Yes,Yes,No
CUST01303,21.0,Female,3,74.9,2748.03,Two year,Fiber optic,Bank transfer,No,1,Yes,Yes,Yes
CUST01304,46.0,Male,9,39.82,4411.97,Month-to-month,Fiber optic,Mailed check,Yes,0,Yes,No,No
CUST01305,54.0,Male,3,74.68,2684.64,Two year,No,Electronic check,No,1,No,No,No
CUST01306,62.0,Male,5,119.7,7384.99,Month-to-month,Fiber optic,Credit card,Yes,3,Yes,No,No
CUST01307,54.0,Female,8,76.6,7168.7,Month-to-month,DSL,Credit card,No,4,No,Yes,No
CUST01308,59.0,Male,4,24.46,1158.69,Month-to-month,Fiber optic,Electronic check,Yes,1,No,Yes,No
CUST01309,35.0,Male,9,,10769.25,Two year,Fiber optic,Electronic check,Yes,1,No,Yes,Yes
CUST01310,60.0,Male,7,59.65,5110.29,One year,No,Credit card,No,0,Yes,Yes,No
CUST01311,22.0,Male,7,35.38,2936.91,Month-to-month,Fiber optic,Electronic check,No,5,Yes,Yes,Yes
CUST01312,64.0,Female,3,106.24,4130.73,One year,DSL,Mailed check,No,3,Yes,No,No
CUST01313,46.0,Female,10,39.81,4833.22,One year,DSL,Mailed check,No,5,Yes,No,No
CUST01314,60.0,Female,9,112.06,12124.64,Month-to-month,DSL,Mailed check,No,4,No,No,Yes
CUST01315,41.0,Male,8,64.18,6096.3,Two year,DSL,Mailed check,Yes,1,No,Yes,No
CUST01316,51.0,Female,8,94.27,9130.2,Month-to-month,Fiber optic,Bank transfer,No,0,No,Yes,Yes
CUST01317,45.0,Male,4,74.7,3663.05,Month-to-month,DSL,Bank transfer,No,2,Yes,Yes,No
CUST01318,55.0,Male,5,45.67,2789.45,One year,DSL,Bank transfer,No,0,Yes,Yes,No
CUST01319,22.0,Male,4,87.1,4225.95,Month-to-month,Fiber optic,Bank transfer,No,0,No,Yes,No
CUST01320,21.0,Male,2,115.77,2709.42,Two year,Fiber optic,Mailed check,No,1,Yes,Yes,Yes
CUST01321,31.0,Male,10,96.95,11818.55,Month-to-month,DSL,Mailed check,No,3,Yes,Yes,Yes
CUST01322,26.0,Female,7,80.4,6636.8,Two year,Fiber optic,Electronic check,No,2,Yes,No,Yes
CUST01323,62.0,Female,8,119.04,11517.7,Month-to-month,DSL,Bank transfer,No,1,No,No,No
CUST01324,29.0,Female,3,46.54,1667.6,Two year,Fiber optic,Bank transfer,No,2,Yes,No,No
CUST01325,68.0,Male,8,26.25,2582.03,Month-to-month,Fiber optic,Credit card,No,0,No,Yes,No
CUST01326,35.0,Male,8,23.23,2242.88,Two year,No,Electronic check,Yes,3,No,Yes,No
CUST01327,27.0,Male,6,91.06,6750.67,Month-to-month,DSL,Mailed check,No,3,No,No,No
CUST01328,58.0,Female,7,103.01,8933.02,Two year,DSL,Electronic check,Yes,1,No,Yes,No
CUST01329,52.0,Female,2,83.5,1817.24,One year,Fiber optic,Electronic check,No,2,Yes,Yes,No
CUST01330,43.0,Female,4,110.49,5339.94,Month-to-month,DSL,Credit card,No,2,Yes,No,Yes
CUST01331,46.0,Male,2,89.79,2361.81,Month-to-month,Fiber optic,Credit card,No,0,Yes,No,Yes
CUST01332,55.0,Female,6,57.1,4238.72,Two year,DSL,Electronic check,No,1,Yes,No,Yes
CUST01333,30.0,Male,5,38.14,2218.73,Month-to-month,Fiber optic,Bank transfer,No,9,No,Yes,No
CUST01334,69.0,Female,10,112.45,13481.16,Two year,No,Mailed check,Yes,0,Yes,No,No
CUST01335,68.0,Female,2,30.38,678.55,Month-to-month,No,Credit card,Yes,2,Yes,No,No
CUST01336,51.0,Female,8,74.3,7309.42,Two year,No,Credit card,Yes,3,Yes,Yes,No
CUST01337,28.0,Female,0,51.41,155.22,One year,DSL,Mailed check,No,1,No,Yes,No
CUST01338,53.0,Male,9,47.15,5012.6,Month-to-month,Fiber optic,Credit card,No,1,No,No,Yes
CUST01339,22.0,Female,2,,1983.7,Month-to-month,Fiber optic,Electronic check,No,4,Yes,No,Yes
CUST01340,20.0,Female,10,43.13,5103.96,Month-to-month,No,Mailed check,No,1,No,Yes,No
CUST01341,31.0,Male,9,111.62,12372.11,Month-to-month,No,Bank transfer,No,3,No,Yes,No
CUST01342,42.0,Male,10,60.61,7179.89,Month-to-month,No,Credit card,No,3,No,Yes,No
CUST01343,62.0,Male,6,87.73,6244.12,Two year,No,Credit card,Yes,3,No,Yes,Yes
CUST01344,55.0,Male,2,92.77,2044.98,Two year,Fiber optic,Electronic check,No,8,Yes,Yes,No
CUST01345,56.0,Male,2,88.29,2344.9,Month-to-month,Fiber optic,Bank transfer,Yes,3,Yes,No,No
CUST01346,40.0,Female,1,110.32,1265.16,One year,No,Credit card,Yes,3,No,Yes,No
CUST01347,36.0,Male,8,43.12,4078.27,Month-to-month,Fiber optic,Mailed check,No,4,No,Yes,No
CUST01348,37.0,Male,10,28.62,,Month-to-month,No,Mailed check,Yes,4,No,No,Yes
CUST01349,68.0,Female,3,25.56,933.45,Month-to-month,No,Electronic check,No,6,No,No,No
CUST01350,20.0,Female,9,107.77,11947.94,Two year,Fiber optic,Electronic check,No,3,No,No,No
CUST01351,62.0,Female,5,117.31,7372.34,Two year,DSL,Credit card,No,1,Yes,Yes,Yes
CUST01352,48.0,Male,1,50.26,748.38,Month-to-month,DSL,Electronic check,No,3,No,No,No
CUST01353,40.0,Female,8,89.34,8516.22,Month-to-month,DSL,Mailed check,No,0,Yes,Yes,Yes
CUST01354,55.0,Female,6,20.91,1557.58,Month-to-month,Fiber optic,Electronic check,No,1,No,No,Yes
CUST01355,43.0,Male,9,38.88,4185.59,Two year,Fiber optic,Mailed check,No,0,No,No,No
CUST01356,63.0,Male,4,88.92,4273.79,Month-to-month,Fiber optic,Credit card,Yes,5,No,Yes,No
CUST01357,64.0,Female,6,26.61,1918.81,One year,Fiber optic,Mailed check,No,1,Yes,Yes,Yes
CUST01358,40.0,Female,3,66.85,2231.63,Two year,No,Electronic check,No,3,No,Yes,No
CUST01359,32.0,Female,9,86.25,9148.08,Month-to-month,DSL,Mailed check,No,2,Yes,No,No
CUST01360,48.0,Female,6,96.59,7177.88,One year,No,Mailed check,No,0,No,No,Yes
CUST01361,65.0,Female,1,65.38,940.09,Month-to-month,DSL,Bank transfer,No,2,Yes,No,No
CUST01362,29.0,Female,6,83.02,5829.22,Two year,Fiber optic,Bank transfer,No,3,Yes,Yes,No
CUST01363,50.0,Male,3,73.96,2574.84,Month-to-month,Fiber optic,Credit card,No,4,Yes,Yes,Yes
CUST01364,50.0,Male,3,25.25,958.91,Two year,Fiber optic,Mailed check,No,0,Yes,No,Yes
CUST01365,55.0,Male,0,94.27,398.29,Two year,Fiber optic,Mailed check,No,1,No,No,No
CUST01366,25.0,Female,2,37.25,979.1,Two year,DSL,Mailed check,No,3,Yes,Yes,Yes
CUST01367,55.0,Female,4,23.2,1158.55,One year,DSL,Bank transfer,No,0,Yes,Yes,No
CUST01368,64.0,Female,4,65.12,3245.86,Two year,DSL,Mailed check,No,1,No,No,No
CUST01369,27.0,Male,1,106.55,1529.03,Month-to-month,Fiber optic,Bank transfer,No,1,No,Yes,No
CUST01370,30.0,Female,3,35.1,1344.97,Month-to-month,Fiber optic,Credit card,No,3,Yes,Yes,No
CUST01371,68.0,Male,0,21.31,181.16,Month-to-month,Fiber optic,Mailed check,No,1,No,No,No
CUST01372,27.0,Male,8,31.01,3047.92,One year,No,Mailed check,No,2,Yes,Yes,No
CUST01373,62.0,Female,0,56.37,374.39,Two year,No,Electronic check,No,6,No,Yes,No
CUST01374,43.0,Female,5,78.01,4520.63,Two year,Fiber optic,Bank transfer,No,3,No,Yes,Yes
CUST01375,31.0,Female,6,39.31,2856.32,One year,DSL,Electronic check,No,1,No,Yes,No
CUST01376,62.0,Male,2,100.18,2670.24,Two year,Fiber optic,Credit card,No,2,No,Yes,Yes
CUST01377,41.0,Male,0,95.32,839.39,Two year,Fiber optic,Bank transfer,No,1,No,Yes,No
CUST01378,44.0,Male,6,89.58,6572.45,Two year,Fiber optic,Mailed check,No,0,Yes,Yes,Yes
CUST01379,36.0,Male,2,68.75,1729.89,One year,Fiber optic,Mailed check,No,1,Yes,Yes,No
CUST01380,48.0,Female,9,56.53,6253.63,Month-to-month,Fiber optic,Mailed check,No,1,Yes,Yes,No
CUST01381,26.0,Female,5,57.56,3381.73,One year,No,Mailed check,No,2,No,No,No
CUST01382,38.0,Female,5,70.31,4071.19,One year,No,Credit card,Yes,5,No,No,No
CUST01383,67.0,Male,3,27.75,963.98,One year,No,Mailed check,No,5,No,Yes,Yes
CUST01384,31.0,Female,10,88.22,10824.44,Two year,No,Mailed check,No,0,Yes,Yes,No
CUST01385,51.0,Male,5,55.16,3214.19,Two year,No,Mailed check,No,2,Yes,Yes,No
CUST01386,35.0,Female,10,42.49,5028.26,Month-to-month,DSL,Electronic check,No,0,No,No,No
CUST01387,,Male,9,47.84,5078.75,Month-to-month,No,Credit card,No,2,No,Yes,No
CUST01388,25.0,Male,3,38.04,1366.05,Month-to-month,DSL,Bank transfer,Yes,0,Yes,No,No
CUST01389,67.0,Female,7,110.14,9447.69,Month-to-month,Fiber optic,Credit card,No,5,No,Yes,Yes
CUST01390,41.0,Female,8,36.92,3517.86,Month-to-month,DSL,Credit card,No,4,Yes,Yes,No
CUST01391,30.0,Male,1,108.28,1039.54,Two year,DSL,Credit card,No,0,Yes,Yes,No
CUST01392,22.0,Male,6,77.22,5671.24,Month-to-month,DSL,Mailed check,No,3,Yes,Yes,No
CUST01393,27.0,Female,8,106.73,10316.45,One year,Fiber optic,Electronic check,No,2,No,No,No
CUST01394,45.0,Male,8,67.41,6462.68,Month-to-month,Fiber optic,Electronic check,No,2,No,Yes,No
CUST01395,35.0,Male,4,112.75,5725.77,One year,DSL,Electronic check,No,2,No,No,Yes
CUST01396,60.0,Male,0,41.16,239.66,Two year,No,Electronic check,No,3,Yes,No,No
CUST01397,40.0,Male,5,75.47,4633.31,Two year,No,Bank transfer,No,4,No,Yes,No
CUST01398,31.0,Female,7,32.6,2671.51,Month-to-month,Fiber optic,Electronic check,No,3,No,No,No
CUST01399,49.0,Female,0,64.72,355.93,Two year,No,Mailed check,No,2,No,Yes,Yes
CUST01400,54.0,Female,1,76.99,790.94,Month-to-month,Fiber optic,Mailed check,No,3,No,No,No
CUST01401,27.0,Female,0,80.56,409.97,One year,No,Electronic check,No,7,Yes,No,Yes
CUST01402,27.0,Male,4,56.56,2707.91,Month-to-month,Fiber optic,Bank transfer,No,1,Yes,Yes,No
CUST01403,20.0,Male,1,27.65,277.8,One year,Fiber optic,Electronic check,No,0,Yes,Yes,No
CUST01404,56.0,Male,9,85.53,9392.36,Month-to-month,No,Mailed check,No,3,Yes,No,No
CUST01405,52.0,Male,9,68.84,7383.9,One year,DSL,Mailed check,Yes,6,No,No,No
CUST01406,42.0,Male,3,33.7,1293.48,One year,DSL,Mailed check,No,0,Yes,Yes,No
CUST01407,61.0,Female,0,113.57,800.44,Month-to-month,Fiber optic,Credit card,No,2,No,No,No
CUST01408,59.0,Female,6,115.55,8095.3,Two year,DSL,Mailed check,Yes,0,No,Yes,No
CUST01409,48.0,Male,7,105.65,8964.29,Month-to-month,Fiber optic,Electronic check,No,3,No,Yes,No
CUST01410,62.0,Female,4,104.37,4711.35,Two year,DSL,Mailed check,No,5,Yes,No,No
CUST01411,28.0,Female,1,29.88,,Month-to-month,No,Bank transfer,No,2,No,Yes,No
CUST01412,24.0,Female,7,119.32,10362.58,Two year,No,Credit card,No,2,Yes,Yes,No
CUST01413,32.0,Female,0,60.04,424.29,One year,DSL,Bank transfer,No,4,Yes,Yes,No
CUST01414,21.0,Female,6,36.33,2708.4,Month-to-month,DSL,Mailed check,No,0,No,Yes,Yes
CUST01415,45.0,Female,0,101.2,482.59,Month-to-month,DSL,Credit card,Yes,4,No,Yes,No
CUST01416,66.0,Female,5,42.58,2535.52,One year,Fiber optic,Credit card,No,1,Yes,Yes,No
CUST01417,20.0,Female,5,72.62,4324.14,Two year,Fiber optic,Credit card,No,2,No,Yes,Yes
CUST01418,24.0,Male,4,32.82,1498.8,Two year,Fiber optic,Mailed check,No,2,Yes,No,No
CUST01419,41.0,Male,1,67.47,929.59,Month-to-month,DSL,Bank transfer,No,2,No,No,Yes
CUST01420,66.0,Female,1,75.81,907.5,Month-to-month,Fiber optic,Mailed check,No,5,Yes,Yes,No
CUST01421,34.0,Male,8,64.59,6197.37,One year,DSL,Credit card,No,5,Yes,No,No
CUST01422,44.0,Male,4,26.97,1321.62,One year,Fiber optic,Mailed check,No,3,No,No,No
CUST01423,20.0,Female,4,68.49,3152.52,Two year,DSL,Credit card,No,1,No,Yes,No
CUST01424,26.0,Male,6,66.9,4940.97,Month-to-month,Fiber optic,Credit card,Yes,1,No,Yes,No
CUST01425,68.0,Female,5,46.17,2733.14,Month-to-month,DSL,Credit card,No,2,No,Yes,No
CUST01426,67.0,Female,1,112.14,1062.88,One year,DSL,Mailed check,No,4,Yes,No,No
CUST01427,18.0,Female,10,61.78,7299.11,Month-to-month,DSL,Mailed check,No,2,No,Yes,No
CUST01428,67.0,Male,0,106.4,480.61,Two year,Fiber optic,Credit card,No,6,Yes,No,Yes
CUST01429,51.0,Male,4,30.98,1427.27,Month-to-month,Fiber optic,Electronic check,No,7,Yes,No,No
CUST01430,62.0,Female,3,51.89,1787.96,One year,No,Bank transfer,No,2,Yes,No,No
CUST01431,41.0,Female,2,37.65,1015.51,One year,DSL,Credit card,Yes,4,No,No,No
CUST01432,44.0,Female,1,60.84,743.91,Month-to-month,DSL,Credit card,No,9,No,Yes,No
CUST01433,43.0,Male,9,31.18,3386.61,Month-to-month,DSL,Credit card,No,3,Yes,No,No
CUST01434,52.0,Male,1,64.11,640.81,Two year,DSL,Credit card,No,3,Yes,No,Yes
CUST01435,25.0,Female,3,55.39,1842.6,Two year,DSL,Credit card,Yes,3,No,No,Yes
CUST01436,20.0,Male,1,42.34,459.93,Two year,DSL,Electronic check,No,0,No,Yes,Yes
CUST01437,34.0,Female,3,84.21,3167.97,Two year,Fiber optic,Mailed check,No,2,No,Yes,No
CUST01438,54.0,Male,2,115.07,2802.34,Month-to-month,Fiber optic,Electronic check,No,1,Yes,Yes,No
CUST01439,28.0,Male,8,40.72,3789.88,Month-to-month,Fiber optic,Credit card,No,0,Yes,Yes,No
CUST01440,52.0,Male,6,91.17,6722.25,Month-to-month,DSL,Credit card,No,4,No,Yes,No
CUST01441,67.0,Male,10,94.23,11083.52,Two year,Fiber optic,Credit card,No,2,Yes,Yes,Yes
CUST01442,23.0,Female,2,69.81,1650.52,Two year,Fiber optic,Mailed check,No,1,No,No,No
CUST01443,52.0,Female,7,109.75,9547.98,One year,DSL,Bank transfer,No,1,Yes,Yes,No
CUST01444,41.0,Male,8,116.62,10930.62,Two year,Fiber optic,Bank transfer,No,6,Yes,Yes,No
CUST01445,62.0,Female,6,56.23,4154.86,One year,No,Electronic check,Yes,4,Yes,No,No
CUST01446,27.0,Male,5,85.1,5258.61,Month-to-month,No,Electronic check,Yes,0,Yes,Yes,No
CUST01447,53.0,Female,3,86.21,3075.3,Month-to-month,Fiber optic,Bank transfer,No,6,No,Yes,No
CUST01448,61.0,Male,4,60.37,3074.49,Month-to-month,Fiber optic,Credit card,Yes,1,Yes,Yes,No
CUST01449,66.0,Female,7,51.69,4282.11,Month-to-month,Fiber optic,Mailed check,No,3,Yes,No,No
CUST01450,53.0,Female,2,113.36,2595.28,Month-to-month,DSL,Electronic check,No,3,Yes,Yes,No
CUST01451,43.0,Female,1,98.99,981.39,Two year,Fiber optic,Mailed check,No,4,No,Yes,No
CUST01452,50.0,Female,2,31.46,730.5,Month-to-month,Fiber optic,Credit card,Yes,4,No,No,No
CUST01453,62.0,Female,6,32.0,2265.17,Two year,No,Credit card,No,1,No,Yes,No
CUST01454,47.0,Female,7,112.24,,One year,DSL,Electronic check,No,2,No,No,No
CUST01455,20.0,Female,0,28.16,91.35,Two year,DSL,Bank transfer,Yes,1,No,No,No
CUST01456,65.0,Female,6,88.83,6294.96,Two year,Fiber optic,Bank transfer,No,2,No,Yes,No
CUST01457,53.0,Female,8,42.69,3971.07,Two year,Fiber optic,Bank transfer,No,2,Yes,Yes,No
CUST01458,53.0,Male,2,23.54,495.17,Month-to-month,DSL,Credit card,No,1,Yes,Yes,No
CUST01459,29.0,Female,2,25.98,673.48,Month-to-month,Fiber optic,Credit card,No,2,No,Yes,No
CUST01460,52.0,Male,7,57.36,4903.98,One year,DSL,Mailed check,No,1,No,Yes,No
CUST01461,38.0,Female,3,27.78,1040.61,Month-to-month,Fiber optic,Mailed check,No,2,Yes,Yes,Yes
CUST01462,51.0,Male,7,79.66,6621.49,One year,Fiber optic,Mailed check,No,3,No,Yes,No
CUST01463,23.0,Female,4,84.72,4167.82,Month-to-month,DSL,Credit card,No,2,Yes,No,Yes
CUST01464,52.0,Male,2,57.35,1292.67,One year,Fiber optic,Bank transfer,No,6,Yes,Yes,Yes
CUST01465,69.0,Male,3,94.28,3286.2,Two year,DSL,Credit card,No,0,No,Yes,No
CUST01466,20.0,Male,3,69.0,2510.04,Month-to-month,Fiber optic,Mailed check,No,2,Yes,Yes,No
CUST01467,68.0,Female,7,63.03,5369.64,Two year,DSL,Mailed check,No,2,Yes,Yes,No
CUST01468,39.0,Male,5,60.7,3556.83,Month-to-month,No,Mailed check,No,0,No,No,No
CUST01469,62.0,Male,6,63.11,4612.06,Month-to-month,DSL,Mailed check,No,1,Yes,Yes,Yes
CUST01470,58.0,Female,8,116.77,11533.96,One year,Fiber optic,Electronic check,Yes,4,Yes,Yes,Yes
CUST01471,47.0,Female,5,88.13,5284.75,Two year,Fiber optic,Mailed check,Yes,2,Yes,No,Yes
CUST01472,56.0,Male,2,51.53,1207.96,Two year,DSL,Credit card,No,2,Yes,No,No
CUST01473,63.0,Male,2,93.38,2091.17,Two year,DSL,Electronic check,Yes,2,Yes,Yes,No
CUST01474,39.0,Male,10,53.03,6318.25,Month-to-month,DSL,Bank transfer,No,4,Yes,No,Yes
CUST01475,35.0,Female,2,32.59,787.71,Month-to-month,DSL,Credit card,No,1,Yes,Yes,No
CUST01476,52.0,Male,9,,7473.96,Month-to-month,Fiber optic,Credit card,No,4,Yes,No,No
CUST01477,59.0,Male,1,95.09,1004.6,Month-to-month,Fiber optic,Bank transfer,No,1,No,Yes,Yes
CUST01478,57.0,Male,0,57.77,253.54,Two year,DSL,Credit card,No,2,Yes,No,No
CUST01479,59.0,Male,10,106.9,13123.74,Two year,Fiber optic,Electronic check,No,0,No,No,Yes
CUST01480,40.0,Female,9,58.7,6376.86,Month-to-month,No,Bank transfer,No,3,No,No,No
CUST01481,60.0,Male,0,54.99,407.56,Two year,No,Electronic check,No,3,No,Yes,Yes
CUST01482,24.0,Male,3,119.8,4549.95,One year,DSL,Mailed check,No,2,No,Yes,No
CUST01483,46.0,Male,2,68.25,1466.7,Month-to-month,DSL,Bank transfer,No,0,No,Yes,No
CUST01484,18.0,Male,4,100.51,4815.32,Month-to-month,Fiber optic,Electronic check,No,2,No,Yes,Yes
CUST01485,35.0,Male,8,100.49,9429.72,One year,DSL,Mailed check,No,1,Yes,Yes,Yes
CUST01486,37.0,Female,7,112.62,9544.07,One year,DSL,Electronic check,No,2,No,Yes,No
CUST01487,38.0,Female,8,28.51,2814.19,Month-to-month,DSL,Electronic check,No,4,No,No,No
CUST01488,53.0,Female,4,47.13,2136.81,Two year,DSL,Credit card,No,3,Yes,No,Yes
CUST01489,38.0,Female,7,96.76,7997.03,One year,Fiber optic,Mailed check,No,1,Yes,No,No
CUST01490,41.0,Female,3,76.26,2973.9,Month-to-month,Fiber optic,Credit card,Yes,7,No,No,No
CUST01491,30.0,Male,4,75.96,3420.66,Month-to-month,DSL,Mailed check,No,4,Yes,No,No
CUST01492,37.0,Female,2,36.63,800.01,Two year,Fiber optic,Mailed check,No,2,Yes,No,No
CUST01493,30.0,Female,4,48.12,2188.9,One year,Fiber optic,Credit card,No,2,No,Yes,No
CUST01494,22.0,Female,2,72.13,1845.47,Two year,Fiber optic,Credit card,No,4,Yes,Yes,No
CUST01495,49.0,Female,4,47.73,2362.76,Month-to-month,No,Credit card,Yes,2,Yes,Yes,No
CUST01496,52.0,Male,10,41.04,4993.14,Month-to-month,No,Mailed check,No,2,Yes,Yes,No
CUST01497,50.0,Female,4,28.79,1429.5,Month-to-month,Fiber optic,Mailed check,Yes,3,No,Yes,Yes
CUST01498,42.0,Female,5,35.59,2206.76,Month-to-month,No,Mailed check,No,1,No,No,Yes
CUST01499,37.0,Female,8,96.88,9458.71,One year,DSL,Mailed check,No,4,No,Yes,No
CUST01500,62.0,Male,0,91.87,542.15,Month-to-month,Fiber optic,Mailed check,Yes,2,No,No,No
CUST01501,44.0,Male,9,24.6,2693.2,Month-to-month,Fiber optic,Mailed check,No,2,No,Yes,No
CUST01502,42.0,Male,5,40.34,2444.04,Month-to-month,Fiber optic,Electronic check,No,0,No,No,No
CUST01503,19.0,Female,0,76.04,395.36,One year,DSL,Credit card,No,1,Yes,No,Yes
CUST01504,35.0,Male,5,52.27,3241.75,Two year,DSL,Mailed check,No,2,No,No,Yes
CUST01505,37.0,Male,1,102.31,1404.56,Two year,DSL,Electronic check,No,2,No,No,No
CUST01506,38.0,Female,7,98.49,8080.01,Two year,Fiber optic,Bank transfer,No,3,No,Yes,Yes
CUST01507,48.0,Male,10,109.14,12785.66,One year,No,Electronic check,No,1,No,Yes,No
CUST01508,45.0,Female,2,76.29,1746.74,Month-to-month,DSL,Credit card,No,1,Yes,Yes,No
CUST01509,49.0,Male,9,55.21,5931.18,Two year,No,Bank transfer,No,2,Yes,Yes,No
CUST01510,57.0,Female,5,80.6,4678.65,Month-to-month,DSL,Mailed check,Yes,2,No,Yes,Yes
CUST01511,59.0,Female,5,28.93,1797.45,Two year,No,Credit card,No,0,No,No,No
CUST01512,55.0,Female,3,20.98,696.51,Two year,No,Bank transfer,No,0,No,Yes,No
CUST01513,67.0,Female,4,21.73,1040.84,One year,DSL,Electronic check,No,4,Yes,No,No
CUST01514,19.0,Male,1,60.76,567.05,Month-to-month,DSL,Bank transfer,No,0,No,Yes,Yes
CUST01515,28.0,Male,9,42.82,4633.83,Two year,DSL,Credit card,No,4,No,Yes,No
CUST01516,18.0,Male,9,35.75,3852.93,Two year,No,Bank transfer,No,1,No,Yes,No
CUST01517,51.0,Female,7,81.53,6985.39,Two year,Fiber optic,Electronic check,No,3,No,No,No
CUST01518,64.0,Female,9,119.49,13040.87,Month-to-month,Fiber optic,Bank transfer,Yes,1,No,Yes,No
CUST01519,30.0,Male,6,37.79,2798.74,Month-to-month,DSL,Electronic check,No,3,Yes,No,Yes
CUST01520,65.0,Female,9,74.64,8081.01,Month-to-month,No,Bank transfer,No,1,No,Yes,No
CUST01521,21.0,Male,5,31.99,1981.16,Month-to-month,DSL,Electronic check,Yes,1,Yes,Yes,No
CUST01522,66.0,Female,6,113.41,8314.36,One year,DSL,Electronic check,No,1,Yes,Yes,No
CUST01523,36.0,Female,0,49.18,377.58,Two year,DSL,Electronic check,No,3,No,No,No
CUST01524,23.0,Male,4,107.82,5240.43,Month-to-month,Fiber optic,Mailed check,No,4,Yes,Yes,Yes
CUST01525,43.0,Male,6,48.32,3542.43,One year,DSL,Electronic check,Yes,1,No,No,Yes
CUST01526,31.0,Male,0,100.59,544.24,Month-to-month,Fiber optic,Credit card,No,1,Yes,No,No
CUST01527,33.0,Female,1,40.95,389.43,Month-to-month,DSL,Electronic check,No,3,No,Yes,No
CUST01528,34.0,Female,8,49.29,4706.91,Two year,Fiber optic,Mailed check,No,4,No,No,No
CUST01529,59.0,Male,2,39.26,865.3,Two year,Fiber optic,Mailed check,No,2,Yes,No,No
CUST01530,45.0,Male,5,46.44,2822.17,One year,DSL,Credit card,Yes,4,No,No,No
CUST01531,34.0,Male,6,103.47,7303.08,Month-to-month,DSL,Electronic check,Yes,1,No,No,No
CUST01532,49.0,Female,8,83.9,8284.8,Month-to-month,Fiber optic,Mailed check,No,1,Yes,Yes,No
CUST01533,55.0,Female,4,60.59,2825.22,Month-to-month,DSL,Mailed check,No,1,Yes,No,No
CUST01534,32.0,Male,3,117.13,3934.36,Month-to-month,DSL,Bank transfer,No,3,Yes,No,No
CUST01535,39.0,Female,10,66.49,8130.35,Month-to-month,Fiber optic,Bank transfer,No,2,Yes,Yes,No
CUST01536,24.0,Female,1,116.96,1343.43,Two year,DSL,Credit card,No,1,No,Yes,No
CUST01537,27.0,Male,2,39.67,917.77,Month-to-month,Fiber optic,Bank transfer,No,1,No,No,Yes
CUST01538,53.0,Male,4,110.45,5556.88,Month-to-month,DSL,Electronic check,No,2,Yes,Yes,No
CUST01539,27.0,Female,10,21.4,2587.91,One year,DSL,Bank transfer,No,0,Yes,No,No
CUST01540,45.0,Female,1,74.53,908.73,Two year,Fiber optic,Mailed check,No,0,No,Yes,No
CUST01541,54.0,Male,3,62.31,2178.47,Two year,DSL,Credit card,Yes,4,Yes,No,No
CUST01542,23.0,Male,0,72.51,344.77,Two year,DSL,Bank transfer,No,1,Yes,No,No
CUST01543,47.0,Male,3,75.34,2748.27,Month-to-month,Fiber optic,Credit card,No,1,Yes,No,Yes
CUST01544,31.0,Female,6,58.91,4241.84,Month-to-month,DSL,Electronic check,No,3,Yes,No,No
CUST01545,67.0,Male,2,119.8,2714.19,Two year,Fiber optic,Electronic check,No,4,No,No,Yes
CUST01546,43.0,Male,9,117.63,12481.22,Two year,No,Bank transfer,No,2,No,No,No
CUST01547,59.0,Female,7,116.16,9978.74,One year,Fiber optic,Bank transfer,No,1,Yes,Yes,No
CUST01548,46.0,Female,5,117.89,7206.16,Month-to-month,DSL,Bank transfer,No,4,Yes,Yes,Yes
CUST01549,20.0,Male,5,99.29,6251.24,Month-to-month,Fiber optic,Mailed check,No,2,Yes,Yes,No
CUST01550,50.0,Male,0,118.84,724.3,Two year,DSL,Electronic check,No,1,Yes,Yes,No
CUST01551,67.0,Female,4,109.22,5566.56,Month-to-month,DSL,Mailed check,No,2,No,Yes,Yes
CUST01552,49.0,Male,2,61.6,1463.84,One year,No,Bank transfer,No,3,No,No,Yes
CUST01553,60.0,Male,9,98.47,10655.01,Two year,DSL,Electronic check,No,2,Yes,No,No
CUST01554,63.0,Female,0,111.19,473.07,Two year,DSL,Mailed check,No,4,No,No,No
CUST01555,30.0,Male,7,91.25,7473.28,Month-to-month,DSL,Mailed check,No,2,No,No,No
CUST01556,29.0,Female,6,62.28,4648.76,Month-to-month,No,Credit card,No,4,Yes,Yes,No
CUST01557,49.0,Female,6,26.6,1991.73,Month-to-month,DSL,Mailed check,No,2,Yes,Yes,Yes
CUST01558,39.0,Male,9,,10932.2,One year,DSL,Bank transfer,No,1,Yes,No,Yes
CUST01559,61.0,Male,9,115.26,12290.17,One year,Fiber optic,Bank transfer,No,2,No,Yes,Yes
CUST01560,64.0,Female,9,56.25,6227.55,Month-to-month,Fiber optic,Mailed check,No,0,No,Yes,Yes
CUST01561,36.0,Female,3,35.2,1330.04,Month-to-month,Fiber optic,Credit card,No,1,No,Yes,No
CUST01562,30.0,Female,10,52.66,6217.72,Month-to-month,No,Credit card,Yes,3,Yes,No,No
CUST01563,58.0,Female,5,78.26,4600.85,Two year,DSL,Credit card,No,3,Yes,No,No
CUST01564,32.0,Male,8,51.7,4809.43,Two year,DSL,Mailed check,Yes,1,No,No,No
CUST01565,60.0,Female,2,81.06,1985.26,Month-to-month,DSL,Mailed check,No,2,No,Yes,No
CUST01566,40.0,Male,8,116.67,11218.47,Two year,Fiber optic,Credit card,No,0,No,No,No
CUST01567,52.0,Male,3,87.07,2958.81,One year,DSL,Mailed check,No,4,Yes,Yes,No
CUST01568,23.0,Male,4,56.27,2646.78,Two year,No,Electronic check,No,0,No,Yes,Yes
CUST01569,50.0,Male,6,113.56,8475.43,One year,No,Bank transfer,Yes,3,No,Yes,No
CUST01570,41.0,Female,5,76.56,4662.1,Two year,DSL,Mailed check,No,2,No,No,No
CUST01571,48.0,Male,9,32.85,3619.58,Month-to-month,No,Electronic check,Yes,2,Yes,Yes,No
CUST01572,27.0,Male,7,69.9,6013.33,One year,DSL,Mailed check,No,1,No,Yes,No
CUST01573,,Male,7,85.36,7385.47,Two year,Fiber optic,Electronic check,No,2,No,No,Yes
CUST01574,62.0,Female,7,103.81,8434.64,Month-to-month,Fiber optic,Credit card,No,3,No,No,No
CUST01575,29.0,Female,2,113.63,2565.18,Month-to-month,Fiber optic,Bank transfer,No,3,No,Yes,No
CUST01576,23.0,Male,9,51.75,5562.67,Month-to-month,Fiber optic,Mailed check,No,3,Yes,No,No
CUST01577,19.0,Male,5,35.57,2163.8,Month-to-month,Fiber optic,Electronic check,No,3,No,Yes,No
CUST01578,51.0,Male,6,27.4,1990.57,Month-to-month,No,Electronic check,No,0,No,Yes,No
CUST01579,49.0,Female,8,93.83,8864.36,One year,Fiber optic,Credit card,No,0,Yes,No,No
CUST01580,46.0,Female,9,99.5,10563.03,Month-to-month,DSL,Bank transfer,Yes,4,Yes,Yes,No
CUST01581,30.0,Female,9,60.94,6558.74,Month-to-month,No,Bank transfer,No,3,No,No,No
CUST01582,38.0,Female,3,59.6,2056.31,Two year,No,Bank transfer,Yes,3,No,No,No
CUST01583,48.0,Male,4,115.41,5861.52,One year,Fiber optic,Electronic check,Yes,2,Yes,Yes,No
CUST01584,43.0,Female,7,111.65,9690.54,Month-to-month,Fiber optic,Mailed check,No,1,Yes,Yes,Yes
CUST01585,68.0,Female,0,43.34,159.49,Month-to-month,No,Mailed check,No,1,Yes,Yes,No
CUST01586,25.0,Male,5,98.07,6004.85,Two year,No,Credit card,No,3,Yes,Yes,Yes
CUST01587,53.0,Male,3,82.27,2827.4,Two year,DSL,Bank transfer,No,4,Yes,No,No
CUST01588,39.0,Female,4,35.44,1747.16,Month-to-month,Fiber optic,Mailed check,Yes,2,No,Yes,No
CUST01589,40.0,Female,10,55.68,6771.18,Two year,No,Electronic check,No,1,No,No,No
CUST01590,55.0,Male,4,37.76,1710.12,Two year,DSL,Electronic check,No,1,Yes,No,No
CUST01591,53.0,Female,1,49.52,652.33,Two year,Fiber optic,Bank transfer,No,0,Yes,Yes,No
CUST01592,69.0,Female,7,81.53,7042.24,Month-to-month,Fiber optic,Credit card,No,2,Yes,No,No
CUST01593,25.0,Male,1,57.53,592.45,Month-to-month,DSL,Credit card,No,7,Yes,No,No
CUST01594,23.0,Male,3,59.41,2001.73,Month-to-month,DSL,Bank transfer,No,3,Yes,Yes,No
CUST01595,55.0,Male,4,73.96,3579.89,Month-to-month,Fiber optic,Electronic check,Yes,4,Yes,Yes,No
CUST01596,47.0,Female,0,28.74,175.44,Month-to-month,DSL,Credit card,No,2,No,No,No
CUST01597,32.0,Male,5,93.87,5849.48,Month-to-month,DSL,Electronic check,No,2,No,Yes,No
CUST01598,22.0,Male,1,60.17,704.44,Two year,Fiber optic,Electronic check,Yes,8,No,No,No
CUST01599,22.0,Female,4,68.04,3230.65,Month-to-month,Fiber optic,Mailed check,No,2,Yes,Yes,No
CUST01600,64.0,Female,5,117.41,7195.39,Month-to-month,DSL,Credit card,No,4,No,Yes,Yes
CUST01601,28.0,Male,10,54.44,6395.11,Two year,Fiber optic,Electronic check,No,3,Yes,Yes,No
CUST01602,34.0,Male,7,84.82,6899.12,Month-to-month,Fiber optic,Mailed check,No,1,Yes,Yes,Yes
CUST01603,30.0,Male,8,59.25,5690.2,One year,DSL,Electronic check,No,2,Yes,No,No
CUST01604,36.0,Female,5,109.41,6294.96,One year,Fiber optic,Bank transfer,No,1,No,No,No
CUST01605,22.0,Female,4,104.66,5299.53,Two year,Fiber optic,Credit card,No,0,No,Yes,Yes
CUST01606,44.0,Male,3,44.17,1631.1,Two year,DSL,Electronic check,No,1,No,Yes,Yes
CUST01607,21.0,Female,1,89.17,1205.71,Month-to-month,No,Credit card,No,4,Yes,Yes,No
CUST01608,59.0,Female,1,26.53,275.25,Two year,Fiber optic,Mailed check,No,3,Yes,Yes,No
CUST01609,30.0,Female,6,116.3,8369.43,Month-to-month,DSL,Credit card,Yes,1,No,No,No
CUST01610,46.0,Female,4,54.91,2514.82,One year,DSL,Electronic check,Yes,1,No,Yes,No
CUST01611,63.0,Male,6,103.17,7244.53,Month-to-month,Fiber optic,Credit card,No,2,Yes,Yes,No
CUST01612,51.0,Male,10,51.85,6243.27,One year,DSL,Bank transfer,No,2,No,No,Yes
CUST01613,45.0,Female,0,83.27,389.67,One year,DSL,Bank transfer,No,2,No,Yes,Yes
CUST01614,35.0,Female,0,118.34,1006.22,One year,DSL,Mailed check,No,3,No,Yes,Yes
CUST01615,35.0,Female,4,107.66,5487.58,One year,Fiber optic,Electronic check,No,2,No,Yes,No
CUST01616,52.0,Male,1,36.05,325.3,Month-to-month,DSL,Credit card,No,1,No,Yes,No
CUST01617,69.0,Female,7,74.75,6394.94,Month-to-month,No,Mailed check,No,2,Yes,Yes,No
CUST01618,52.0,Female,2,54.86,1190.01,Two year,Fiber optic,Mailed check,Yes,1,No,Yes,No
CUST01619,46.0,Male,0,63.44,409.02,Month-to-month,Fiber optic,Electronic check,No,1,No,No,No
CUST01620,55.0,Male,1,53.52,555.1,Month-to-month,Fiber optic,Credit card,No,1,No,Yes,No
CUST01621,42.0,Female,9,53.6,5938.58,One year,Fiber optic,Mailed check,No,2,Yes,Yes,No
CUST01622,21.0,Female,9,74.25,8186.82,Two year,Fiber optic,Mailed check,No,4,No,No,Yes
CUST01623,47.0,Male,6,39.21,2845.47,Month-to-month,Fiber optic,Electronic check,No,3,No,No,Yes
CUST01624,67.0,Female,5,73.74,4280.94,One year,DSL,Electronic check,No,3,No,Yes,Yes
CUST01625,27.0,Male,7,47.91,4105.3,Month-to-month,Fiber optic,Mailed check,No,2,Yes,Yes,Yes
CUST01626,53.0,Male,6,48.91,3527.24,Month-to-month,No,Credit card,No,0,Yes,Yes,Yes
CUST01627,28.0,Female,9,93.87,10200.28,Month-to-month,Fiber optic,Mailed check,Yes,1,Yes,No,No
CUST01628,45.0,Female,7,22.98,1960.21,One year,DSL,Bank transfer,Yes,3,Yes,No,No
CUST01629,23.0,Female,2,58.1,1365.22,Two year,DSL,Electronic check,Yes,1,Yes,Yes,No
CUST01630,41.0,Female,5,60.76,3465.98,Month-to-month,Fiber optic,Bank transfer,No,2,Yes,Yes,No
CUST01631,57.0,Male,6,68.51,4877.0,Two year,DSL,Credit card,No,1,Yes,No,Yes
CUST01632,36.0,Female,9,86.89,9339.56,Month-to-month,No,Electronic check,No,4,Yes,Yes,No
CUST01633,52.0,Male,10,56.97,6791.38,Month-to-month,Fiber optic,Credit card,No,4,No,Yes,No
CUST01634,59.0,Male,0,41.33,330.04,One year,DSL,Bank transfer,No,0,Yes,No,No
CUST01635,65.0,Male,0,108.47,541.72,Month-to-month,DSL,Credit card,No,3,No,No,No
CUST01636,30.0,Male,6,118.08,8442.82,Month-to-month,DSL,Electronic check,No,0,Yes,Yes,No
CUST01637,38.0,Male,10,22.02,2584.56,Two year,DSL,Bank transfer,No,2,Yes,Yes,Yes
CUST01638,26.0,Male,2,74.64,1888.6,Two year,No,Electronic check,No,1,Yes,No,No
CUST01639,69.0,Male,2,54.18,1207.73,Two year,No,Bank transfer,No,0,Yes,Yes,No
CUST01640,65.0,Male,4,47.71,2214.13,Month-to-month,No,Mailed check,Yes,0,No,Yes,No
CUST01641,46.0,Female,10,53.58,6457.19,Month-to-month,Fiber optic,Credit card,Yes,5,Yes,Yes,No
CUST01642,61.0,Male,5,83.88,5276.3,Two year,Fiber optic,Credit card,No,3,Yes,No,No
CUST01643,,Male,1,39.08,447.94,Month-to-month,No,Electronic check,Yes,0,Yes,Yes,No
CUST01644,50.0,Female,2,111.27,2555.08,Two year,No,Mailed check,No,2,Yes,Yes,No
CUST01645,23.0,Female,5,66.61,3811.4,Two year,No,Electronic check,No,1,Yes,Yes,No
CUST01646,57.0,Female,2,52.56,1352.19,Two year,No,Electronic check,Yes,1,No,Yes,No
CUST01647,25.0,Male,4,96.54,4495.77,Month-to-month,Fiber optic,Bank transfer,No,4,No,Yes,No
CUST01648,60.0,Female,8,21.65,2113.71,Two year,DSL,Mailed check,Yes,0,No,Yes,Yes
CUST01649,58.0,Male,2,63.19,1433.96,One year,Fiber optic,Bank transfer,No,2,No,Yes,No
CUST01650,54.0,Male,10,55.54,6507.69,One year,Fiber optic,Electronic check,No,2,Yes,Yes,No
CUST01651,20.0,Male,5,53.83,3229.07,One year,Fiber optic,Bank transfer,No,1,Yes,No,Yes
CUST01652,33.0,Female,10,53.71,6576.5,Month-to-month,No,Bank transfer,No,2,Yes,No,No
CUST01653,31.0,Male,4,23.15,1070.81,Month-to-month,No,Credit card,No,5,No,Yes,Yes
CUST01654,36.0,Male,4,35.23,1617.68,Two year,Fiber optic,Mailed check,No,3,No,No,No
CUST01655,22.0,Male,10,34.2,4039.65,Month-to-month,DSL,Credit card,No,0,No,No,No
CUST01656,66.0,Female,5,118.84,7266.17,Month-to-month,DSL,Mailed check,No,3,No,Yes,No
CUST01657,46.0,Female,5,22.24,1316.45,Month-to-month,DSL,Credit card,No,5,Yes,Yes,No
CUST01658,34.0,Male,0,36.72,166.58,Month-to-month,DSL,Electronic check,No,1,Yes,Yes,No
CUST01659,38.0,Female,10,117.4,13973.49,One year,Fiber optic,Credit card,No,1,No,Yes,No
CUST01660,41.0,Female,8,82.82,7855.91,Two year,DSL,Mailed check,No,0,Yes,Yes,No
CUST01661,49.0,Female,4,65.07,3140.39,Month-to-month,DSL,Mailed check,No,1,Yes,Yes,Yes
CUST01662,44.0,Male,0,27.89,105.99,Two year,Fiber optic,Mailed check,No,3,No,Yes,No
CUST01663,65.0,Female,7,86.96,7309.13,Two year,Fiber optic,Credit card,No,1,Yes,No,No
CUST01664,43.0,Male,6,,2395.05,One year,DSL,Bank transfer,Yes,0,Yes,No,Yes
CUST01665,69.0,Female,6,87.11,6498.17,Month-to-month,No,Credit card,No,1,Yes,Yes,No
CUST01666,61.0,Male,4,117.9,5603.82,One year,DSL,Bank transfer,No,2,Yes,No,No
CUST01667,29.0,Male,0,73.2,263.51,Two year,DSL,Credit card,No,2,No,Yes,No
CUST01668,65.0,Male,8,41.42,4084.07,Month-to-month,Fiber optic,Electronic check,No,3,Yes,Yes,No
CUST01669,24.0,Female,10,82.52,10119.43,One year,No,Electronic check,No,0,No,No,No
CUST01670,60.0,Male,8,71.29,6705.27,Two year,Fiber optic,Credit card,No,2,Yes,No,Yes
CUST01671,37.0,Female,7,73.31,6297.45,Two year,Fiber optic,Credit card,No,1,Yes,Yes,No
CUST01672,63.0,Male,4,67.81,3402.22,One year,No,Credit card,No,5,No,No,Yes
CUST01673,62.0,Female,2,87.37,2021.11,Two year,Fiber optic,Electronic check,No,1,No,Yes,Yes
CUST01674,59.0,Female,7,77.19,6326.4,Month-to-month,DSL,Bank transfer,No,0,Yes,No,No
CUST01675,58.0,Female,0,118.68,924.6,Two year,Fiber optic,Mailed check,No,0,Yes,Yes,No
CUST01676,34.0,Female,2,102.57,2171.46,Month-to-month,No,Bank transfer,No,1,Yes,No,Yes
CUST01677,22.0,Female,10,46.48,5610.81,Month-to-month,Fiber optic,Credit card,No,1,No,No,No
CUST01678,39.0,Male,6,92.57,6577.03,One year,No,Electronic check,Yes,2,Yes,No,Yes
CUST01679,27.0,Female,3,41.44,1515.77,Month-to-month,Fiber optic,Mailed check,No,3,No,No,No
CUST01680,53.0,Male,6,98.22,7242.31,Month-to-month,DSL,Bank transfer,Yes,1,No,Yes,No
CUST01681,36.0,Female,10,34.77,4240.96,Month-to-month,Fiber optic,Credit card,No,2,No,No,No
CUST01682,68.0,Female,4,67.36,3434.56,Month-to-month,Fiber optic,Electronic check,No,3,Yes,Yes,Yes
CUST01683,51.0,Male,5,99.05,6026.27,Month-to-month,No,Electronic check,Yes,1,Yes,No,No
CUST01684,60.0,Male,6,48.02,3377.77,Two year,No,Mailed check,No,0,No,Yes,No
CUST01685,,Male,9,103.7,11060.12,Month-to-month,No,Bank transfer,No,1,Yes,Yes,No
CUST01686,62.0,Female,6,84.41,6045.13,One year,No,Electronic check,No,4,Yes,No,No
CUST01687,65.0,Female,6,59.76,4427.4,Two year,DSL,Credit card,No,3,Yes,Yes,No
CUST01688,43.0,Female,6,62.34,4439.02,Month-to-month,No,Credit card,No,0,Yes,Yes,No
CUST01689,,Female,10,112.58,13637.03,Two year,DSL,Mailed check,Yes,1,Yes,Yes,Yes
CUST01690,57.0,Female,6,41.79,2894.84,Two year,DSL,Bank transfer,No,3,No,Yes,No
CUST01691,27.0,Male,2,89.33,2106.4,Month-to-month,Fiber optic,Electronic check,No,2,Yes,Yes,No
CUST01692,44.0,Male,2,90.72,1996.06,Two year,Fiber optic,Mailed check,No,3,No,No,No
CUST01693,38.0,Female,6,112.23,8375.65,One year,No,Bank transfer,No,1,Yes,Yes,Yes
CUST01694,25.0,Female,1,91.31,1255.36,Month-to-month,Fiber optic,Bank transfer,Yes,5,Yes,Yes,No
CUST01695,,Female,1,78.44,771.29,One year,No,Electronic check,No,3,Yes,No,No
CUST01696,21.0,Male,2,110.24,2580.75,One year,DSL,Mailed check,No,1,Yes,No,No
CUST01697,19.0,Male,3,102.9,3445.46,One year,No,Mailed check,No,2,No,Yes,Yes
CUST01698,25.0,Male,5,91.67,5635.75,Two year,Fiber optic,Mailed check,No,0,No,Yes,No
CUST01699,67.0,Male,7,23.28,1912.13,Month-to-month,Fiber optic,Mailed check,Yes,1,Yes,Yes,No
CUST01700,46.0,Male,9,57.36,6299.3,Two year,DSL,Bank transfer,No,3,No,Yes,Yes
CUST01701,67.0,Female,9,83.18,8771.23,Two year,Fiber optic,Mailed check,No,1,No,Yes,No
CUST01702,40.0,Male,6,72.22,5231.76,Two year,Fiber optic,Mailed check,No,3,Yes,Yes,Yes
CUST01703,34.0,Female,3,51.94,1903.53,Month-to-month,Fiber optic,Electronic check,No,1,No,Yes,No
CUST01704,44.0,Male,1,34.46,379.23,One year,Fiber optic,Credit card,No,3,No,Yes,No
CUST01705,40.0,Female,1,75.3,751.86,Two year,DSL,Bank transfer,No,1,Yes,No,No
CUST01706,23.0,Male,3,48.6,1698.24,Two year,DSL,Electronic check,No,3,Yes,No,Yes
CUST01707,51.0,Male,5,43.31,2597.48,Two year,DSL,Electronic check,No,0,Yes,Yes,No
CUST01708,29.0,Male,2,59.9,1606.19,Two year,No,Electronic check,Yes,1,Yes,Yes,No
CUST01709,50.0,Female,5,98.54,5880.89,Month-to-month,Fiber optic,Bank transfer,No,2,No,Yes,No
CUST01710,51.0,Female,4,68.79,3173.52,Two year,No,Credit card,No,2,Yes,No,No
CUST01711,26.0,Male,4,41.66,1881.2,Month-to-month,Fiber optic,Bank transfer,No,2,Yes,Yes,No
CUST01712,21.0,Male,1,31.71,286.92,Month-to-month,No,Mailed check,No,2,No,Yes,Yes
CUST01713,58.0,Female,7,69.9,5836.58,Month-to-month,DSL,Credit card,No,7,Yes,No,No
CUST01714,41.0,Male,4,99.42,4650.88,Two year,DSL,Bank transfer,No,1,No,No,No
CUST01715,21.0,Male,10,85.28,10036.14,Two year,Fiber optic,Bank transfer,No,3,Yes,Yes,No
CUST01716,69.0,Female,1,43.23,433.68,Month-to-month,Fiber optic,Mailed check,Yes,2,Yes,No,No
CUST01717,21.0,Female,6,63.67,4527.13,Month-to-month,Fiber optic,Bank transfer,No,2,No,Yes,Yes
CUST01718,53.0,Male,8,105.51,10246.99,Two year,DSL,Credit card,No,2,Yes,Yes,No
CUST01719,68.0,Male,8,37.78,3651.57,One year,DSL,Electronic check,No,4,No,Yes,Yes
CUST01720,30.0,Female,0,73.21,254.74,One year,Fiber optic,Bank transfer,Yes,2,No,Yes,Yes
CUST01721,25.0,Male,6,55.63,3886.13,One year,Fiber optic,Bank transfer,No,4,No,Yes,Yes
CUST01722,24.0,Male,8,32.43,3193.04,One year,Fiber optic,Credit card,No,0,Yes,Yes,No
CUST01723,33.0,Female,5,25.01,1436.14,Two year,Fiber optic,Bank transfer,No,3,Yes,Yes,Yes
CUST01724,23.0,Female,0,75.58,316.95,Month-to-month,Fiber optic,Electronic check,No,1,Yes,No,Yes
CUST01725,53.0,Male,1,22.09,240.99,Month-to-month,DSL,Mailed check,Yes,1,Yes,Yes,No
CUST01726,21.0,Female,3,30.36,1043.81,Month-to-month,Fiber optic,Mailed check,No,2,No,No,No
CUST01727,44.0,Female,3,54.76,1902.73,Month-to-month,Fiber optic,Mailed check,No,2,Yes,Yes,No
CUST01728,69.0,Male,1,24.37,325.74,One year,DSL,Electronic check,Yes,1,No,No,Yes
CUST01729,60.0,Female,7,60.05,4898.16,Two year,DSL,Mailed check,No,1,No,Yes,No
CUST01730,49.0,Male,1,33.05,367.31,Two year,DSL,Credit card,No,2,Yes,Yes,No
CUST01731,34.0,Male,2,54.99,1356.71,Two year,No,Credit card,No,2,Yes,Yes,No
CUST01732,50.0,Female,3,99.1,3299.48,Two year,Fiber optic,Electronic check,No,1,Yes,No,No
CUST01733,45.0,Male,8,82.63,7706.68,One year,Fiber optic,Electronic check,Yes,1,No,Yes,No
CUST01734,40.0,Male,9,64.54,6970.01,One year,Fiber optic,Electronic check,No,3,Yes,Yes,Yes
CUST01735,25.0,Male,0,29.2,245.25,One year,No,Credit card,No,3,No,No,No
CUST01736,63.0,Male,7,81.91,6853.31,Month-to-month,Fiber optic,Electronic check,Yes,1,No,No,Yes
CUST01737,41.0,Female,4,36.38,1726.07,One year,DSL,Electronic check,No,1,Yes,No,No
CUST01738,28.0,Female,6,27.68,1911.3,One year,Fiber optic,Mailed check,No,1,No,No,Yes
CUST01739,37.0,Female,7,86.39,7377.64,One year,Fiber optic,Electronic check,No,4,No,Yes,No
CUST01740,39.0,Male,4,111.19,5113.0,One year,Fiber optic,Bank transfer,Yes,3,No,Yes,No
CUST01741,60.0,Male,7,66.06,5627.79,Month-to-month,DSL,Mailed check,No,0,No,No,Yes
CUST01742,55.0,Male,9,24.12,2582.82,One year,No,Credit card,Yes,3,No,Yes,No
CUST01743,57.0,Male,10,108.01,12666.86,Month-to-month,No,Credit card,No,0,Yes,No,No
CUST01744,19.0,Male,7,26.71,2216.45,Month-to-month,No,Credit card,No,1,Yes,No,No
CUST01745,39.0,Female,8,106.74,10348.9,One year,DSL,Mailed check,Yes,4,Yes,Yes,No
CUST01746,43.0,Female,1,59.19,805.53,Month-to-month,DSL,Credit card,No,4,No,No,Yes
CUST01747,19.0,Female,2,56.54,1403.06,Two year,Fiber optic,Mailed check,No,3,Yes,No,No
CUST01748,31.0,Male,0,74.28,539.73,Month-to-month,No,Mailed check,Yes,2,Yes,No,No
CUST01749,,Female,3,115.69,3981.53,One year,Fiber optic,Bank transfer,No,1,No,Yes,No
CUST01750,25.0,Male,4,109.86,5579.86,One year,No,Bank transfer,No,4,Yes,No,No
CUST01751,45.0,Male,10,67.03,7934.27,Month-to-month,No,Bank transfer,No,3,No,No,No
CUST01752,29.0,Female,0,89.57,360.14,Month-to-month,Fiber optic,Bank transfer,No,1,Yes,Yes,No
CUST01753,19.0,Female,7,78.04,6438.19,One year,DSL,Bank transfer,No,2,Yes,Yes,No
CUST01754,30.0,Male,1,89.34,1325.1,Month-to-month,DSL,Credit card,No,4,Yes,Yes,No
CUST01755,68.0,Male,0,102.92,348.87,Month-to-month,DSL,Credit card,Yes,4,Yes,No,Yes
CUST01756,59.0,Male,1,23.47,320.12,One year,DSL,Credit card,No,3,No,No,No
CUST01757,67.0,Female,4,52.58,2399.45,Month-to-month,DSL,Bank transfer,No,3,No,No,No
CUST01758,43.0,Male,8,115.91,11317.87,One year,Fiber optic,Electronic check,No,0,No,Yes,No
CUST01759,24.0,Female,8,114.92,10878.16,Two year,DSL,Credit card,No,2,Yes,Yes,No
CUST01760,46.0,Male,1,21.14,282.45,Month-to-month,Fiber optic,Credit card,No,3,Yes,Yes,Yes
CUST01761,41.0,Male,1,40.16,373.21,Month-to-month,No,Electronic check,No,0,No,Yes,No
CUST01762,61.0,Male,2,119.36,2746.12,Month-to-month,DSL,Bank transfer,No,3,Yes,No,No
CUST01763,23.0,Female,6,69.28,4973.66,One year,DSL,Mailed check,Yes,4,No,Yes,No
CUST01764,43.0,Male,10,77.28,9051.78,Month-to-month,DSL,Electronic check,No,1,Yes,No,Yes
CUST01765,26.0,Female,2,36.66,809.54,Month-to-month,DSL,Electronic check,No,3,Yes,No,No
CUST01766,35.0,Female,0,109.42,439.07,Month-to-month,Fiber optic,Credit card,No,3,Yes,Yes,No
CUST01767,56.0,Female,5,43.14,2583.42,Month-to-month,Fiber optic,Credit card,Yes,2,No,No,Yes
CUST01768,42.0,Female,2,38.98,,One year,Fiber optic,Bank transfer,Yes,3,No,No,No
CUST01769,37.0,Female,0,42.82,379.54,Month-to-month,DSL,Mailed check,No,1,No,Yes,No
CUST01770,38.0,Female,3,111.95,4289.92,Month-to-month,Fiber optic,Mailed check,No,3,Yes,Yes,Yes
CUST01771,41.0,Female,0,90.28,392.34,Month-to-month,Fiber optic,Electronic check,No,1,No,Yes,No
CUST01772,58.0,Male,0,96.85,426.64,Month-to-month,DSL,Bank transfer,No,3,Yes,No,No
CUST01773,63.0,Male,1,57.71,847.43,Month-to-month,DSL,Mailed check,No,2,Yes,Yes,No
CUST01774,67.0,Male,9,110.9,11843.96,Month-to-month,No,Electronic check,Yes,0,No,No,No
CUST01775,58.0,Male,7,98.93,8264.52,Month-to-month,DSL,Credit card,No,1,No,No,No
CUST01776,34.0,Male,1,95.05,1255.5,Two year,No,Mailed check,No,1,Yes,No,No
CUST01777,53.0,Female,10,117.08,13939.47,Month-to-month,DSL,Electronic check,No,0,No,Yes,No
CUST01778,40.0,Male,1,56.63,816.24,Two year,DSL,Mailed check,No,0,No,Yes,No
CUST01779,31.0,Male,10,81.09,9774.47,Month-to-month,Fiber optic,Bank transfer,No,3,Yes,Yes,No
CUST01780,61.0,Female,10,110.98,13361.96,One year,No,Electronic check,No,4,Yes,Yes,Yes
CUST01781,20.0,Male,9,99.08,10732.62,Month-to-month,No,Bank transfer,No,4,Yes,No,Yes
CUST01782,64.0,Male,9,76.34,8066.53,Two year,DSL,Electronic check,Yes,4,No,Yes,No
CUST01783,42.0,Male,7,27.64,2369.78,Two year,No,Credit card,No,3,Yes,Yes,No
CUST01784,50.0,Male,5,85.27,5152.87,Month-to-month,Fiber optic,Mailed check,No,0,Yes,Yes,Yes
CUST01785,52.0,Male,10,72.65,8523.91,Month-to-month,DSL,Credit card,No,3,No,No,No
CUST01786,64.0,Female,3,38.43,1464.29,One year,DSL,Bank transfer,No,3,Yes,Yes,No
CUST01787,50.0,Female,2,108.21,2746.02,Two year,Fiber optic,Mailed check,Yes,0,Yes,Yes,No
CUST01788,49.0,Male,0,54.33,257.17,Month-to-month,Fiber optic,Credit card,Yes,3,No,No,Yes
CUST01789,21.0,Male,10,58.75,6974.87,One year,DSL,Electronic check,No,2,No,No,No
CUST01790,44.0,Male,2,87.23,2096.07,Month-to-month,No,Electronic check,Yes,4,Yes,No,No
CUST01791,26.0,Female,8,68.88,6408.86,Month-to-month,Fiber optic,Credit card,No,3,No,Yes,No
CUST01792,56.0,Male,4,28.94,1443.11,Month-to-month,No,Mailed check,No,5,Yes,No,No
CUST01793,44.0,Male,5,58.75,3680.74,Month-to-month,Fiber optic,Bank transfer,No,0,Yes,Yes,No
CUST01794,53.0,Female,4,29.46,1404.78,Month-to-month,Fiber optic,Electronic check,Yes,0,Yes,Yes,No
CUST01795,20.0,Male,0,39.09,243.1,Month-to-month,DSL,Bank transfer,No,6,No,Yes,No
CUST01796,22.0,Male,9,20.74,2278.16,One year,Fiber optic,Mailed check,No,0,Yes,Yes,No
CUST01797,55.0,Male,0,38.14,177.96,One year,No,Mailed check,No,1,No,Yes,No
CUST01798,22.0,Female,3,53.05,1907.22,Month-to-month,Fiber optic,Electronic check,No,2,No,Yes,No
CUST01799,22.0,Female,2,73.82,1599.39,Two year,DSL,Bank transfer,Yes,4,Yes,Yes,No
CUST01800,19.0,Female,10,111.91,13564.89,Month-to-month,DSL,Mailed check,No,1,Yes,Yes,Yes
CUST01801,67.0,Male,7,74.03,6348.69,Month-to-month,No,Bank transfer,No,0,No,Yes,No
CUST01802,56.0,Female,6,90.55,6284.45,Two year,DSL,Electronic check,No,2,No,No,Yes
CUST01803,36.0,Female,10,55.77,6820.78,Two year,No,Electronic check,No,2,No,No,No
CUST01804,33.0,Female,6,95.15,6779.38,Two year,Fiber optic,Mailed check,No,1,Yes,Yes,No
CUST01805,36.0,Male,7,82.04,7099.36,Month-to-month,Fiber optic,Mailed check,No,4,Yes,Yes,No
CUST01806,58.0,Female,9,65.98,7284.37,Month-to-month,Fiber optic,Bank transfer,No,3,No,Yes,No
CUST01807,52.0,Male,6,39.39,2904.77,One year,DSL,Mailed check,No,4,No,Yes,No
CUST01808,27.0,Male,9,50.36,5538.85,Month-to-month,Fiber optic,Electronic check,No,1,No,No,No
CUST01809,27.0,Female,1,82.09,881.34,Month-to-month,DSL,Mailed check,No,3,Yes,No,No
CUST01810,23.0,Male,3,62.61,2204.06,One year,Fiber optic,Credit card,No,6,No,Yes,Yes
CUST01811,52.0,Female,10,108.92,12900.89,Month-to-month,DSL,Electronic check,No,2,No,Yes,Yes
CUST01812,57.0,Male,5,43.49,2571.71,Month-to-month,DSL,Bank transfer,No,1,Yes,Yes,Yes
CUST01813,32.0,Female,2,27.32,665.93,Month-to-month,No,Mailed check,No,9,Yes,No,No
CUST01814,19.0,Female,2,78.93,2066.75,Month-to-month,Fiber optic,Mailed check,No,2,Yes,No,No
CUST01815,22.0,Female,5,108.59,,Month-to-month,DSL,Electronic check,No,3,Yes,No,No
CUST01816,67.0,Male,0,56.48,405.53,One year,Fiber optic,Electronic check,No,0,Yes,No,Yes
CUST01817,33.0,Male,0,84.77,323.36,Month-to-month,Fiber optic,Bank transfer,No,3,Yes,No,No
CUST01818,57.0,Female,4,43.15,2185.11,Two year,Fiber optic,Electronic check,No,4,No,Yes,No
CUST01819,50.0,Male,0,75.84,492.92,Month-to-month,No,Bank transfer,No,2,Yes,Yes,No
CUST01820,37.0,Female,9,98.67,10819.4,Two year,Fiber optic,Mailed check,Yes,1,No,Yes,No
CUST01821,28.0,Female,7,106.69,9280.98,Month-to-month,DSL,Bank transfer,No,0,No,Yes,No
CUST01822,24.0,Male,1,30.53,432.22,Month-to-month,Fiber optic,Bank transfer,Yes,1,Yes,Yes,No
CUST01823,49.0,Male,5,55.64,3340.05,Month-to-month,DSL,Bank transfer,No,1,Yes,Yes,No
CUST01824,58.0,Male,9,83.96,9252.96,Month-to-month,DSL,Mailed check,No,3,No,Yes,No
CUST01825,51.0,Female,9,23.49,2559.42,One year,No,Credit card,No,1,Yes,Yes,No
CUST01826,45.0,Male,4,89.05,4397.49,Month-to-month,Fiber optic,Credit card,No,0,No,Yes,Yes
CUST01827,20.0,Male,9,72.8,7922.62,One year,No,Bank transfer,Yes,1,No,Yes,No
CUST01828,67.0,Male,3,48.87,1696.88,Month-to-month,DSL,Electronic check,No,2,Yes,Yes,No
CUST01829,,Female,0,101.45,507.96,One year,DSL,Credit card,No,2,Yes,Yes,Yes
CUST01830,33.0,Male,2,49.01,1193.48,One year,DSL,Mailed check,Yes,3,Yes,No,Yes
CUST01831,68.0,Male,3,119.12,4555.75,Month-to-month,DSL,Bank transfer,No,4,Yes,Yes,No
CUST01832,49.0,Female,1,101.62,1190.56,Two year,Fiber optic,Credit card,No,1,No,No,Yes
CUST01833,48.0,Female,1,90.79,1111.58,Two year,Fiber optic,Mailed check,No,2,No,Yes,No
CUST01834,56.0,Female,1,26.15,293.29,Two year,Fiber optic,Bank transfer,No,1,Yes,Yes,Yes
CUST01835,59.0,Male,10,110.41,12930.55,Month-to-month,Fiber optic,Credit card,Yes,0,No,Yes,No
CUST01836,51.0,Male,0,98.99,679.22,Two year,Fiber optic,Bank transfer,No,2,Yes,Yes,No
CUST01837,25.0,Female,9,42.91,4651.62,Two year,No,Credit card,No,3,No,Yes,No
CUST01838,35.0,Male,1,59.23,880.71,One year,Fiber optic,Credit card,No,0,Yes,Yes,No
CUST01839,65.0,Female,5,46.87,2814.59,One year,No,Electronic check,No,0,No,Yes,No
CUST01840,29.0,Female,2,118.42,2866.97,Two year,Fiber optic,Credit card,No,3,No,Yes,No
CUST01841,37.0,Male,9,105.41,11246.09,Two year,Fiber optic,Electronic check,No,3,Yes,No,No
CUST01842,40.0,Female,4,113.01,5152.77,One year,No,Mailed check,No,2,Yes,No,Yes
CUST01843,40.0,Female,0,98.87,716.33,Month-to-month,DSL,Credit card,No,3,Yes,Yes,No
CUST01844,49.0,Male,7,65.64,5634.93,Two year,Fiber optic,Bank transfer,No,5,No,Yes,Yes
CUST01845,66.0,Female,3,40.56,1549.95,Month-to-month,No,Electronic check,No,1,No,No,Yes
CUST01846,30.0,Male,8,40.82,3895.24,Month-to-month,Fiber optic,Credit card,No,1,Yes,No,No
CUST01847,24.0,Male,3,35.18,1309.53,Two year,No,Electronic check,No,1,No,No,No
CUST01848,28.0,Male,1,74.66,789.65,Two year,DSL,Bank transfer,No,3,Yes,Yes,No
CUST01849,63.0,Female,2,111.98,2521.42,Two year,Fiber optic,Bank transfer,No,1,No,Yes,No
CUST01850,51.0,Female,4,119.16,,One year,No,Bank transfer,No,7,No,No,No
CUST01851,33.0,Female,9,48.74,5365.94,Month-to-month,Fiber optic,Mailed check,No,3,No,Yes,No
CUST01852,60.0,Male,5,89.72,5252.17,Two year,Fiber optic,Mailed check,No,1,Yes,Yes,No
CUST01853,62.0,Female,6,79.71,5706.98,Month-to-month,DSL,Bank transfer,No,0,Yes,No,Yes
CUST01854,61.0,Male,3,68.89,2507.04,Two year,DSL,Mailed check,No,2,Yes,No,No
CUST01855,65.0,Female,6,86.57,5980.08,One year,Fiber optic,Mailed check,No,1,Yes,Yes,No
CUST01856,31.0,Male,9,57.14,6328.74,Month-to-month,No,Mailed check,No,4,No,Yes,No
CUST01857,57.0,Male,2,114.43,2477.73,Month-to-month,No,Mailed check,No,2,No,Yes,No
CUST01858,41.0,Male,6,90.54,6690.97,Month-to-month,Fiber optic,Mailed check,No,1,No,No,No
CUST01859,61.0,Female,3,95.41,3707.21,One year,No,Mailed check,No,2,Yes,No,Yes
CUST01860,55.0,Male,7,44.25,3771.44,Month-to-month,Fiber optic,Bank transfer,No,0,Yes,No,No
CUST01861,58.0,Female,8,36.87,3642.91,Month-to-month,Fiber optic,Mailed check,No,2,Yes,Yes,No
CUST01862,51.0,Male,6,59.44,4108.27,One year,Fiber optic,Mailed check,No,0,Yes,Yes,Yes
CUST01863,27.0,Male,7,96.66,8034.8,Two year,Fiber optic,Electronic check,No,2,No,No,No
CUST01864,46.0,Male,7,113.86,9548.32,Month-to-month,Fiber optic,Electronic check,No,2,No,Yes,No
CUST01865,68.0,Female,1,,859.33,One year,DSL,Mailed check,No,2,Yes,Yes,No
CUST01866,66.0,Female,8,97.4,9441.17,Month-to-month,No,Credit card,No,3,No,No,No
CUST01867,20.0,Male,5,67.04,4117.45,Month-to-month,DSL,Credit card,No,0,No,Yes,No
CUST01868,26.0,Male,10,49.53,5838.12,Month-to-month,DSL,Mailed check,No,2,No,No,No
CUST01869,25.0,Male,3,93.92,3575.29,One year,Fiber optic,Bank transfer,No,2,Yes,No,No
CUST01870,55.0,Female,4,99.81,4983.76,Month-to-month,No,Bank transfer,No,2,No,No,No
CUST01871,60.0,Male,9,40.3,4416.98,Month-to-month,Fiber optic,Electronic check,No,6,No,Yes,No
CUST01872,29.0,Female,4,50.52,2521.57,Month-to-month,DSL,Bank transfer,Yes,0,No,No,No
CUST01873,44.0,Female,6,69.48,4883.02,Two year,Fiber optic,Bank transfer,No,3,No,Yes,No
CUST01874,61.0,Male,8,38.66,3628.36,Two year,No,Bank transfer,No,2,No,Yes,No
CUST01875,55.0,Male,6,112.87,8393.91,Month-to-month,Fiber optic,Mailed check,No,2,No,Yes,No
CUST01876,46.0,Female,8,79.13,7813.43,Month-to-month,Fiber optic,Mailed check,No,3,No,Yes,Yes
CUST01877,48.0,Female,3,32.14,1142.27,Two year,Fiber optic,Credit card,No,1,No,No,No
CUST01878,44.0,Male,9,38.42,4136.67,Month-to-month,DSL,Electronic check,Yes,3,No,Yes,No
CUST01879,33.0,Male,9,115.42,12631.95,Month-to-month,No,Credit card,No,0,No,Yes,No
CUST01880,47.0,Male,3,93.81,3374.25,Month-to-month,Fiber optic,Bank transfer,No,2,No,No,No
CUST01881,53.0,Male,5,93.43,5501.35,Two year,Fiber optic,Bank transfer,Yes,3,Yes,Yes,No
CUST01882,63.0,Male,7,27.27,2239.72,Two year,Fiber optic,Credit card,Yes,1,Yes,No,No
CUST01883,50.0,Male,8,109.51,10199.69,Month-to-month,No,Credit card,Yes,3,Yes,No,Yes
CUST01884,57.0,Female,0,64.38,420.13,Month-to-month,DSL,Mailed check,No,1,Yes,No,No
CUST01885,26.0,Male,0,85.97,331.22,Two year,DSL,Mailed check,No,3,No,Yes,Yes
CUST01886,42.0,Male,7,115.95,9989.15,Month-to-month,DSL,Electronic check,Yes,2,Yes,No,No
CUST01887,18.0,Male,10,30.02,3689.03,One year,Fiber optic,Mailed check,Yes,3,Yes,No,Yes
CUST01888,31.0,Female,6,68.23,4895.14,Month-to-month,Fiber optic,Bank transfer,No,4,Yes,Yes,No
CUST01889,55.0,Female,8,24.98,2340.4,Two year,Fiber optic,Bank transfer,No,2,No,Yes,No
CUST01890,69.0,Male,10,69.95,8429.39,Month-to-month,Fiber optic,Credit card,No,1,No,No,No
CUST01891,23.0,Male,2,45.24,1105.71,Two year,DSL,Electronic check,No,4,Yes,Yes,No
CUST01892,38.0,Female,9,111.09,11753.35,Month-to-month,DSL,Mailed check,No,1,No,No,Yes
CUST01893,59.0,Male,4,59.85,2925.72,Month-to-month,DSL,Electronic check,No,2,No,Yes,No
CUST01894,28.0,Male,2,83.38,1909.14,One year,Fiber optic,Bank transfer,No,4,No,No,No
CUST01895,46.0,Male,4,106.01,5308.45,Two year,No,Bank transfer,No,3,No,No,No
CUST01896,55.0,Male,9,118.35,12844.21,Month-to-month,Fiber optic,Mailed check,No,1,Yes,Yes,Yes
CUST01897,49.0,Male,0,70.38,393.98,Month-to-month,DSL,Mailed check,No,1,Yes,No,No
CUST01898,28.0,Female,10,65.58,8051.6,One year,DSL,Mailed check,Yes,1,Yes,No,No
CUST01899,36.0,Female,3,27.59,991.82,One year,No,Credit card,No,1,No,Yes,Yes
CUST01900,58.0,Male,5,21.29,1327.08,Two year,DSL,Bank transfer,No,1,Yes,Yes,Yes
CUST01901,46.0,Female,1,80.88,856.14,Month-to-month,DSL,Credit card,No,3,No,No,No
CUST01902,18.0,Male,6,26.56,1903.31,Month-to-month,DSL,Bank transfer,No,1,Yes,No,Yes
CUST01903,57.0,Male,7,58.04,4730.67,One year,Fiber optic,Mailed check,Yes,5,No,Yes,Yes
CUST01904,20.0,Female,0,20.38,112.84,Month-to-month,DSL,Bank transfer,No,3,Yes,Yes,No
CUST01905,56.0,Female,3,81.52,3127.6,Two year,DSL,Bank transfer,No,4,Yes,Yes,Yes
CUST01906,28.0,Male,10,62.54,7628.98,One year,Fiber optic,Electronic check,No,1,Yes,Yes,No
CUST01907,67.0,Male,3,32.72,1271.19,One year,DSL,Bank transfer,No,2,Yes,Yes,Yes
CUST01908,37.0,Female,4,49.64,2457.34,Month-to-month,DSL,Bank transfer,Yes,1,No,No,Yes
CUST01909,35.0,Female,3,76.96,2665.16,Month-to-month,Fiber optic,Electronic check,No,1,No,Yes,No
CUST01910,26.0,Female,8,85.67,8049.52,One year,No,Mailed check,No,2,Yes,No,No
CUST01911,34.0,Male,6,66.24,4641.56,Month-to-month,DSL,Electronic check,No,3,No,No,Yes
CUST01912,63.0,Male,1,100.38,1301.81,Two year,DSL,Mailed check,Yes,0,Yes,No,No
CUST01913,69.0,Male,0,31.26,165.47,Month-to-month,DSL,Mailed check,No,1,No,No,No
CUST01914,37.0,Male,8,28.47,2718.55,Month-to-month,Fiber optic,Mailed check,No,1,No,No,Yes
CUST01915,41.0,Female,0,24.44,199.54,Month-to-month,No,Bank transfer,No,3,No,Yes,No
CUST01916,55.0,Male,5,73.58,4514.95,One year,DSL,Electronic check,Yes,5,Yes,Yes,No
CUST01917,63.0,Male,1,90.61,929.31,Month-to-month,Fiber optic,Electronic check,No,0,Yes,Yes,No
CUST01918,48.0,Female,3,33.07,1125.16,Month-to-month,DSL,Electronic check,No,1,Yes,Yes,No
CUST01919,38.0,Male,5,83.89,5195.38,One year,Fiber optic,Electronic check,No,4,No,No,No
CUST01920,39.0,Male,4,67.7,3433.64,Month-to-month,DSL,Credit card,No,1,No,Yes,No
CUST01921,53.0,Female,10,118.71,14021.52,Two year,No,Bank transfer,No,3,Yes,No,No
CUST01922,18.0,Female,5,91.74,5752.98,One year,Fiber optic,Credit card,No,0,No,No,No
CUST01923,50.0,Female,2,85.74,2021.64,Two year,DSL,Bank transfer,No,2,Yes,Yes,Yes
CUST01924,36.0,Male,4,77.04,3885.54,One year,No,Electronic check,No,2,Yes,Yes,No
CUST01925,59.0,Female,1,119.72,1616.79,One year,DSL,Credit card,Yes,3,Yes,Yes,No
CUST01926,23.0,Female,6,118.03,8784.81,Month-to-month,DSL,Mailed check,No,1,Yes,Yes,No
CUST01927,48.0,Male,2,73.81,1835.72,Month-to-month,No,Electronic check,No,1,No,No,No
CUST01928,43.0,Male,0,65.52,258.28,Month-to-month,DSL,Electronic check,No,1,Yes,Yes,No
CUST01929,51.0,Female,7,66.21,5387.24,One year,No,Mailed check,No,2,No,Yes,Yes
CUST01930,21.0,Male,7,62.84,5326.24,Month-to-month,Fiber optic,Electronic check,No,4,Yes,Yes,No
CUST01931,48.0,Female,2,73.14,1561.52,One year,No,Bank transfer,No,3,No,No,Yes
CUST01932,47.0,Male,6,47.37,3335.42,Month-to-month,Fiber optic,Electronic check,No,0,Yes,Yes,Yes
CUST01933,47.0,Male,8,112.66,10616.95,One year,DSL,Bank transfer,No,4,No,No,No
CUST01934,49.0,Male,7,69.02,5767.78,Month-to-month,No,Bank transfer,Yes,0,Yes,Yes,No
CUST01935,52.0,Female,2,104.19,2561.37,One year,DSL,Electronic check,No,2,Yes,No,No
CUST01936,59.0,Male,1,67.53,976.98,Two year,Fiber optic,Mailed check,Yes,3,Yes,Yes,No
CUST01937,32.0,Female,9,91.82,10156.9,Two year,Fiber optic,Bank transfer,No,0,Yes,No,No
CUST01938,60.0,Female,6,53.69,4021.43,Month-to-month,Fiber optic,Credit card,No,0,Yes,Yes,No
CUST01939,43.0,Female,6,82.48,6068.8,One year,Fiber optic,Bank transfer,No,1,Yes,Yes,No
CUST01940,22.0,Female,8,69.84,6880.91,One year,No,Mailed check,No,3,Yes,No,No
CUST01941,21.0,Female,4,56.72,2821.3,Two year,No,Electronic check,No,2,Yes,No,No
CUST01942,35.0,Male,3,108.14,4159.47,Two year,No,Mailed check,No,2,Yes,No,No
CUST01943,,Female,7,31.29,2553.78,Month-to-month,Fiber optic,Mailed check,No,3,Yes,No,Yes
CUST01944,54.0,Female,3,68.69,2663.18,Two year,No,Electronic check,No,3,No,Yes,No
CUST01945,58.0,Male,3,39.45,1357.34,Month-to-month,Fiber optic,Credit card,No,3,Yes,Yes,No
CUST01946,44.0,Male,1,106.09,1316.68,Two year,No,Credit card,No,2,Yes,No,No
CUST01947,40.0,Female,0,45.36,276.72,Month-to-month,No,Bank transfer,No,0,No,Yes,Yes
CUST01948,26.0,Male,3,83.34,3032.39,Month-to-month,DSL,Bank transfer,No,1,No,No,No
CUST01949,35.0,Female,6,36.57,2677.35,Two year,DSL,Credit card,Yes,3,Yes,Yes,No
CUST01950,40.0,Male,8,60.5,5821.91,Month-to-month,No,Electronic check,No,3,Yes,Yes,No
CUST01951,23.0,Male,8,109.92,10676.78,Two year,DSL,Mailed check,No,6,No,Yes,No
CUST01952,29.0,Female,9,36.62,3962.49,Month-to-month,Fiber optic,Electronic check,No,1,Yes,Yes,No
CUST01953,49.0,Male,0,86.31,265.18,One year,No,Mailed check,Yes,0,No,Yes,No
CUST01954,56.0,Male,4,40.46,1973.14,Two year,DSL,Mailed check,No,0,No,Yes,No
CUST01955,69.0,Female,6,61.58,4454.03,Month-to-month,No,Credit card,No,1,No,Yes,Yes
CUST01956,66.0,Male,6,74.06,5370.47,Month-to-month,No,Credit card,No,2,Yes,Yes,No
CUST01957,51.0,Female,9,77.73,8162.12,Month-to-month,DSL,Electronic check,No,6,No,No,No
CUST01958,39.0,Female,5,80.25,4799.77,Two year,Fiber optic,Mailed check,No,2,No,Yes,Yes
CUST01959,50.0,Female,10,84.01,10269.91,Two year,DSL,Electronic check,No,2,No,No,No
CUST01960,58.0,Male,9,47.19,5048.68,Month-to-month,Fiber optic,Bank transfer,No,3,No,Yes,No
CUST01961,24.0,Male,3,60.14,2145.18,Month-to-month,Fiber optic,Credit card,No,0,No,Yes,No
CUST01962,39.0,Female,2,23.75,516.21,Month-to-month,No,Credit card,No,3,No,Yes,Yes
CUST01963,61.0,Female,8,96.86,9270.11,One year,DSL,Mailed check,No,2,No,Yes,No
CUST01964,38.0,Female,9,103.7,11134.37,Two year,Fiber optic,Credit card,No,1,Yes,Yes,No
CUST01965,47.0,Female,3,39.94,1529.47,One year,Fiber optic,Electronic check,No,2,No,No,No
CUST01966,48.0,Male,7,40.16,3261.2,Month-to-month,DSL,Mailed check,No,2,Yes,No,No
CUST01967,27.0,Male,0,,210.91,One year,No,Mailed check,No,0,No,Yes,No
CUST01968,36.0,Male,6,117.02,8479.05,Two year,No,Bank transfer,No,1,Yes,Yes,Yes
CUST01969,35.0,Male,5,100.71,6060.29,One year,Fiber optic,Electronic check,No,1,No,Yes,No
CUST01970,19.0,Male,0,56.08,466.4,Two year,Fiber optic,Mailed check,No,1,Yes,Yes,No
CUST01971,19.0,Female,3,68.19,2328.47,Month-to-month,Fiber optic,Credit card,No,1,No,Yes,No
CUST01972,60.0,Male,4,49.21,2275.93,Two year,Fiber optic,Credit card,Yes,2,Yes,No,Yes
CUST01973,32.0,Male,10,79.72,9745.56,One year,DSL,Mailed check,Yes,2,No,No,Yes
CUST01974,44.0,Male,7,91.72,7941.0,One year,Fiber optic,Credit card,No,3,No,Yes,No
CUST01975,33.0,Female,3,64.74,2461.82,One year,Fiber optic,Mailed check,No,5,Yes,No,No
CUST01976,66.0,Female,2,107.34,2280.81,Month-to-month,Fiber optic,Mailed check,No,3,Yes,No,Yes
CUST01977,31.0,Female,1,71.7,925.84,Month-to-month,DSL,Mailed check,No,2,Yes,No,Yes
CUST01978,40.0,Female,3,34.44,1229.73,Two year,DSL,Credit card,No,3,Yes,No,No
CUST01979,63.0,Male,10,82.22,10018.77,Month-to-month,Fiber optic,Credit card,No,2,No,Yes,No
CUST01980,61.0,Female,9,66.22,7016.42,Two year,DSL,Electronic check,Yes,1,Yes,No,Yes
CUST01981,27.0,Male,3,113.55,4374.16,One year,Fiber optic,Bank transfer,No,1,Yes,No,No
CUST01982,59.0,Male,9,59.19,6334.46,Month-to-month,DSL,Credit card,No,3,No,No,Yes
CUST01983,41.0,Female,4,60.29,2830.0,Two year,Fiber optic,Mailed check,No,3,Yes,Yes,No
CUST01984,43.0,Female,6,85.07,5960.99,Two year,No,Credit card,No,7,Yes,Yes,No
CUST01985,25.0,Male,8,72.7,6763.9,Month-to-month,No,Credit card,No,2,No,Yes,No
CUST01986,,Male,1,57.45,624.85,Month-to-month,DSL,Mailed check,Yes,4,No,No,No
CUST01987,55.0,Female,4,118.96,5458.97,Two year,DSL,Electronic check,No,0,No,No,Yes
CUST01988,43.0,Male,10,50.23,6098.94,Two year,No,Mailed check,No,2,Yes,Yes,No
CUST01989,40.0,Male,9,,5231.82,Two year,No,Electronic check,No,4,Yes,No,No
CUST01990,55.0,Male,8,106.43,10426.51,Two year,DSL,Credit card,No,1,Yes,Yes,Yes
CUST01991,57.0,Male,2,20.36,428.17,Month-to-month,No,Mailed check,No,1,Yes,Yes,Yes
CUST01992,26.0,Female,0,40.14,205.06,Two year,DSL,Credit card,No,1,No,No,No
CUST01993,49.0,Male,1,79.04,714.12,Month-to-month,Fiber optic,Mailed check,No,3,No,No,No
CUST01994,25.0,Male,5,36.26,2177.19,Month-to-month,DSL,Credit card,No,0,Yes,No,No
CUST01995,56.0,Female,4,118.56,5981.88,Month-to-month,No,Credit card,No,2,Yes,No,No
CUST01996,52.0,Female,0,66.42,361.82,Month-to-month,Fiber optic,Credit card,No,0,No,No,No
CUST01997,67.0,Male,0,79.73,657.15,One year,DSL,Mailed check,No,2,No,No,No
CUST01998,22.0,Male,10,36.05,4422.93,Month-to-month,Fiber optic,Electronic check,No,6,No,Yes,No
CUST01999,21.0,Male,3,48.95,1685.08,Month-to-month,DSL,Credit card,No,1,No,No,No
CUST02000,32.0,Female,3,81.46,2693.07,Month-to-month,DSL,Mailed check,No,0,No,No,No
CUST02001,31.0,Female,5,74.95,4604.94,One year,Fiber optic,Mailed check,No,2,No,Yes,No
CUST02002,31.0,Female,5,98.43,5952.16,One year,Fiber optic,Credit card,Yes,2,No,Yes,No
CUST02003,64.0,Female,9,46.93,5025.67,One year,DSL,Credit card,No,1,Yes,Yes,No
CUST02004,31.0,Female,5,85.35,5053.09,Two year,Fiber optic,Electronic check,No,2,Yes,Yes,No
CUST02005,32.0,Female,0,49.11,171.18,One year,Fiber optic,Credit card,No,5,Yes,Yes,No
CUST02006,57.0,Male,9,78.67,8671.71,Month-to-month,Fiber optic,Electronic check,No,1,Yes,Yes,No
CUST02007,41.0,Male,8,80.5,7603.31,Two year,DSL,Bank transfer,No,1,Yes,Yes,No
CUST02008,58.0,Female,10,32.2,3786.05,Month-to-month,DSL,Mailed check,Yes,2,No,No,Yes
CUST02009,21.0,Male,6,74.86,5515.58,Month-to-month,DSL,Electronic check,No,2,No,Yes,No
CUST02010,43.0,Male,6,21.21,1525.46,One year,DSL,Credit card,Yes,0,Yes,No,No
CUST02011,20.0,Female,10,70.12,8525.13,Two year,Fiber optic,Electronic check,Yes,2,No,Yes,Yes
CUST02012,21.0,Male,6,89.74,6677.98,Two year,No,Credit card,Yes,9,No,No,No
CUST02013,64.0,Female,1,27.3,308.3,Month-to-month,DSL,Electronic check,No,1,Yes,Yes,No
CUST02014,25.0,Female,1,113.85,1061.89,Two year,Fiber optic,Mailed check,No,2,No,Yes,No
CUST02015,45.0,Male,5,65.88,3855.1,Two year,DSL,Electronic check,No,0,Yes,No,No
CUST02016,39.0,Female,6,113.82,7888.74,Month-to-month,DSL,Bank transfer,No,2,Yes,Yes,No
CUST02017,36.0,Male,2,30.76,673.39,Month-to-month,Fiber optic,Mailed check,No,2,No,Yes,No
CUST02018,64.0,Male,3,114.97,4379.72,Two year,Fiber optic,Electronic check,Yes,2,No,No,No
CUST02019,19.0,Female,2,30.94,824.38,Month-to-month,No,Bank transfer,Yes,2,No,No,No
CUST02020,52.0,Female,6,66.15,4833.1,Month-to-month,Fiber optic,Bank transfer,No,1,Yes,No,No
CUST02021,67.0,Female,6,113.78,8350.54,Month-to-month,DSL,Electronic check,No,3,No,No,No
CUST02022,47.0,Male,3,43.28,1618.25,Month-to-month,Fiber optic,Mailed check,No,2,No,No,No
CUST02023,66.0,Female,6,23.5,1638.69,Month-to-month,No,Electronic check,No,1,No,Yes,Yes
CUST02024,21.0,Male,4,99.3,4496.54,Month-to-month,Fiber optic,Mailed check,No,5,No,Yes,Yes
CUST02025,,Female,0,79.58,572.24,Month-to-month,No,Mailed check,No,0,Yes,Yes,No
CUST02026,31.0,Male,9,71.39,7512.14,Two year,DSL,Electronic check,No,3,No,Yes,Yes
CUST02027,55.0,Female,3,23.45,888.18,Month-to-month,No,Bank transfer,Yes,1,Yes,Yes,No
CUST02028,68.0,Male,6,85.32,6189.48,One year,DSL,Mailed check,No,2,Yes,Yes,No
CUST02029,31.0,Male,1,37.18,359.9,Two year,Fiber optic,Credit card,No,1,Yes,Yes,No
CUST02030,51.0,Male,1,113.1,1465.33,Two year,Fiber optic,Credit card,No,1,Yes,No,No
CUST02031,28.0,Female,0,88.57,587.88,Month-to-month,DSL,Bank transfer,Yes,0,Yes,Yes,No
CUST02032,47.0,Female,1,90.7,1021.03,Month-to-month,No,Bank transfer,Yes,3,Yes,Yes,No
CUST02033,42.0,Female,9,43.27,4755.51,One year,DSL,Electronic check,No,3,Yes,No,Yes
CUST02034,68.0,Male,7,108.06,8950.37,Two year,DSL,Mailed check,Yes,3,Yes,Yes,No
CUST02035,49.0,Male,10,73.77,8798.57,Month-to-month,No,Electronic check,No,4,No,No,No
CUST02036,36.0,Male,7,105.69,9003.0,Month-to-month,DSL,Credit card,Yes,4,Yes,No,No
CUST02037,24.0,Female,7,47.1,4027.96,Two year,DSL,Credit card,No,2,No,No,No
CUST02038,26.0,Male,0,95.54,443.42,Month-to-month,Fiber optic,Mailed check,No,3,No,Yes,No
CUST02039,29.0,Female,0,77.45,240.16,Two year,Fiber optic,Mailed check,Yes,0,Yes,Yes,No
CUST02040,31.0,Female,9,24.86,2636.6,One year,No,Credit card,No,3,No,No,Yes
CUST02041,61.0,Female,3,60.54,2093.36,Month-to-month,Fiber optic,Electronic check,Yes,3,Yes,Yes,No
CUST02042,47.0,Female,5,38.4,2397.54,Month-to-month,No,Mailed check,No,0,No,Yes,No
CUST02043,45.0,Female,7,55.92,4829.6,One year,No,Electronic check,No,2,Yes,No,No
CUST02044,24.0,Female,1,58.34,756.33,Two year,Fiber optic,Mailed check,No,4,Yes,Yes,No
CUST02045,62.0,Male,2,67.49,1704.62,Two year,DSL,Bank transfer,No,1,Yes,No,No
CUST02046,55.0,Female,5,80.03,4859.72,Two year,Fiber optic,Electronic check,Yes,1,No,No,No
CUST02047,21.0,Male,9,77.09,8455.39,Month-to-month,DSL,Credit card,No,1,No,No,No
CUST02048,54.0,Male,3,23.92,839.68,One year,DSL,Bank transfer,Yes,1,Yes,Yes,Yes
CUST02049,46.0,Male,1,95.06,1167.35,One year,Fiber optic,Electronic check,No,0,No,No,Yes
CUST02050,22.0,Male,6,114.9,8390.48,One year,No,Mailed check,No,1,No,Yes,No
CUST02051,41.0,Male,3,54.87,1965.08,Month-to-month,Fiber optic,Credit card,No,1,Yes,Yes,Yes
CUST02052,43.0,Male,7,37.99,3253.1,Two year,DSL,Mailed check,No,4,Yes,No,No
CUST02053,26.0,Female,7,74.0,6407.94,One year,Fiber optic,Electronic check,No,1,No,Yes,No
CUST02054,66.0,Male,6,90.48,6603.71,One year,DSL,Bank transfer,No,2,Yes,Yes,No
CUST02055,61.0,Female,9,87.88,9267.12,Two year,DSL,Electronic check,Yes,1,Yes,No,No
CUST02056,52.0,Male,8,81.21,7849.53,Month-to-month,Fiber optic,Credit card,No,0,No,Yes,Yes
CUST02057,42.0,Female,3,34.64,1287.74,Month-to-month,DSL,Bank transfer,No,8,No,No,No
CUST02058,39.0,Female,6,103.67,7329.35,One year,DSL,Credit card,Yes,3,No,Yes,Yes
CUST02059,51.0,Female,9,62.57,6690.13,Two year,No,Mailed check,No,2,Yes,Yes,Yes
CUST02060,46.0,Female,9,42.16,4577.19,Month-to-month,Fiber optic,Bank transfer,No,2,No,Yes,No
CUST02061,21.0,Male,0,28.64,207.45,Month-to-month,DSL,Electronic check,No,2,No,No,No
CUST02062,44.0,Female,3,61.68,2357.76,Two year,Fiber optic,Mailed check,No,1,Yes,No,No
CUST02063,59.0,Male,1,81.79,1110.35,Two year,DSL,Mailed check,No,0,Yes,Yes,No
CUST02064,41.0,Male,8,86.53,8116.95,Two year,No,Electronic check,No,2,Yes,Yes,No
CUST02065,21.0,Female,4,116.26,5474.29,Month-to-month,DSL,Mailed check,No,7,Yes,Yes,No
CUST02066,58.0,Male,2,35.33,773.44,Two year,No,Credit card,No,1,Yes,Yes,Yes
CUST02067,28.0,Female,3,118.56,4450.86,One year,No,Electronic check,No,2,No,Yes,Yes
CUST02068,31.0,Female,5,85.46,5007.93,One year,Fiber optic,Mailed check,No,0,Yes,Yes,No
CUST02069,26.0,Male,9,65.42,6918.08,Month-to-month,DSL,Bank transfer,No,0,No,Yes,No
CUST02070,35.0,Male,0,108.8,389.23,Two year,No,Electronic check,No,2,No,No,No
CUST02071,57.0,Male,6,89.44,6232.82,Month-to-month,DSL,Electronic check,No,1,Yes,Yes,Yes
CUST02072,44.0,Female,7,54.88,4526.47,Month-to-month,DSL,Mailed check,No,4,Yes,Yes,No
CUST02073,28.0,Female,6,108.39,7987.94,One year,DSL,Electronic check,No,2,Yes,Yes,Yes
CUST02074,63.0,Male,6,86.65,6102.79,Month-to-month,Fiber optic,Electronic check,No,1,No,Yes,Yes
CUST02075,63.0,Male,8,89.88,8510.17,Month-to-month,DSL,Electronic check,No,2,No,No,No
CUST02076,62.0,Female,3,109.62,4196.83,Month-to-month,No,Electronic check,No,3,No,Yes,Yes
CUST02077,30.0,Female,6,64.84,4646.3,Two year,DSL,Electronic check,No,0,Yes,Yes,No
CUST02078,41.0,Male,8,85.68,8230.22,Month-to-month,No,Electronic check,No,2,No,No,No
CUST02079,68.0,Male,4,94.46,4252.2,Two year,DSL,Credit card,No,3,No,Yes,No
CUST02080,57.0,Female,1,65.4,620.78,One year,DSL,Mailed check,No,0,Yes,Yes,No
CUST02081,19.0,Male,4,28.36,1402.31,One year,DSL,Credit card,No,4,No,No,No
CUST02082,21.0,Male,3,97.13,,One year,No,Mailed check,Yes,1,No,Yes,Yes
CUST02083,42.0,Female,7,24.8,2031.03,Two year,DSL,Electronic check,No,1,Yes,Yes,No
CUST02084,64.0,Female,4,91.78,4366.36,Month-to-month,Fiber optic,Mailed check,No,2,No,No,No
CUST02085,,Male,8,111.07,10359.67,Month-to-month,DSL,Credit card,No,1,No,Yes,Yes
CUST02086,43.0,Male,8,54.7,5320.21,One year,No,Mailed check,No,3,Yes,No,Yes
CUST02087,23.0,Male,2,30.22,649.21,Two year,DSL,Electronic check,No,2,No,No,No
CUST02088,51.0,Male,9,43.3,4560.45,Month-to-month,DSL,Electronic check,No,0,Yes,No,No
CUST02089,60.0,Female,5,76.23,4536.81,One year,Fiber optic,Electronic check,No,4,Yes,No,No
CUST02090,37.0,Male,5,114.25,6914.58,Two year,DSL,Credit card,No,3,Yes,Yes,No
CUST02091,58.0,Female,3,71.23,2676.98,Two year,Fiber optic,Bank transfer,No,2,Yes,Yes,No
CUST02092,67.0,Female,10,31.29,3674.16,Month-to-month,DSL,Electronic check,No,1,No,Yes,No
CUST02093,28.0,Male,9,82.77,8857.47,One year,Fiber optic,Electronic check,No,0,No,No,No
CUST02094,45.0,Male,2,93.28,2109.08,Month-to-month,Fiber optic,Mailed check,No,3,No,Yes,Yes
CUST02095,33.0,Female,0,59.33,442.77,Two year,DSL,Bank transfer,No,3,No,No,No
CUST02096,58.0,Female,6,92.14,6562.07,Month-to-month,Fiber optic,Mailed check,No,0,No,Yes,Yes
CUST02097,47.0,Female,4,52.49,2559.75,Two year,DSL,Credit card,Yes,2,No,No,Yes
CUST02098,50.0,Male,9,98.9,10674.62,Two year,Fiber optic,Bank transfer,No,2,Yes,No,No
CUST02099,59.0,Female,6,54.11,3918.79,Two year,Fiber optic,Electronic check,Yes,1,No,Yes,No
CUST02100,38.0,Female,0,45.62,236.94,Two year,No,Bank transfer,No,3,Yes,No,No
CUST02101,65.0,Female,7,107.9,8895.04,Month-to-month,DSL,Electronic check,No,0,No,Yes,No
CUST02102,45.0,Male,2,74.85,1598.58,Month-to-month,Fiber optic,Credit card,No,1,Yes,No,No
CUST02103,26.0,Female,6,48.52,3398.68,One year,DSL,Mailed check,Yes,0,Yes,No,No
CUST02104,53.0,Female,2,113.49,2500.85,One year,Fiber optic,Credit card,No,1,No,No,No
CUST02105,58.0,Male,2,89.08,2370.27,Month-to-month,Fiber optic,Credit card,No,1,No,Yes,Yes
CUST02106,34.0,Male,9,42.08,4655.2,Month-to-month,DSL,Electronic check,No,4,Yes,Yes,No
CUST02107,62.0,Male,8,81.46,7700.77,Two year,Fiber optic,Mailed check,No,3,No,No,No
CUST02108,64.0,Male,1,107.02,1031.03,Two year,Fiber optic,Credit card,No,0,No,Yes,Yes
CUST02109,32.0,Male,3,89.61,3108.51,Month-to-month,Fiber optic,Bank transfer,No,3,Yes,Yes,No
CUST02110,68.0,Female,5,44.49,2748.29,Month-to-month,DSL,Credit card,No,3,No,No,Yes
CUST02111,25.0,Male,2,84.88,2225.91,One year,DSL,Electronic check,No,1,Yes,No,Yes
CUST02112,28.0,Male,9,81.91,8846.95,Two year,DSL,Bank transfer,No,0,No,Yes,No
CUST02113,27.0,Female,9,102.07,11048.3,One year,DSL,Bank transfer,No,0,Yes,Yes,No
CUST02114,64.0,Male,6,37.83,2714.11,Two year,DSL,Mailed check,No,1,No,No,No
CUST02115,51.0,Male,6,89.96,6305.59,Two year,Fiber optic,Bank transfer,No,3,Yes,Yes,Yes
CUST02116,26.0,Female,4,22.76,1030.81,Two year,Fiber optic,Bank transfer,No,2,No,Yes,Yes
CUST02117,40.0,Female,2,89.61,2215.9,Two year,DSL,Electronic check,No,4,Yes,No,No
CUST02118,49.0,Female,1,116.03,1600.27,Two year,Fiber optic,Mailed check,Yes,3,No,No,Yes
CUST02119,22.0,Female,3,37.45,1404.3,Two year,No,Credit card,No,1,Yes,Yes,No
CUST02120,63.0,Male,3,51.14,1963.77,Month-to-month,DSL,Bank transfer,No,3,No,No,Yes
CUST02121,59.0,Female,10,78.28,9541.38,Month-to-month,DSL,Credit card,No,0,Yes,Yes,No
CUST02122,44.0,Male,7,93.23,7712.51,Two year,Fiber optic,Credit card,No,0,No,Yes,Yes
CUST02123,67.0,Female,7,54.44,4448.07,Month-to-month,DSL,Credit card,No,2,No,No,No
CUST02124,39.0,Male,4,86.42,4112.21,Month-to-month,Fiber optic,Mailed check,No,1,No,No,No
CUST02125,68.0,Female,5,109.91,6494.68,Two year,DSL,Credit card,No,1,Yes,Yes,No
CUST02126,52.0,Female,7,92.65,7909.4,Two year,DSL,Electronic check,No,3,No,No,No
CUST02127,50.0,Female,0,91.09,310.43,Month-to-month,DSL,Mailed check,No,4,Yes,Yes,No
CUST02128,26.0,Male,4,58.2,2948.39,One year,DSL,Mailed check,No,1,Yes,Yes,No
CUST02129,63.0,Male,3,111.13,4305.37,One year,DSL,Mailed check,No,1,No,No,No
CUST02130,40.0,Female,3,47.74,1600.77,Month-to-month,DSL,Mailed check,No,2,Yes,No,No
CUST02131,26.0,Female,10,40.54,4848.72,Two year,DSL,Bank transfer,No,3,No,Yes,No
CUST02132,19.0,Male,1,56.43,812.27,One year,Fiber optic,Bank transfer,No,1,No,Yes,Yes
CUST02133,47.0,Female,9,85.01,9021.53,Two year,DSL,Credit card,No,4,Yes,Yes,No
CUST02134,45.0,Female,0,106.15,759.34,Month-to-month,No,Bank transfer,Yes,3,No,No,No
CUST02135,55.0,Male,5,33.22,2035.46,Month-to-month,DSL,Mailed check,No,2,No,Yes,No
CUST02136,63.0,Female,6,101.37,7136.44,Two year,DSL,Credit card,No,4,No,Yes,No
CUST02137,22.0,Female,4,101.27,4560.89,Month-to-month,DSL,Electronic check,No,4,Yes,Yes,No
CUST02138,55.0,Male,7,78.69,6687.48,Month-to-month,Fiber optic,Bank transfer,Yes,0,No,No,No
CUST02139,28.0,Male,8,96.05,9288.8,Two year,Fiber optic,Mailed check,Yes,0,No,Yes,Yes
CUST02140,62.0,Female,10,38.2,4618.41,Two year,DSL,Credit card,No,3,No,No,No
CUST02141,60.0,Female,10,36.97,4360.41,One year,DSL,Bank transfer,No,5,No,Yes,No
CUST02142,46.0,Male,1,106.27,1341.33,One year,No,Mailed check,No,3,No,Yes,No
CUST02143,54.0,Female,10,69.81,8395.25,Month-to-month,No,Credit card,Yes,2,Yes,Yes,Yes
CUST02144,,Female,3,44.6,1593.04,Two year,DSL,Bank transfer,No,3,No,Yes,No
CUST02145,42.0,Female,10,88.87,10811.51,Two year,Fiber optic,Electronic check,No,1,Yes,Yes,No
CUST02146,60.0,Male,8,109.17,10407.33,Month-to-month,Fiber optic,Bank transfer,Yes,9,No,Yes,Yes
CUST02147,41.0,Female,4,83.23,3921.62,Month-to-month,DSL,Mailed check,No,2,No,No,No
CUST02148,36.0,Male,2,54.74,1327.24,Two year,Fiber optic,Mailed check,No,5,No,No,Yes
CUST02149,43.0,Male,5,68.32,4281.56,Month-to-month,Fiber optic,Electronic check,No,2,No,No,Yes
CUST02150,60.0,Male,2,95.22,2196.23,Two year,Fiber optic,Electronic check,Yes,4,No,Yes,No
CUST02151,35.0,Male,4,26.77,,Two year,No,Credit card,No,1,Yes,No,No
CUST02152,27.0,Female,2,41.73,942.96,Two year,Fiber optic,Credit card,No,3,No,Yes,No
CUST02153,54.0,Male,5,66.26,4047.0,Two year,DSL,Mailed check,No,5,No,No,No
CUST02154,60.0,Female,9,80.42,8619.77,One year,DSL,Bank transfer,No,2,No,Yes,No
CUST02155,23.0,Male,4,53.92,2650.65,Month-to-month,Fiber optic,Electronic check,Yes,3,Yes,Yes,Yes
CUST02156,30.0,Male,8,49.85,4679.36,Two year,DSL,Credit card,No,0,No,Yes,No
CUST02157,25.0,Female,2,24.16,545.52,Month-to-month,Fiber optic,Mailed check,No,2,No,No,No
CUST02158,36.0,Female,5,23.28,1355.71,One year,DSL,Mailed check,No,4,No,Yes,Yes
CUST02159,41.0,Male,7,47.88,4101.47,Month-to-month,DSL,Mailed check,No,1,Yes,No,No
CUST02160,56.0,Female,6,73.05,5079.67,Month-to-month,No,Electronic check,No,3,Yes,No,No
CUST02161,51.0,Male,5,75.63,4425.52,Month-to-month,No,Electronic check,No,3,Yes,No,No
CUST02162,50.0,Male,1,69.4,835.91,Two year,Fiber optic,Electronic check,No,1,Yes,Yes,No
CUST02163,36.0,Female,6,60.99,4240.57,Month-to-month,Fiber optic,Bank transfer,No,1,Yes,Yes,Yes
CUST02164,61.0,Female,7,45.24,3667.37,Month-to-month,Fiber optic,Electronic check,Yes,2,Yes,No,No
CUST02165,42.0,Male,0,60.07,429.34,Month-to-month,Fiber optic,Mailed check,No,0,Yes,Yes,Yes
CUST02166,68.0,Female,8,33.89,3276.58,Month-to-month,DSL,Electronic check,No,4,No,No,No
CUST02167,50.0,Female,3,31.54,1042.46,Two year,Fiber optic,Bank transfer,No,3,No,No,Yes
CUST02168,24.0,Male,7,50.0,4064.75,One year,Fiber optic,Bank transfer,No,1,Yes,Yes,No
CUST02169,52.0,Female,9,119.52,12706.39,Month-to-month,DSL,Mailed check,Yes,1,No,Yes,No
CUST02170,35.0,Female,6,52.66,3919.61,Month-to-month,DSL,Credit card,No,3,Yes,No,No
CUST02171,53.0,Female,9,113.63,12375.97,Two year,Fiber optic,Electronic check,No,2,Yes,No,No
CUST02172,22.0,Male,6,59.23,4372.99,One year,DSL,Electronic check,Yes,1,No,Yes,Yes
CUST02173,27.0,Female,1,63.9,866.33,Month-to-month,DSL,Bank transfer,No,2,Yes,Yes,Yes
CUST02174,62.0,Male,0,99.69,887.1,Month-to-month,DSL,Bank transfer,No,4,No,No,Yes
CUST02175,30.0,Female,3,29.38,1137.04,Month-to-month,DSL,Credit card,No,0,No,No,No
CUST02176,61.0,Female,1,38.24,359.64,Month-to-month,No,Bank transfer,No,1,Yes,No,No
CUST02177,32.0,Male,7,117.37,9522.55,Two year,Fiber optic,Bank transfer,No,6,Yes,Yes,Yes
CUST02178,51.0,Female,9,70.59,7622.64,Month-to-month,No,Bank transfer,Yes,0,Yes,No,Yes
CUST02179,53.0,Female,6,24.45,1726.86,Two year,Fiber optic,Bank transfer,No,4,Yes,No,No
CUST02180,44.0,Female,7,24.76,2080.2,One year,Fiber optic,Credit card,No,1,Yes,No,Yes
CUST02181,34.0,Male,10,110.71,13013.04,Month-to-month,Fiber optic,Electronic check,Yes,1,Yes,No,No
CUST02182,29.0,Male,5,107.32,6702.57,Two year,DSL,Electronic check,No,0,No,Yes,No
CUST02183,,Female,0,65.84,503.33,Month-to-month,Fiber optic,Electronic check,No,0,No,No,Yes
CUST02184,34.0,Male,8,36.34,3499.59,Two year,Fiber optic,Electronic check,Yes,1,No,No,Yes
CUST02185,51.0,Female,5,103.02,6159.33,Two year,No,Electronic check,No,0,Yes,No,Yes
CUST02186,66.0,Male,9,52.47,5656.52,Two year,No,Mailed check,No,1,Yes,Yes,No
CUST02187,62.0,Male,0,61.91,414.72,Month-to-month,DSL,Mailed check,Yes,0,Yes,Yes,Yes
CUST02188,57.0,Male,0,88.24,553.45,Month-to-month,DSL,Bank transfer,No,3,No,No,No
CUST02189,58.0,Male,7,55.35,4643.14,One year,Fiber optic,Mailed check,No,3,No,No,No
CUST02190,52.0,Female,5,82.86,5060.83,Month-to-month,DSL,Electronic check,No,4,No,Yes,No
CUST02191,31.0,Male,7,,9287.6,One year,DSL,Bank transfer,No,2,Yes,No,No
CUST02192,64.0,Male,7,99.73,8462.47,Month-to-month,DSL,Electronic check,Yes,5,Yes,No,No
CUST02193,52.0,Male,10,58.17,6942.0,One year,DSL,Electronic check,No,0,No,Yes,Yes
CUST02194,47.0,Female,7,48.8,4074.29,Month-to-month,Fiber optic,Bank transfer,No,0,No,Yes,No
CUST02195,24.0,Male,9,48.56,5127.47,Two year,Fiber optic,Electronic check,No,1,Yes,Yes,No
CUST02196,41.0,Female,6,54.87,3922.16,Two year,No,Mailed check,No,3,No,Yes,No
CUST02197,41.0,Female,6,69.35,5112.26,Month-to-month,DSL,Bank transfer,No,4,No,Yes,No
CUST02198,62.0,Female,9,61.66,6499.22,Two year,DSL,Credit card,No,2,Yes,Yes,No
CUST02199,46.0,Female,3,33.32,1134.48,Month-to-month,Fiber optic,Credit card,No,1,No,No,Yes
CUST02200,37.0,Female,8,36.36,3565.21,Month-to-month,DSL,Credit card,No,3,No,Yes,Yes
CUST02201,68.0,Female,1,54.3,673.73,Month-to-month,No,Electronic check,No,1,Yes,Yes,No
CUST02202,24.0,Male,10,76.2,9222.75,Two year,DSL,Electronic check,No,2,No,No,Yes
CUST02203,40.0,Male,8,79.26,7524.36,Month-to-month,No,Electronic check,No,2,No,No,No
CUST02204,20.0,Male,9,68.62,7406.48,Month-to-month,Fiber optic,Electronic check,No,0,No,No,No
CUST02205,56.0,Female,2,93.87,2400.15,Two year,No,Bank transfer,No,0,No,No,No
CUST02206,65.0,Female,1,93.72,1336.03,Month-to-month,Fiber optic,Credit card,No,3,Yes,No,No
CUST02207,32.0,Female,3,62.77,2438.15,Two year,No,Mailed check,No,2,Yes,Yes,No
CUST02208,62.0,Male,4,32.46,1626.4,Month-to-month,Fiber optic,Bank transfer,No,1,No,Yes,No
CUST02209,33.0,Female,1,73.02,686.71,Two year,Fiber optic,Credit card,No,2,Yes,No,Yes
CUST02210,64.0,Male,0,58.15,294.26,One year,Fiber optic,Credit card,No,5,No,No,No
CUST02211,56.0,Male,9,33.81,3701.62,Two year,Fiber optic,Bank transfer,No,1,Yes,Yes,Yes
CUST02212,59.0,Male,10,118.16,14121.32,Two year,No,Bank transfer,No,0,Yes,No,Yes
CUST02213,19.0,Male,4,56.98,2713.32,Two year,DSL,Bank transfer,No,2,No,No,No
CUST02214,67.0,Female,8,82.57,8072.99,Month-to-month,DSL,Mailed check,No,2,No,No,No
CUST02215,55.0,Male,4,69.01,3450.7,Two year,DSL,Credit card,No,0,Yes,No,No
CUST02216,34.0,Male,10,34.3,4175.62,Two year,DSL,Mailed check,No,1,Yes,Yes,Yes
CUST02217,60.0,Female,9,25.57,2739.49,Month-to-month,No,Mailed check,No,1,Yes,Yes,No
CUST02218,32.0,Female,8,82.57,7792.15,Two year,DSL,Mailed check,No,2,No,Yes,No
CUST02219,63.0,Female,9,44.71,4791.03,One year,Fiber optic,Mailed check,Yes,1,No,Yes,Yes
CUST02220,24.0,Male,5,44.38,2716.16,Month-to-month,Fiber optic,Mailed check,No,3,No,No,No
CUST02221,54.0,Female,2,115.68,2682.41,Month-to-month,No,Bank transfer,No,5,No,Yes,No
CUST02222,46.0,Female,3,66.18,2205.89,One year,Fiber optic,Mailed check,No,4,Yes,No,No
CUST02223,23.0,Male,3,22.96,868.05,One year,DSL,Electronic check,No,3,Yes,No,No
CUST02224,30.0,Female,0,53.99,182.52,One year,No,Bank transfer,No,2,No,No,No
CUST02225,19.0,Male,2,78.45,2116.22,Month-to-month,DSL,Credit card,Yes,3,No,Yes,Yes
CUST02226,42.0,Male,2,52.86,1383.41,One year,Fiber optic,Credit card,Yes,3,No,Yes,Yes
CUST02227,33.0,Female,0,22.7,198.39,Two year,DSL,Bank transfer,No,3,No,No,No
CUST02228,49.0,Female,8,64.43,6314.44,Month-to-month,DSL,Mailed check,No,1,Yes,No,No
CUST02229,33.0,Male,10,30.61,3599.51,One year,No,Bank transfer,No,0,Yes,Yes,Yes
CUST02230,33.0,Female,0,81.91,451.54,Month-to-month,Fiber optic,Credit card,No,7,Yes,Yes,No
CUST02231,56.0,Female,8,81.95,8068.17,Month-to-month,DSL,Credit card,Yes,5,No,Yes,No
CUST02232,20.0,Female,0,23.79,84.36,One year,Fiber optic,Bank transfer,No,2,Yes,No,No
CUST02233,64.0,Male,1,49.07,531.55,Month-to-month,Fiber optic,Electronic check,No,8,No,No,No
CUST02234,61.0,Female,1,61.37,724.35,Two year,DSL,Electronic check,No,3,No,No,Yes
CUST02235,52.0,Male,5,75.02,4478.92,One year,Fiber optic,Electronic check,No,2,No,No,No
CUST02236,48.0,Female,6,49.61,3704.39,Month-to-month,Fiber optic,Credit card,Yes,1,No,No,No
CUST02237,64.0,Male,10,48.78,5823.28,Month-to-month,No,Electronic check,No,2,Yes,No,No
CUST02238,27.0,Male,0,118.28,524.44,Two year,Fiber optic,Electronic check,Yes,2,Yes,Yes,No
CUST02239,22.0,Female,2,24.2,572.91,Month-to-month,Fiber optic,Bank transfer,No,8,No,Yes,Yes
CUST02240,30.0,Male,1,118.88,1352.43,One year,Fiber optic,Mailed check,No,2,Yes,Yes,Yes
CUST02241,59.0,Male,7,24.79,2100.98,Two year,DSL,Mailed check,No,3,No,Yes,No
CUST02242,20.0,Male,8,48.84,4833.7,Two year,Fiber optic,Bank transfer,No,3,Yes,No,No
CUST02243,48.0,Female,1,69.37,853.83,One year,No,Mailed check,Yes,0,Yes,No,Yes
CUST02244,69.0,Male,1,34.34,404.35,Month-to-month,DSL,Electronic check,No,0,No,Yes,Yes
CUST02245,62.0,Female,9,33.5,3636.78,Month-to-month,DSL,Credit card,Yes,3,No,No,No
CUST02246,45.0,Male,8,45.64,4512.93,Month-to-month,Fiber optic,Electronic check,No,1,Yes,No,Yes
CUST02247,21.0,Male,3,117.33,4311.8,One year,DSL,Bank transfer,No,3,No,No,No
CUST02248,60.0,Male,4,58.02,2653.54,Month-to-month,No,Mailed check,No,0,No,No,Yes
CUST02249,49.0,Male,10,76.6,9381.28,Two year,DSL,Bank transfer,No,1,Yes,No,No
CUST02250,24.0,Male,8,90.42,8729.69,One year,Fiber optic,Bank transfer,No,0,Yes,No,Yes
CUST02251,23.0,Male,5,94.21,5459.49,Month-to-month,DSL,Electronic check,No,1,Yes,Yes,No
CUST02252,64.0,Female,9,88.8,9446.44,Month-to-month,DSL,Mailed check,No,0,Yes,No,No
CUST02253,52.0,Female,8,53.7,5032.87,One year,No,Credit card,No,6,Yes,No,No
CUST02254,60.0,Male,8,31.19,3080.3,Month-to-month,Fiber optic,Electronic check,Yes,1,No,No,No
CUST02255,63.0,Male,6,48.18,3344.93,Two year,DSL,Bank transfer,No,4,Yes,No,No
CUST02256,47.0,Female,9,41.04,4497.55,Two year,DSL,Bank transfer,Yes,6,No,No,No
CUST02257,44.0,Male,8,33.64,3196.89,Two year,DSL,Mailed check,No,4,No,No,Yes
CUST02258,40.0,Male,4,22.47,1022.03,Two year,DSL,Bank transfer,No,2,No,No,Yes
CUST02259,34.0,Female,4,113.56,5405.58,Two year,Fiber optic,Bank transfer,Yes,3,No,Yes,Yes
CUST02260,40.0,Female,7,112.09,9079.2,One year,Fiber optic,Electronic check,No,1,No,No,Yes
CUST02261,57.0,Female,9,25.06,2754.15,One year,DSL,Mailed check,No,0,No,No,No
CUST02262,49.0,Male,3,37.32,1352.96,Two year,DSL,Electronic check,Yes,4,Yes,Yes,No
CUST02263,64.0,Male,8,33.96,3250.76,Month-to-month,Fiber optic,Credit card,No,0,No,Yes,Yes
CUST02264,41.0,Female,6,48.13,3560.51,Month-to-month,DSL,Bank transfer,No,6,No,Yes,No
CUST02265,49.0,Male,6,40.42,2914.83,Two year,Fiber optic,Electronic check,No,3,No,No,No
CUST02266,50.0,Female,2,114.57,2815.13,Two year,Fiber optic,Electronic check,No,2,Yes,No,No
CUST02267,48.0,Female,3,28.43,1077.32,One year,DSL,Mailed check,No,0,Yes,No,Yes
CUST02268,54.0,Male,6,41.18,3019.36,One year,DSL,Bank transfer,No,3,No,Yes,No
CUST02269,30.0,Female,10,28.09,3397.5,One year,DSL,Electronic check,No,2,Yes,No,No
CUST02270,44.0,Female,10,118.02,14306.87,One year,Fiber optic,Bank transfer,No,3,Yes,No,No
CUST02271,23.0,Female,4,111.82,5208.55,Month-to-month,Fiber optic,Credit card,Yes,2,No,Yes,No
CUST02272,38.0,Male,2,91.65,1989.22,Two year,Fiber optic,Bank transfer,No,0,Yes,Yes,Yes
CUST02273,43.0,Male,0,62.6,421.68,One year,No,Bank transfer,No,1,Yes,Yes,Yes
CUST02274,51.0,Male,6,39.03,2745.54,Month-to-month,Fiber optic,Electronic check,Yes,1,No,Yes,No
CUST02275,66.0,Male,5,42.16,2415.17,Two year,Fiber optic,Mailed check,No,0,No,Yes,No
CUST02276,,Female,9,64.31,6850.29,Month-to-month,DSL,Mailed check,No,0,Yes,No,No
CUST02277,56.0,Male,6,96.81,7098.38,Two year,DSL,Mailed check,No,1,No,Yes,No
CUST02278,44.0,Male,1,46.48,615.92,One year,DSL,Credit card,No,3,No,No,No
CUST02279,50.0,Male,3,51.09,1962.73,Two year,Fiber optic,Credit card,No,2,No,No,Yes
CUST02280,22.0,Female,1,79.99,1043.98,Month-to-month,DSL,Electronic check,No,1,No,No,No
CUST02281,31.0,Male,7,43.78,3661.97,Month-to-month,Fiber optic,Mailed check,Yes,2,Yes,No,No
CUST02282,36.0,Male,6,78.42,5533.44,Month-to-month,Fiber optic,Credit card,Yes,2,No,No,No
CUST02283,42.0,Male,0,58.72,443.34,One year,DSL,Mailed check,No,2,No,Yes,No
CUST02284,20.0,Female,1,23.46,269.08,Month-to-month,Fiber optic,Mailed check,No,2,Yes,Yes,No
CUST02285,25.0,Male,1,60.27,837.38,Month-to-month,DSL,Credit card,Yes,1,Yes,Yes,Yes
CUST02286,32.0,Female,3,111.94,4265.84,Two year,Fiber optic,Mailed check,No,0,Yes,No,No
CUST02287,68.0,Female,2,49.32,1139.74,Month-to-month,Fiber optic,Bank transfer,No,1,No,Yes,No
CUST02288,35.0,Male,0,52.29,264.74,Two year,Fiber optic,Electronic check,No,1,Yes,No,Yes
CUST02289,43.0,Female,1,26.61,385.38,Two year,DSL,Credit card,No,2,Yes,Yes,Yes
CUST02290,28.0,Male,10,81.5,9729.78,Two year,DSL,Credit card,Yes,4,Yes,Yes,No
CUST02291,49.0,Female,8,104.91,10201.56,Two year,Fiber optic,Mailed check,No,1,No,No,No
CUST02292,32.0,Female,0,55.3,291.25,One year,DSL,Credit card,No,3,Yes,Yes,No
CUST02293,29.0,Male,8,44.03,4288.46,One year,No,Bank transfer,No,3,Yes,No,No
CUST02294,44.0,Male,6,115.64,8099.82,One year,DSL,Mailed check,Yes,1,No,Yes,No
CUST02295,18.0,Male,1,94.5,1324.41,Month-to-month,No,Bank transfer,No,4,No,No,No
CUST02296,18.0,Female,1,76.71,1142.95,Month-to-month,No,Electronic check,No,0,Yes,No,No
CUST02297,29.0,Male,4,50.56,2507.55,Month-to-month,DSL,Electronic check,No,4,Yes,Yes,Yes
CUST02298,20.0,Female,4,42.09,1984.79,Month-to-month,DSL,Bank transfer,No,1,No,No,No
CUST02299,24.0,Male,3,91.57,3326.7,Two year,Fiber optic,Mailed check,Yes,1,Yes,No,No
CUST02300,35.0,Female,9,72.18,7868.67,Two year,DSL,Electronic check,No,2,Yes,Yes,No
CUST02301,59.0,Male,9,72.06,7649.6,Two year,Fiber optic,Mailed check,No,4,No,Yes,No
CUST02302,47.0,Female,2,27.39,621.64,Month-to-month,DSL,Mailed check,Yes,1,No,Yes,No
CUST02303,44.0,Male,3,71.22,2692.83,Month-to-month,DSL,Electronic check,No,3,Yes,No,No
CUST02304,33.0,Female,9,102.26,11317.45,Two year,DSL,Electronic check,No,3,No,No,No
CUST02305,66.0,Male,3,114.66,3971.17,Month-to-month,DSL,Bank transfer,Yes,1,No,Yes,Yes
CUST02306,38.0,Male,1,30.68,303.33,Two year,Fiber optic,Mailed check,No,2,No,No,Yes
CUST02307,22.0,Male,4,83.11,4229.51,Two year,No,Bank transfer,Yes,2,Yes,No,Yes
CUST02308,49.0,Female,4,76.83,3604.94,One year,DSL,Credit card,No,1,No,Yes,Yes
CUST02309,24.0,Male,4,109.02,5414.9,Month-to-month,Fiber optic,Credit card,No,3,No,Yes,Yes
CUST02310,36.0,Female,10,95.11,11344.68,Month-to-month,Fiber optic,Credit card,No,4,No,Yes,No
CUST02311,44.0,Male,10,116.51,14294.84,Month-to-month,DSL,Credit card,Yes,3,No,No,No
CUST02312,63.0,Female,9,115.98,12595.63,One year,Fiber optic,Electronic check,No,6,No,Yes,No
CUST02313,43.0,Female,0,42.58,233.79,Two year,Fiber optic,Electronic check,No,0,No,Yes,Yes
CUST02314,54.0,Female,5,92.53,5372.99,Month-to-month,DSL,Bank transfer,No,0,No,Yes,Yes
CUST02315,69.0,Male,10,73.05,8659.0,Month-to-month,Fiber optic,Electronic check,No,4,No,Yes,No
CUST02316,25.0,Male,1,41.47,586.48,One year,Fiber optic,Electronic check,No,4,No,No,Yes
CUST02317,32.0,Male,6,39.5,2738.93,Month-to-month,DSL,Electronic check,No,0,Yes,Yes,No
CUST02318,38.0,Male,3,28.13,954.6,Two year,Fiber optic,Credit card,Yes,1,Yes,Yes,No
CUST02319,40.0,Female,4,99.54,4594.47,Month-to-month,DSL,Bank transfer,Yes,3,Yes,No,No
CUST02320,39.0,Female,4,52.46,2382.83,Two year,Fiber optic,Mailed check,No,0,Yes,Yes,No
CUST02321,64.0,Female,4,105.68,5190.48,Two year,Fiber optic,Mailed check,No,1,Yes,Yes,No
CUST02322,54.0,Male,1,80.83,1203.33,Two year,DSL,Mailed check,No,3,No,Yes,No
CUST02323,49.0,Female,4,87.36,4004.0,Month-to-month,Fiber optic,Credit card,Yes,7,No,No,No
CUST02324,34.0,Male,2,49.18,1268.42,Month-to-month,Fiber optic,Electronic check,No,3,Yes,Yes,No
CUST02325,60.0,Female,3,65.73,2238.74,Two year,Fiber optic,Electronic check,No,3,No,Yes,Yes
CUST02326,67.0,Male,1,61.24,908.9,Two year,DSL,Mailed check,No,1,Yes,Yes,No
CUST02327,60.0,Male,3,43.58,1570.7,Two year,Fiber optic,Mailed check,Yes,3,Yes,Yes,No
CUST02328,18.0,Male,8,103.24,10126.1,Month-to-month,Fiber optic,Bank transfer,No,0,Yes,No,Yes
CUST02329,50.0,Female,7,82.2,6742.61,Month-to-month,Fiber optic,Credit card,Yes,8,Yes,No,No
CUST02330,21.0,Female,10,23.76,2906.33,Two year,Fiber optic,Electronic check,No,2,No,Yes,No
CUST02331,31.0,Male,2,101.98,2191.51,Month-to-month,DSL,Mailed check,No,2,No,Yes,No
CUST02332,21.0,Male,0,30.62,96.06,Month-to-month,DSL,Mailed check,No,4,No,Yes,No
CUST02333,49.0,Male,0,60.37,437.94,Month-to-month,No,Bank transfer,No,0,No,Yes,Yes
CUST02334,53.0,Female,5,77.12,4445.29,Two year,Fiber optic,Electronic check,No,6,Yes,No,No
CUST02335,24.0,Male,2,20.78,544.45,Month-to-month,No,Electronic check,No,1,No,No,No
CUST02336,38.0,Female,3,85.28,3132.31,One year,DSL,Bank transfer,No,1,Yes,Yes,No
CUST02337,41.0,Female,0,85.96,428.61,Month-to-month,Fiber optic,Bank transfer,No,0,No,Yes,Yes
CUST02338,37.0,Female,7,85.25,7046.79,Month-to-month,Fiber optic,Electronic check,No,4,No,Yes,No
CUST02339,24.0,Male,0,36.36,126.95,Two year,Fiber optic,Bank transfer,No,4,Yes,Yes,Yes
CUST02340,39.0,Female,4,45.58,2239.05,Month-to-month,Fiber optic,Mailed check,No,0,Yes,Yes,No
CUST02341,56.0,Female,5,44.75,2796.83,Month-to-month,DSL,Electronic check,No,0,Yes,Yes,No
CUST02342,22.0,Male,1,115.99,1570.55,One year,Fiber optic,Credit card,No,4,Yes,Yes,No
CUST02343,22.0,Female,6,26.77,1946.63,Month-to-month,Fiber optic,Electronic check,No,0,No,No,No
CUST02344,36.0,Female,6,62.88,4383.44,Month-to-month,DSL,Bank transfer,No,2,Yes,No,No
CUST02345,66.0,Male,0,107.11,853.22,Two year,Fiber optic,Credit card,No,2,No,No,No
CUST02346,52.0,Male,3,96.94,3760.36,Two year,Fiber optic,Mailed check,No,4,No,Yes,Yes
CUST02347,53.0,Male,3,102.23,3534.84,Month-to-month,DSL,Mailed check,Yes,2,No,No,No
CUST02348,36.0,Female,4,117.21,5570.1,Month-to-month,DSL,Mailed check,No,2,Yes,Yes,No
CUST02349,48.0,Male,0,58.73,181.14,Month-to-month,Fiber optic,Bank transfer,No,6,No,No,No
CUST02350,19.0,Female,0,50.97,407.35,Two year,DSL,Electronic check,No,1,Yes,No,Yes
CUST02351,50.0,Female,6,23.08,1595.72,One year,DSL,Bank transfer,No,1,Yes,No,No
CUST02352,65.0,Female,8,35.02,3358.7,Month-to-month,Fiber optic,Electronic check,No,0,No,No,No
CUST02353,49.0,Male,0,76.2,492.16,Two year,DSL,Bank transfer,No,6,No,No,No
CUST02354,63.0,Female,1,35.78,333.94,One year,Fiber optic,Mailed check,No,3,Yes,No,Yes
CUST02355,,Male,5,93.62,5435.08,Month-to-month,DSL,Bank transfer,No,0,Yes,Yes,Yes
CUST02356,24.0,Male,5,23.74,1465.94,Month-to-month,No,Electronic check,Yes,3,No,Yes,No
CUST02357,64.0,Female,1,45.96,483.26,Month-to-month,DSL,Mailed check,No,2,Yes,Yes,No
CUST02358,21.0,Male,8,89.54,8716.33,Two year,DSL,Mailed check,Yes,6,Yes,No,Yes
CUST02359,45.0,Female,3,,1708.28,Two year,Fiber optic,Credit card,No,1,No,Yes,Yes
CUST02360,25.0,Male,6,92.87,6634.77,Month-to-month,DSL,Electronic check,Yes,3,Yes,No,Yes
CUST02361,19.0,Male,5,119.57,,One year,Fiber optic,Credit card,No,2,Yes,No,No
CUST02362,40.0,Male,10,99.7,11670.96,One year,Fiber optic,Credit card,No,0,No,Yes,No
CUST02363,33.0,Female,10,54.19,6500.35,Month-to-month,Fiber optic,Credit card,No,4,Yes,Yes,No
CUST02364,43.0,Female,2,110.04,2358.08,Month-to-month,DSL,Mailed check,Yes,0,Yes,No,No
CUST02365,47.0,Female,7,25.14,2145.57,One year,No,Credit card,No,3,No,Yes,Yes
CUST02366,20.0,Male,6,92.49,6593.26,Month-to-month,Fiber optic,Electronic check,No,3,No,No,No
CUST02367,24.0,Male,8,22.35,2170.31,Month-to-month,DSL,Electronic check,No,2,Yes,No,Yes
CUST02368,46.0,Female,2,37.47,878.6,Month-to-month,DSL,Credit card,No,0,No,Yes,No
CUST02369,36.0,Male,0,118.74,803.87,Month-to-month,Fiber optic,Credit card,Yes,6,Yes,No,No
CUST02370,55.0,Male,1,56.09,785.21,One year,No,Credit card,No,1,No,Yes,No
CUST02371,51.0,Female,10,102.04,12479.82,Month-to-month,DSL,Credit card,No,2,Yes,No,No
CUST02372,,Male,0,57.61,178.68,One year,No,Credit card,No,3,Yes,No,Yes
CUST02373,53.0,Female,10,103.99,12569.5,Month-to-month,Fiber optic,Credit card,No,5,No,Yes,No
CUST02374,40.0,Female,4,116.53,5638.06,One year,DSL,Bank transfer,No,2,No,No,Yes
CUST02375,52.0,Male,9,63.56,6916.33,Month-to-month,Fiber optic,Mailed check,No,1,Yes,Yes,No
CUST02376,32.0,Male,1,75.93,709.86,One year,DSL,Mailed check,No,3,Yes,No,No
CUST02377,34.0,Male,2,82.86,1774.78,One year,No,Mailed check,No,1,Yes,No,No
CUST02378,58.0,Female,7,113.47,9529.1,One year,Fiber optic,Credit card,No,0,Yes,No,Yes
CUST02379,41.0,Female,9,45.68,4812.49,Two year,Fiber optic,Bank transfer,Yes,4,No,Yes,Yes
CUST02380,59.0,Male,4,81.12,4028.32,Month-to-month,No,Mailed check,No,2,Yes,No,Yes
CUST02381,60.0,Male,3,52.48,1975.04,Two year,DSL,Electronic check,No,0,No,No,No
CUST02382,62.0,Female,4,41.7,1906.07,Two year,No,Mailed check,No,2,No,Yes,No
CUST02383,65.0,Female,9,28.51,3071.25,One year,DSL,Mailed check,Yes,0,No,Yes,No
CUST02384,40.0,Male,5,82.07,4970.74,Two year,Fiber optic,Mailed check,No,0,No,Yes,No
CUST02385,34.0,Male,6,108.19,8023.25,Month-to-month,Fiber optic,Mailed check,No,0,Yes,No,No
CUST02386,48.0,Male,8,55.15,5455.55,Month-to-month,Fiber optic,Electronic check,No,3,No,Yes,Yes
CUST02387,37.0,Female,0,75.26,233.57,Two year,Fiber optic,Credit card,No,3,Yes,No,No
CUST02388,49.0,Female,3,84.21,3019.52,Two year,No,Electronic check,No,2,Yes,No,No
CUST02389,54.0,Male,8,61.47,6012.82,Month-to-month,DSL,Electronic check,Yes,1,Yes,No,Yes
CUST02390,53.0,Female,4,110.32,5491.13,One year,DSL,Credit card,No,3,Yes,Yes,No
CUST02391,37.0,Male,7,56.28,4741.73,Two year,DSL,Electronic check,No,2,Yes,No,No
CUST02392,27.0,Male,0,32.52,133.11,Two year,Fiber optic,Electronic check,No,2,No,Yes,Yes
CUST02393,40.0,Male,3,34.42,1251.19,Month-to-month,Fiber optic,Mailed check,No,4,Yes,Yes,No
CUST02394,25.0,Female,8,109.07,10399.76,Month-to-month,Fiber optic,Mailed check,No,2,No,Yes,No
CUST02395,63.0,Male,0,118.78,647.92,Month-to-month,No,Credit card,Yes,2,No,Yes,Yes
CUST02396,36.0,Female,0,48.9,243.14,One year,No,Mailed check,No,6,Yes,No,Yes
CUST02397,26.0,Male,3,34.37,1164.16,Two year,DSL,Credit card,No,2,Yes,Yes,Yes
CUST02398,19.0,Male,2,68.22,1734.85,One year,Fiber optic,Credit card,No,2,No,No,No
CUST02399,51.0,Male,6,90.94,6661.76,Two year,DSL,Bank transfer,No,2,Yes,Yes,Yes
CUST02400,50.0,Female,10,81.24,9769.17,Two year,No,Credit card,Yes,1,No,No,No
CUST02401,35.0,Male,2,115.09,2661.95,One year,No,Electronic check,No,3,Yes,Yes,Yes
CUST02402,22.0,Female,0,101.77,807.62,Month-to-month,No,Credit card,No,3,Yes,No,No
CUST02403,39.0,Male,10,106.88,12607.79,Month-to-month,Fiber optic,Bank transfer,No,1,No,No,No
CUST02404,34.0,Male,9,74.17,7980.71,Month-to-month,Fiber optic,Electronic check,Yes,0,Yes,No,Yes
CUST02405,53.0,Male,1,52.73,681.39,Month-to-month,Fiber optic,Bank transfer,Yes,9,No,No,Yes
CUST02406,49.0,Male,9,90.17,9911.81,Month-to-month,DSL,Mailed check,No,2,Yes,Yes,No
CUST02407,37.0,Male,3,63.91,2358.05,Month-to-month,DSL,Electronic check,No,1,Yes,Yes,No
CUST02408,29.0,Male,0,48.78,180.8,Month-to-month,No,Credit card,No,1,No,Yes,Yes
CUST02409,68.0,Female,0,35.24,127.14,One year,Fiber optic,Bank transfer,No,2,Yes,No,No
CUST02410,41.0,Female,7,72.79,5917.72,Month-to-month,No,Credit card,Yes,0,No,No,No
CUST02411,53.0,Male,6,79.42,5746.93,Two year,No,Mailed check,No,0,No,Yes,No
CUST02412,25.0,Male,7,76.88,6339.0,One year,No,Electronic check,No,3,Yes,Yes,No
CUST02413,43.0,Male,3,31.67,1075.43,One year,Fiber optic,Credit card,No,3,No,Yes,No
CUST02414,19.0,Male,5,77.0,4428.02,Two year,DSL,Mailed check,No,1,No,Yes,Yes
CUST02415,44.0,Male,2,,915.87,Two year,DSL,Credit card,No,0,Yes,No,No
CUST02416,67.0,Female,10,86.36,10495.1,Two year,Fiber optic,Electronic check,No,2,No,No,No
CUST02417,38.0,Male,7,62.94,5422.17,Month-to-month,DSL,Mailed check,No,1,Yes,No,No
CUST02418,20.0,Male,3,104.86,3835.17,Month-to-month,DSL,Mailed check,No,1,Yes,Yes,No
CUST02419,20.0,Male,2,97.82,2262.02,Month-to-month,Fiber optic,Bank transfer,No,1,Yes,Yes,No
CUST02420,38.0,Male,3,92.43,3311.04,One year,No,Electronic check,No,1,Yes,No,Yes
CUST02421,26.0,Female,5,90.07,5477.52,Month-to-month,No,Mailed check,No,1,No,Yes,No
CUST02422,19.0,Male,10,76.05,9222.75,One year,DSL,Electronic check,No,6,Yes,Yes,Yes
CUST02423,57.0,Male,6,26.13,1903.99,Month-to-month,No,Credit card,No,1,Yes,Yes,No
CUST02424,41.0,Female,6,85.54,6396.15,One year,Fiber optic,Electronic check,No,1,Yes,No,No
CUST02425,33.0,Male,3,66.69,2501.09,One year,Fiber optic,Bank transfer,No,1,Yes,No,No
CUST02426,64.0,Female,7,66.96,5725.05,Month-to-month,DSL,Electronic check,No,2,Yes,Yes,No
CUST02427,24.0,Female,6,57.91,4280.42,One year,Fiber optic,Electronic check,No,3,Yes,No,No
CUST02428,67.0,Male,1,112.89,1327.84,Two year,Fiber optic,Credit card,No,2,Yes,Yes,No
CUST02429,34.0,Female,7,44.96,3712.56,Two year,Fiber optic,Bank transfer,No,3,Yes,No,No
CUST02430,63.0,Male,8,51.67,5058.05,Month-to-month,DSL,Credit card,No,0,No,Yes,No
CUST02431,49.0,Female,4,116.29,5556.71,Two year,No,Mailed check,Yes,4,No,No,Yes
CUST02432,60.0,Male,3,101.0,3701.06,Month-to-month,No,Credit card,No,1,Yes,No,No
CUST02433,68.0,Male,3,21.43,762.36,Month-to-month,No,Bank transfer,No,0,Yes,Yes,No
CUST02434,33.0,Female,3,110.59,3912.43,Month-to-month,DSL,Bank transfer,No,1,Yes,Yes,No
CUST02435,67.0,Female,5,42.68,2604.39,Two year,Fiber optic,Electronic check,No,1,No,Yes,Yes
CUST02436,38.0,Female,10,90.59,10960.07,Month-to-month,DSL,Bank transfer,No,2,No,No,No
CUST02437,38.0,Female,3,75.31,2624.7,Month-to-month,Fiber optic,Credit card,Yes,2,No,Yes,No
CUST02438,35.0,Male,6,73.68,5167.45,Two year,No,Bank transfer,No,3,No,No,No
CUST02439,46.0,Male,6,91.78,6405.38,One year,DSL,Mailed check,No,0,No,Yes,No
CUST02440,26.0,Male,4,40.73,1860.65,Two year,No,Bank transfer,Yes,2,Yes,Yes,No
CUST02441,46.0,Male,4,35.92,1792.44,Month-to-month,Fiber optic,Bank transfer,No,1,No,No,No
CUST02442,46.0,Male,9,85.19,9090.7,Month-to-month,DSL,Credit card,No,2,Yes,Yes,No
CUST02443,57.0,Female,7,49.07,4174.13,Two year,DSL,Electronic check,No,0,No,No,No
CUST02444,61.0,Male,6,117.38,8301.37,One year,DSL,Electronic check,No,0,No,Yes,Yes
CUST02445,40.0,Male,6,65.15,4756.21,Two year,Fiber optic,Credit card,No,2,No,Yes,Yes
CUST02446,33.0,Male,5,31.18,1961.07,Two year,DSL,Electronic check,Yes,3,Yes,Yes,No
CUST02447,31.0,Female,6,88.57,6146.66,One year,Fiber optic,Mailed check,No,3,No,No,No
CUST02448,28.0,Female,6,50.62,3691.61,Month-to-month,Fiber optic,Mailed check,No,0,No,No,No
CUST02449,21.0,Female,9,34.87,3720.77,Month-to-month,Fiber optic,Electronic check,Yes,1,No,No,No
CUST02450,35.0,Male,1,62.29,591.55,Month-to-month,DSL,Credit card,No,1,Yes,Yes,No
CUST02451,32.0,Female,9,116.4,12277.54,Month-to-month,Fiber optic,Credit card,No,2,Yes,Yes,No
CUST02452,67.0,Male,1,61.15,686.68,Two year,DSL,Electronic check,No,2,No,Yes,No
CUST02453,46.0,Female,9,54.74,5925.2,One year,No,Bank transfer,No,1,Yes,Yes,No
CUST02454,36.0,Female,6,64.45,4697.59,Two year,Fiber optic,Electronic check,No,1,No,No,No
CUST02455,48.0,Male,9,21.23,2301.56,Two year,DSL,Mailed check,No,2,Yes,Yes,No
CUST02456,25.0,Male,6,33.32,2478.96,Two year,Fiber optic,Mailed check,No,1,No,No,No
CUST02457,41.0,Female,6,104.95,7338.47,Two year,Fiber optic,Bank transfer,No,0,Yes,Yes,No
CUST02458,,Male,4,117.78,5886.16,Two year,DSL,Mailed check,No,2,No,No,Yes
CUST02459,43.0,Female,0,35.81,220.91,Two year,Fiber optic,Credit card,No,1,Yes,Yes,No
CUST02460,38.0,Male,1,73.55,1041.72,Two year,Fiber optic,Bank transfer,No,4,No,Yes,No
CUST02461,69.0,Male,8,116.61,11143.7,Two year,DSL,Bank transfer,Yes,3,No,Yes,No
CUST02462,63.0,Male,7,35.67,2992.54,Two year,DSL,Bank transfer,No,1,No,No,No
CUST02463,50.0,Male,7,38.64,3228.04,Two year,Fiber optic,Credit card,No,1,No,Yes,No
CUST02464,47.0,Male,9,112.66,11894.99,Month-to-month,Fiber optic,Mailed check,No,1,Yes,Yes,No
CUST02465,50.0,Male,0,90.56,350.47,Month-to-month,No,Electronic check,No,2,Yes,Yes,Yes
CUST02466,28.0,Female,5,35.21,2116.34,Month-to-month,DSL,Mailed check,No,5,No,Yes,No
CUST02467,38.0,Male,8,59.35,5709.77,Month-to-month,DSL,Electronic check,No,1,Yes,No,Yes
CUST02468,20.0,Female,7,25.64,2149.2,One year,Fiber optic,Bank transfer,No,4,No,No,No
CUST02469,42.0,Female,2,63.27,1333.54,Two year,Fiber optic,Electronic check,No,2,No,Yes,Yes
CUST02470,46.0,Female,3,97.78,3523.32,One year,Fiber optic,Mailed check,No,4,No,Yes,No
CUST02471,30.0,Male,2,75.4,1643.79,Month-to-month,DSL,Credit card,No,3,No,Yes,Yes
CUST02472,67.0,Male,5,84.74,5118.05,Two year,DSL,Mailed check,No,3,No,No,No
CUST02473,64.0,Male,8,52.69,4991.2,Two year,Fiber optic,Credit card,No,2,Yes,Yes,Yes
CUST02474,55.0,Female,7,,3143.48,Two year,Fiber optic,Credit card,No,3,Yes,No,No
CUST02475,45.0,Female,9,21.33,2285.75,Two year,DSL,Credit card,No,1,Yes,No,No
CUST02476,62.0,Male,3,102.12,3872.82,Month-to-month,DSL,Electronic check,No,4,Yes,No,Yes
CUST02477,25.0,Male,1,83.66,876.22,Month-to-month,No,Bank transfer,Yes,2,Yes,Yes,No
CUST02478,58.0,Female,7,42.94,3527.2,One year,No,Bank transfer,No,2,No,Yes,No
CUST02479,24.0,Male,7,61.85,5091.62,Month-to-month,DSL,Bank transfer,No,7,Yes,No,Yes
CUST02480,59.0,Female,10,100.13,11915.61,Month-to-month,DSL,Credit card,No,4,Yes,Yes,No
CUST02481,32.0,Female,5,73.87,4586.73,Two year,DSL,Electronic check,Yes,3,Yes,Yes,No
CUST02482,63.0,Female,7,50.02,4281.24,Two year,DSL,Electronic check,Yes,1,Yes,No,Yes
CUST02483,66.0,Male,8,46.73,,Month-to-month,Fiber optic,Electronic check,No,6,Yes,No,Yes
CUST02484,26.0,Male,0,41.77,172.46,Month-to-month,DSL,Mailed check,No,3,No,No,No
CUST02485,42.0,Female,8,102.36,9549.4,Month-to-month,Fiber optic,Electronic check,Yes,2,No,No,Yes
CUST02486,,Female,1,78.18,993.8,Month-to-month,Fiber optic,Electronic check,No,4,Yes,Yes,No
CUST02487,43.0,Male,0,90.91,658.22,Two year,No,Electronic check,Yes,1,No,No,Yes
CUST02488,62.0,Male,7,106.0,8971.3,Month-to-month,Fiber optic,Bank transfer,No,0,No,No,No
CUST02489,48.0,Female,7,118.67,9968.9,Two year,DSL,Credit card,No,2,Yes,No,No
CUST02490,37.0,Female,10,44.96,5522.56,Two year,DSL,Mailed check,Yes,0,No,Yes,No
CUST02491,33.0,Female,3,38.1,1263.04,One year,No,Bank transfer,No,3,Yes,No,Yes
CUST02492,28.0,Female,7,66.2,5754.91,Two year,No,Electronic check,No,1,Yes,Yes,No
CUST02493,57.0,Male,6,23.53,1662.28,Month-to-month,Fiber optic,Credit card,Yes,0,No,Yes,Yes
CUST02494,38.0,Male,1,99.16,1120.4,One year,DSL,Credit card,Yes,2,Yes,Yes,No
CUST02495,44.0,Female,4,108.36,5365.5,One year,No,Credit card,No,2,No,No,Yes
CUST02496,43.0,Female,9,88.6,9423.37,One year,DSL,Credit card,No,1,Yes,No,No
CUST02497,47.0,Male,3,46.81,1744.05,Month-to-month,DSL,Electronic check,No,0,Yes,No,Yes
CUST02498,62.0,Male,2,32.33,743.45,Month-to-month,No,Mailed check,No,2,Yes,Yes,Yes
CUST02499,68.0,Female,0,58.22,503.21,Month-to-month,No,Electronic check,No,3,Yes,No,No
CUST02500,39.0,Male,4,103.32,4755.86,One year,Fiber optic,Credit card,No,4,No,No,No
CUST02501,60.0,Male,9,54.79,6059.14,Two year,DSL,Electronic check,No,0,Yes,No,Yes
CUST02502,57.0,Female,7,23.44,2010.25,One year,Fiber optic,Credit card,No,2,Yes,Yes,Yes
CUST02503,47.0,Female,8,47.44,4460.1,Two year,Fiber optic,Electronic check,No,1,No,No,No
CUST02504,67.0,Female,6,118.97,8485.98,Month-to-month,Fiber optic,Mailed check,No,1,Yes,No,No
CUST02505,28.0,Male,10,87.66,10311.05,Two year,Fiber optic,Credit card,No,5,Yes,No,No
CUST02506,24.0,Female,0,110.07,,One year,No,Electronic check,No,1,No,Yes,Yes
CUST02507,62.0,Female,0,97.48,854.19,Month-to-month,DSL,Bank transfer,No,1,Yes,No,No
CUST02508,40.0,Female,0,73.97,257.07,One year,DSL,Mailed check,No,1,Yes,Yes,No
CUST02509,61.0,Female,1,34.88,367.97,One year,DSL,Bank transfer,No,6,No,No,Yes
CUST02510,64.0,Male,0,54.87,413.29,Month-to-month,Fiber optic,Electronic check,No,2,Yes,No,No
CUST02511,21.0,Male,3,78.37,2801.74,Two year,Fiber optic,Mailed check,No,2,Yes,Yes,No
CUST02512,63.0,Male,9,107.05,11457.79,Two year,Fiber optic,Mailed check,No,2,Yes,Yes,Yes
CUST02513,41.0,Male,8,46.88,4528.63,Month-to-month,DSL,Mailed check,No,1,Yes,Yes,Yes
CUST02514,44.0,Female,3,32.14,1117.23,One year,No,Electronic check,No,3,Yes,Yes,Yes
CUST02515,50.0,Female,3,75.88,2653.79,Month-to-month,DSL,Mailed check,No,0,Yes,No,No
CUST02516,65.0,Female,6,37.66,2780.92,Two year,DSL,Mailed check,No,3,No,Yes,No
CUST02517,19.0,Female,10,81.03,9671.1,Month-to-month,Fiber optic,Bank transfer,No,2,No,Yes,No
CUST02518,42.0,Male,8,46.36,4506.5,Month-to-month,DSL,Electronic check,Yes,0,No,No,Yes
CUST02519,53.0,Male,6,43.11,3013.38,One year,Fiber optic,Credit card,Yes,1,Yes,No,No
CUST02520,55.0,Male,0,59.92,323.16,Month-to-month,Fiber optic,Electronic check,No,3,Yes,No,No
CUST02521,53.0,Male,0,79.32,500.6,Month-to-month,DSL,Electronic check,No,1,No,Yes,Yes
CUST02522,25.0,Male,3,74.53,2579.02,Month-to-month,DSL,Mailed check,No,1,No,Yes,No
CUST02523,33.0,Female,3,44.48,1580.49,Month-to-month,Fiber optic,Bank transfer,No,0,Yes,No,Yes
CUST02524,36.0,Female,0,109.1,824.65,Month-to-month,DSL,Bank transfer,Yes,3,Yes,Yes,No
CUST02525,59.0,Male,5,31.0,1797.26,Two year,DSL,Electronic check,No,4,No,Yes,No
CUST02526,32.0,Male,9,23.97,2588.35,Two year,Fiber optic,Credit card,No,3,No,Yes,No
CUST02527,29.0,Female,1,80.27,848.47,One year,DSL,Electronic check,Yes,2,Yes,Yes,No
CUST02528,67.0,Male,10,32.36,3865.27,One year,Fiber optic,Credit card,No,2,No,Yes,No
CUST02529,18.0,Female,4,70.49,3330.76,One year,Fiber optic,Credit card,No,1,Yes,Yes,Yes
CUST02530,69.0,Female,7,115.16,9780.71,Month-to-month,No,Electronic check,No,1,Yes,Yes,No
CUST02531,53.0,Female,2,89.85,2300.43,Month-to-month,No,Mailed check,No,3,Yes,Yes,Yes
CUST02532,60.0,Male,8,81.74,7847.0,One year,DSL,Mailed check,No,3,Yes,Yes,Yes
CUST02533,33.0,Female,6,77.48,5423.39,Month-to-month,DSL,Credit card,No,3,No,Yes,No
CUST02534,19.0,Male,8,37.97,3728.78,One year,Fiber optic,Bank transfer,Yes,2,Yes,Yes,No
CUST02535,56.0,Female,0,63.27,260.49,One year,Fiber optic,Mailed check,No,4,Yes,No,Yes
CUST02536,61.0,Male,4,54.26,2629.95,One year,DSL,Mailed check,No,4,Yes,Yes,No
CUST02537,56.0,Male,2,115.29,2785.83,Two year,Fiber optic,Credit card,Yes,1,Yes,No,No
CUST02538,25.0,Female,3,44.24,1536.09,Two year,Fiber optic,Credit card,No,1,No,No,No
CUST02539,56.0,Female,3,67.15,2600.0,Two year,Fiber optic,Credit card,No,2,No,Yes,Yes
CUST02540,57.0,Female,10,113.79,13775.47,Two year,Fiber optic,Mailed check,No,1,No,No,No
CUST02541,52.0,Female,6,98.91,7103.45,Month-to-month,DSL,Mailed check,No,4,Yes,Yes,No
CUST02542,57.0,Female,9,116.43,12535.28,Two year,DSL,Bank transfer,No,1,No,Yes,No
CUST02543,61.0,Male,10,80.83,9501.8,One year,DSL,Bank transfer,No,2,No,No,No
CUST02544,49.0,Female,7,53.39,4574.27,One year,DSL,Electronic check,No,2,Yes,No,No
CUST02545,23.0,Female,10,102.65,12061.79,One year,No,Credit card,No,2,Yes,No,No
CUST02546,43.0,Female,9,49.15,5220.36,Month-to-month,DSL,Mailed check,No,1,Yes,Yes,No
CUST02547,22.0,Female,4,36.49,1678.1,Two year,DSL,Bank transfer,No,8,Yes,No,No
CUST02548,39.0,Male,9,90.62,9552.22,Two year,DSL,Credit card,No,1,Yes,No,No
CUST02549,39.0,Female,6,83.89,6205.97,One year,Fiber optic,Credit card,No,3,No,No,Yes
CUST02550,21.0,Male,2,107.88,2852.1,Month-to-month,Fiber optic,Electronic check,No,3,Yes,Yes,No
CUST02551,36.0,Male,2,116.17,2875.67,Two year,Fiber optic,Credit card,No,0,Yes,Yes,No
CUST02552,24.0,Female,2,105.71,2776.52,Month-to-month,No,Bank transfer,No,5,No,No,No
CUST02553,59.0,Male,3,26.02,964.04,Month-to-month,Fiber optic,Electronic check,No,2,Yes,Yes,Yes
CUST02554,66.0,Female,5,86.44,5282.64,One year,DSL,Mailed check,No,2,No,No,No
CUST02555,22.0,Male,4,98.46,4956.26,Two year,Fiber optic,Electronic check,No,2,Yes,No,Yes
CUST02556,67.0,Male,7,118.17,9637.24,Month-to-month,No,Credit card,No,2,Yes,No,Yes
CUST02557,45.0,Female,4,57.47,2605.07,Two year,DSL,Credit card,Yes,0,No,Yes,No
CUST02558,33.0,Female,10,37.0,4341.06,Two year,DSL,Bank transfer,No,3,No,Yes,No
CUST02559,22.0,Female,4,105.28,5001.54,One year,Fiber optic,Credit card,No,2,Yes,Yes,Yes
CUST02560,44.0,Female,9,51.75,5728.05,Month-to-month,DSL,Mailed check,No,0,Yes,Yes,No
CUST02561,59.0,Female,1,79.82,1134.95,Month-to-month,Fiber optic,Bank transfer,Yes,3,No,Yes,No
CUST02562,54.0,Male,10,58.99,7179.07,Month-to-month,No,Credit card,No,3,Yes,No,Yes
CUST02563,21.0,Male,10,60.24,7193.66,Month-to-month,DSL,Mailed check,Yes,2,No,Yes,No
CUST02564,22.0,Male,4,93.24,4656.74,Month-to-month,Fiber optic,Bank transfer,No,0,No,No,No
CUST02565,39.0,Female,6,56.15,3948.17,Month-to-month,DSL,Credit card,No,1,Yes,No,No
CUST02566,33.0,Female,1,89.3,1117.33,Month-to-month,DSL,Mailed check,Yes,0,Yes,No,No
CUST02567,30.0,Male,5,21.45,1318.79,Month-to-month,Fiber optic,Mailed check,No,2,Yes,No,No
CUST02568,32.0,Female,6,52.47,3649.65,Month-to-month,DSL,Electronic check,No,4,Yes,Yes,No
CUST02569,59.0,Female,4,51.91,2608.29,Month-to-month,Fiber optic,Bank transfer,No,0,Yes,No,No
CUST02570,65.0,Male,8,94.87,9237.26,Two year,DSL,Electronic check,No,1,Yes,No,No
CUST02571,39.0,Male,3,51.46,1862.95,One year,DSL,Mailed check,No,3,Yes,No,No
CUST02572,64.0,Female,9,83.33,8780.58,Month-to-month,DSL,Electronic check,No,0,No,Yes,No
CUST02573,34.0,Female,0,88.84,636.76,Month-to-month,No,Electronic check,No,0,Yes,Yes,No
CUST02574,42.0,Female,7,85.84,7183.08,Two year,DSL,Electronic check,No,2,No,No,No
CUST02575,30.0,Male,7,80.33,6861.39,Month-to-month,DSL,Bank transfer,No,3,No,Yes,No
CUST02576,51.0,Female,6,61.37,4247.59,Two year,Fiber optic,Credit card,No,3,No,Yes,No
CUST02577,68.0,Male,7,57.34,4841.91,Two year,Fiber optic,Electronic check,Yes,3,Yes,Yes,No
CUST02578,49.0,Male,1,76.46,893.17,Month-to-month,DSL,Credit card,No,1,No,Yes,No
CUST02579,36.0,Female,2,26.39,622.19,One year,No,Bank transfer,No,4,No,No,No
CUST02580,51.0,Male,8,107.57,10337.77,One year,No,Credit card,No,0,Yes,Yes,Yes
CUST02581,24.0,Female,0,102.52,383.63,Month-to-month,Fiber optic,Bank transfer,Yes,1,Yes,Yes,No
CUST02582,63.0,Male,7,54.64,4732.92,Month-to-month,Fiber optic,Credit card,No,1,Yes,Yes,Yes
CUST02583,44.0,Female,7,76.68,6535.23,One year,No,Bank transfer,No,1,Yes,Yes,No
CUST02584,41.0,Female,6,113.21,7868.81,Two year,Fiber optic,Mailed check,No,1,Yes,Yes,No
CUST02585,48.0,Male,10,47.17,5541.71,Month-to-month,No,Bank transfer,Yes,2,Yes,Yes,No
CUST02586,50.0,Female,4,94.24,4359.72,Month-to-month,DSL,Credit card,No,2,No,Yes,No
CUST02587,22.0,Male,3,28.29,974.26,Month-to-month,Fiber optic,Electronic check,No,1,Yes,No,No
CUST02588,53.0,Female,9,72.34,7808.91,One year,No,Mailed check,No,3,No,Yes,Yes
CUST02589,30.0,Male,9,108.38,11728.91,Two year,DSL,Electronic check,No,3,Yes,No,Yes
CUST02590,54.0,Male,9,75.17,7958.49,Month-to-month,DSL,Credit card,No,1,Yes,Yes,No
CUST02591,60.0,Male,9,81.62,9046.93,Two year,Fiber optic,Electronic check,No,1,Yes,No,Yes
CUST02592,59.0,Male,5,110.75,6860.66,Month-to-month,No,Electronic check,No,1,Yes,Yes,No
CUST02593,46.0,Female,10,91.53,11056.6,Two year,DSL,Bank transfer,No,0,Yes,No,No
CUST02594,45.0,Male,0,89.58,418.1,Month-to-month,No,Credit card,Yes,3,Yes,No,Yes
CUST02595,25.0,Male,4,78.63,3968.08,Two year,Fiber optic,Electronic check,No,0,No,No,No
CUST02596,58.0,Male,3,83.29,2906.23,Two year,No,Electronic check,No,1,Yes,Yes,No
CUST02597,32.0,Male,3,100.36,3504.06,Two year,Fiber optic,Electronic check,No,0,No,Yes,No
CUST02598,43.0,Female,6,117.9,8385.05,Month-to-month,Fiber optic,Credit card,Yes,3,No,No,No
CUST02599,32.0,Female,8,99.52,9284.05,One year,No,Mailed check,No,0,Yes,No,No
CUST02600,25.0,Male,7,90.75,7384.05,One year,DSL,Electronic check,Yes,3,Yes,No,No
CUST02601,50.0,Female,10,33.57,4023.41,Two year,No,Electronic check,No,0,No,No,No
CUST02602,21.0,Female,7,101.7,8775.35,Month-to-month,DSL,Mailed check,No,3,Yes,Yes,No
CUST02603,56.0,Male,4,93.59,4740.73,Two year,DSL,Mailed check,No,4,Yes,No,No
CUST02604,34.0,Female,5,97.03,5982.47,Month-to-month,Fiber optic,Mailed check,Yes,2,Yes,Yes,No
CUST02605,18.0,Female,1,43.12,492.72,Month-to-month,DSL,Electronic check,Yes,3,No,No,No
CUST02606,44.0,Female,10,110.33,13113.94,Month-to-month,Fiber optic,Bank transfer,Yes,3,Yes,Yes,No
CUST02607,20.0,Female,2,29.74,663.12,Month-to-month,Fiber optic,Credit card,No,3,Yes,No,No
CUST02608,32.0,Male,4,45.37,2188.28,Month-to-month,DSL,Electronic check,No,3,No,Yes,No
CUST02609,54.0,Female,1,86.3,1026.47,Month-to-month,DSL,Mailed check,No,1,Yes,Yes,Yes
CUST02610,21.0,Female,2,87.36,2079.4,Month-to-month,Fiber optic,Mailed check,No,2,No,No,No
CUST02611,61.0,Male,3,51.34,1791.63,Two year,No,Mailed check,No,6,No,No,Yes
CUST02612,18.0,Female,5,90.14,5452.95,One year,No,Mailed check,No,1,No,No,Yes
CUST02613,31.0,Male,4,58.8,2860.36,Two year,DSL,Bank transfer,No,6,No,Yes,Yes
CUST02614,56.0,Female,9,20.04,2209.16,One year,No,Credit card,No,2,Yes,No,Yes
CUST02615,34.0,Female,3,36.27,1362.76,Two year,DSL,Bank transfer,No,2,Yes,Yes,Yes
CUST02616,23.0,Male,1,108.25,1188.47,One year,DSL,Bank transfer,Yes,3,Yes,Yes,No
CUST02617,36.0,Male,10,42.28,5043.1,Month-to-month,DSL,Credit card,No,3,No,Yes,Yes
CUST02618,32.0,Female,4,31.31,1453.78,One year,DSL,Electronic check,Yes,1,No,Yes,No
CUST02619,61.0,Male,4,88.21,4060.0,One year,Fiber optic,Electronic check,No,0,No,No,No
CUST02620,34.0,Male,10,64.07,7538.4,One year,Fiber optic,Bank transfer,No,3,No,Yes,No
CUST02621,58.0,Male,6,99.65,6896.06,Two year,No,Credit card,Yes,5,Yes,Yes,No
CUST02622,63.0,Male,0,106.13,584.36,Two year,Fiber optic,Mailed check,No,2,No,Yes,No
CUST02623,40.0,Male,3,104.59,4053.17,Month-to-month,DSL,Credit card,No,1,No,Yes,Yes
CUST02624,64.0,Male,10,51.31,6168.71,Two year,Fiber optic,Electronic check,No,1,Yes,Yes,No
CUST02625,37.0,Male,4,70.55,3489.12,One year,DSL,Bank transfer,No,4,Yes,Yes,No
CUST02626,67.0,Female,7,85.01,7088.52,Month-to-month,Fiber optic,Mailed check,No,0,No,Yes,No
CUST02627,23.0,Female,7,52.21,4349.05,One year,DSL,Electronic check,No,2,Yes,Yes,No
CUST02628,53.0,Male,0,24.13,90.51,Two year,DSL,Mailed check,Yes,1,No,Yes,No
CUST02629,43.0,Male,4,69.57,3255.66,One year,DSL,Credit card,Yes,1,Yes,Yes,No
CUST02630,38.0,Female,9,21.3,2355.33,Two year,No,Credit card,No,1,Yes,Yes,No
CUST02631,50.0,Male,0,115.05,683.52,Month-to-month,Fiber optic,Electronic check,No,1,Yes,Yes,No
CUST02632,54.0,Male,0,99.66,421.15,Two year,No,Electronic check,Yes,3,Yes,No,No
CUST02633,18.0,Male,1,39.21,509.09,Two year,Fiber optic,Mailed check,No,1,No,Yes,Yes
CUST02634,27.0,Female,1,48.77,557.52,Two year,No,Mailed check,No,1,Yes,No,No
CUST02635,54.0,Female,8,118.26,11585.67,Month-to-month,DSL,Credit card,No,2,No,Yes,No
CUST02636,52.0,Female,3,57.36,1924.82,Month-to-month,Fiber optic,Bank transfer,Yes,4,No,No,No
CUST02637,67.0,Female,2,98.36,2373.53,One year,DSL,Mailed check,No,3,Yes,Yes,No
CUST02638,57.0,Female,10,64.68,7878.94,Month-to-month,DSL,Credit card,No,0,No,No,No
CUST02639,66.0,Male,0,106.4,864.21,Two year,No,Bank transfer,No,0,Yes,Yes,No
CUST02640,54.0,Female,1,90.37,,Month-to-month,Fiber optic,Electronic check,No,2,Yes,No,No
CUST02641,33.0,Male,5,22.31,1370.87,One year,No,Electronic check,No,4,No,Yes,No
CUST02642,23.0,Female,8,49.45,4885.1,Month-to-month,DSL,Mailed check,No,1,No,Yes,No
CUST02643,58.0,Female,4,75.8,3693.7,One year,Fiber optic,Bank transfer,No,1,Yes,Yes,No
CUST02644,51.0,Female,3,112.6,4264.12,Two year,DSL,Credit card,No,3,No,No,Yes
CUST02645,20.0,Male,4,30.22,1463.88,Month-to-month,DSL,Mailed check,No,2,Yes,Yes,No
CUST02646,36.0,Male,8,80.11,7830.27,Two year,No,Credit card,No,2,No,Yes,No
CUST02647,67.0,Female,6,50.23,3749.05,Month-to-month,Fiber optic,Bank transfer,No,0,No,No,No
CUST02648,44.0,Female,7,108.92,9287.24,One year,No,Mailed check,No,1,Yes,Yes,No
CUST02649,40.0,Female,3,96.51,3274.13,One year,DSL,Bank transfer,No,1,Yes,No,No
CUST02650,41.0,Male,10,56.98,6694.14,Month-to-month,No,Bank transfer,No,1,Yes,Yes,No
CUST02651,29.0,Female,7,36.72,3153.55,Month-to-month,Fiber optic,Bank transfer,No,6,Yes,No,No
CUST02652,37.0,Female,5,21.17,1239.47,Two year,Fiber optic,Credit card,No,0,No,No,Yes
CUST02653,37.0,Female,4,82.11,4126.09,Month-to-month,DSL,Electronic check,No,2,No,No,Yes
CUST02654,21.0,Female,6,60.62,4253.85,Month-to-month,No,Mailed check,No,2,No,Yes,Yes
CUST02655,57.0,Female,5,51.48,3215.96,Two year,No,Credit card,No,1,No,Yes,No
CUST02656,39.0,Female,2,118.53,3061.8,Month-to-month,Fiber optic,Bank transfer,No,4,Yes,Yes,No
CUST02657,60.0,Female,4,66.62,3349.94,Two year,Fiber optic,Credit card,No,3,No,Yes,No
CUST02658,61.0,Female,8,94.97,8965.18,One year,Fiber optic,Bank transfer,No,9,Yes,No,No
CUST02659,29.0,Male,6,37.75,2804.05,Month-to-month,Fiber optic,Bank transfer,No,1,Yes,No,No
CUST02660,52.0,Male,3,21.36,780.36,Month-to-month,No,Bank transfer,No,0,Yes,Yes,Yes
CUST02661,42.0,Female,6,61.76,4292.54,One year,DSL,Bank transfer,No,0,No,No,No
CUST02662,63.0,Female,4,86.56,4378.74,Month-to-month,Fiber optic,Credit card,No,1,Yes,Yes,No
CUST02663,29.0,Female,10,70.66,8349.69,Month-to-month,DSL,Bank transfer,No,2,Yes,Yes,No
CUST02664,53.0,Male,1,109.03,1120.95,Two year,Fiber optic,Credit card,Yes,4,Yes,No,No
CUST02665,49.0,Male,5,63.4,3881.65,One year,No,Credit card,No,1,No,No,No
CUST02666,33.0,Female,6,51.11,3705.24,Month-to-month,DSL,Electronic check,Yes,4,No,No,No
CUST02667,25.0,Female,7,111.59,9643.23,One year,DSL,Credit card,No,2,Yes,Yes,No
CUST02668,51.0,Male,5,60.68,3570.75,One year,Fiber optic,Electronic check,No,2,Yes,No,Yes
CUST02669,56.0,Male,7,46.97,3816.65,One year,Fiber optic,Electronic check,Yes,1,Yes,No,No
CUST02670,34.0,Female,6,29.78,2232.77,One year,Fiber optic,Electronic check,No,1,No,No,No
CUST02671,51.0,Male,1,99.32,1080.24,Two year,DSL,Credit card,No,4,No,No,No
CUST02672,38.0,Female,5,102.5,5941.86,Month-to-month,DSL,Electronic check,No,0,Yes,Yes,Yes
CUST02673,54.0,Male,8,23.35,2309.31,Month-to-month,DSL,Mailed check,No,3,Yes,Yes,Yes
CUST02674,28.0,Female,5,55.87,3373.3,Month-to-month,Fiber optic,Bank transfer,No,2,No,Yes,No
CUST02675,63.0,Female,3,94.98,3219.09,Month-to-month,Fiber optic,Credit card,No,4,Yes,Yes,No
CUST02676,33.0,Female,6,114.62,8483.62,Month-to-month,Fiber optic,Bank transfer,Yes,3,No,Yes,No
CUST02677,37.0,Male,2,57.79,1541.32,Month-to-month,DSL,Credit card,No,1,Yes,Yes,Yes
CUST02678,21.0,Female,4,107.19,5390.36,One year,DSL,Electronic check,No,2,Yes,Yes,Yes
CUST02679,24.0,Male,0,59.38,248.89,Month-to-month,DSL,Mailed check,Yes,0,No,No,Yes
CUST02680,44.0,Male,9,37.96,3998.04,Two year,Fiber optic,Electronic check,No,2,No,No,No
CUST02681,32.0,Female,2,20.36,473.02,Month-to-month,DSL,Credit card,No,0,Yes,No,No
CUST02682,61.0,Female,7,53.02,4407.91,Two year,No,Electronic check,No,2,Yes,Yes,No
CUST02683,19.0,Female,8,57.85,5521.17,One year,DSL,Mailed check,No,0,Yes,No,No
CUST02684,37.0,Male,8,114.49,11196.81,Two year,DSL,Bank transfer,Yes,5,No,Yes,No
CUST02685,35.0,Male,9,40.62,4267.32,Two year,Fiber optic,Bank transfer,No,2,Yes,Yes,No
CUST02686,19.0,Male,1,58.23,759.81,Two year,DSL,Electronic check,No,4,Yes,No,No
CUST02687,24.0,Female,3,22.53,876.83,One year,No,Credit card,No,0,Yes,Yes,Yes
CUST02688,39.0,Female,4,96.34,4566.19,Month-to-month,No,Credit card,No,2,No,No,Yes
CUST02689,43.0,Female,2,111.5,2665.94,One year,DSL,Bank transfer,No,1,No,Yes,Yes
CUST02690,39.0,Female,10,43.79,5288.73,Month-to-month,Fiber optic,Mailed check,No,2,No,Yes,No
CUST02691,45.0,Male,0,62.9,296.49,Month-to-month,Fiber optic,Electronic check,No,4,No,No,No
CUST02692,48.0,Male,5,32.23,1975.83,Month-to-month,No,Electronic check,No,7,Yes,No,No
CUST02693,19.0,Male,9,65.69,6976.96,Month-to-month,DSL,Bank transfer,No,1,No,No,No
CUST02694,42.0,Male,1,33.35,313.1,Month-to-month,DSL,Credit card,No,5,No,Yes,Yes
CUST02695,67.0,Male,8,72.33,7074.83,Month-to-month,Fiber optic,Electronic check,No,3,Yes,No,No
CUST02696,44.0,Female,0,93.45,379.34,Month-to-month,Fiber optic,Credit card,No,5,No,Yes,No
CUST02697,53.0,Male,10,75.33,9144.49,Month-to-month,Fiber optic,Credit card,No,2,Yes,Yes,No
CUST02698,34.0,Female,8,44.53,4374.3,Month-to-month,No,Bank transfer,No,6,No,No,No
CUST02699,57.0,Male,6,55.39,3836.81,Two year,DSL,Credit card,No,4,No,Yes,No
CUST02700,57.0,Female,10,83.85,10166.2,Month-to-month,No,Mailed check,No,0,No,No,No
CUST02701,45.0,Female,9,78.97,8598.26,Two year,No,Mailed check,No,1,Yes,Yes,No
CUST02702,68.0,Female,1,33.69,429.35,Month-to-month,No,Bank transfer,No,1,Yes,No,Yes
CUST02703,24.0,Male,5,104.48,6140.58,Two year,Fiber optic,Electronic check,No,2,Yes,Yes,Yes
CUST02704,19.0,Female,7,67.52,5487.6,Month-to-month,Fiber optic,Credit card,No,3,No,Yes,No
CUST02705,57.0,Female,1,36.25,347.67,Two year,DSL,Mailed check,No,3,Yes,Yes,No
CUST02706,59.0,Male,4,32.3,1506.29,Month-to-month,No,Bank transfer,Yes,3,Yes,Yes,No
CUST02707,24.0,Male,10,116.54,13918.79,Two year,DSL,Bank transfer,No,1,Yes,No,Yes
CUST02708,32.0,Male,5,48.16,3010.55,Month-to-month,DSL,Credit card,No,0,Yes,Yes,No
CUST02709,19.0,Female,2,110.84,2782.65,One year,Fiber optic,Bank transfer,No,1,Yes,Yes,Yes
CUST02710,33.0,Female,1,61.06,559.13,Month-to-month,Fiber optic,Electronic check,No,3,Yes,No,No
CUST02711,57.0,Female,10,58.6,7179.17,One year,Fiber optic,Credit card,Yes,0,No,Yes,Yes
CUST02712,44.0,Male,5,90.08,5524.19,One year,Fiber optic,Electronic check,Yes,1,No,Yes,Yes
CUST02713,36.0,Male,2,21.01,503.25,Two year,Fiber optic,Mailed check,No,2,Yes,No,Yes
CUST02714,37.0,Female,1,53.82,633.84,One year,DSL,Mailed check,No,0,No,Yes,Yes
CUST02715,18.0,Male,0,50.27,432.3,Month-to-month,DSL,Mailed check,No,1,No,No,No
CUST02716,33.0,Female,7,106.8,9002.83,Month-to-month,Fiber optic,Mailed check,No,0,No,No,Yes
CUST02717,51.0,Female,0,72.91,438.68,One year,DSL,Bank transfer,No,5,Yes,Yes,No
CUST02718,68.0,Male,4,56.46,2803.23,Month-to-month,Fiber optic,Electronic check,Yes,1,Yes,No,Yes
CUST02719,61.0,Female,10,46.62,5620.12,Two year,DSL,Bank transfer,No,4,No,Yes,No
CUST02720,19.0,Male,5,,4623.73,Month-to-month,No,Bank transfer,Yes,0,No,Yes,No
CUST02721,64.0,Female,10,35.18,4327.06,One year,Fiber optic,Mailed check,No,4,Yes,Yes,Yes
CUST02722,58.0,Male,2,44.63,1012.43,One year,Fiber optic,Electronic check,No,2,Yes,Yes,No
CUST02723,58.0,Female,6,49.37,3608.85,Month-to-month,DSL,Credit card,No,3,No,No,Yes
CUST02724,41.0,Male,1,80.79,964.46,One year,DSL,Credit card,No,4,Yes,Yes,No
CUST02725,38.0,Male,6,57.33,3997.72,Month-to-month,Fiber optic,Credit card,No,2,No,No,No
CUST02726,33.0,Female,1,70.58,1041.3,Month-to-month,Fiber optic,Electronic check,No,4,No,Yes,No
CUST02727,21.0,Male,4,85.04,3998.0,Two year,DSL,Mailed check,No,2,No,No,Yes
CUST02728,30.0,Female,6,115.61,8432.76,Month-to-month,DSL,Mailed check,Yes,3,No,No,No
CUST02729,31.0,Male,10,96.47,11714.37,Two year,No,Electronic check,No,2,Yes,Yes,Yes
CUST02730,43.0,Female,10,60.53,7225.3,One year,DSL,Mailed check,No,4,Yes,No,No
CUST02731,56.0,Male,2,94.82,2139.5,One year,DSL,Electronic check,No,3,No,Yes,No
CUST02732,42.0,Female,10,114.95,13489.94,Month-to-month,DSL,Electronic check,No,1,No,No,No
CUST02733,21.0,Male,3,69.94,2707.26,One year,Fiber optic,Credit card,No,2,No,Yes,No
CUST02734,67.0,Male,0,61.05,396.39,Month-to-month,Fiber optic,Credit card,No,4,No,Yes,No
CUST02735,66.0,Male,2,27.82,703.77,One year,DSL,Bank transfer,Yes,3,No,No,No
CUST02736,58.0,Female,8,109.22,10464.84,Two year,DSL,Electronic check,No,6,No,No,No
CUST02737,69.0,Male,9,44.65,4751.11,Month-to-month,Fiber optic,Credit card,Yes,1,No,No,Yes
CUST02738,46.0,Female,4,26.41,1346.35,Two year,DSL,Credit card,No,1,Yes,Yes,No
CUST02739,67.0,Female,7,73.72,6399.12,Month-to-month,DSL,Credit card,No,2,No,Yes,No
CUST02740,22.0,Male,1,104.58,1480.79,Month-to-month,DSL,Mailed check,No,1,Yes,Yes,No
CUST02741,37.0,Female,2,60.67,1607.49,Month-to-month,DSL,Credit card,No,1,No,Yes,No
CUST02742,29.0,Male,6,98.3,7121.53,Month-to-month,Fiber optic,Mailed check,Yes,2,Yes,No,No
CUST02743,28.0,Male,9,103.63,11109.42,Month-to-month,Fiber optic,Credit card,No,1,No,Yes,No
CUST02744,25.0,Female,3,65.44,2294.33,Month-to-month,No,Mailed check,No,1,No,Yes,No
CUST02745,50.0,Female,8,79.09,7798.64,One year,Fiber optic,Mailed check,No,0,No,No,No
CUST02746,58.0,Female,6,73.39,5486.13,Month-to-month,No,Credit card,No,3,Yes,Yes,Yes
CUST02747,47.0,Male,10,113.9,13627.57,Month-to-month,No,Electronic check,No,1,Yes,Yes,No
CUST02748,25.0,Male,0,92.54,614.71,Month-to-month,DSL,Bank transfer,No,1,Yes,No,No
CUST02749,59.0,Male,3,112.52,4256.71,Two year,DSL,Bank transfer,No,2,No,Yes,No
CUST02750,50.0,Female,9,42.01,4588.36,Month-to-month,Fiber optic,Electronic check,No,0,No,No,No
CUST02751,38.0,Female,10,51.03,6236.94,Two year,Fiber optic,Credit card,No,4,Yes,Yes,No
CUST02752,52.0,Female,5,27.11,1644.18,Month-to-month,No,Electronic check,No,1,Yes,No,No
CUST02753,31.0,Male,5,69.99,4234.09,Month-to-month,Fiber optic,Credit card,No,4,No,No,No
CUST02754,36.0,Male,9,107.38,11516.73,Month-to-month,Fiber optic,Credit card,No,2,No,Yes,No
CUST02755,65.0,Male,5,52.69,3026.59,Month-to-month,DSL,Credit card,No,4,Yes,No,No
CUST02756,33.0,Male,4,32.84,1488.88,Two year,Fiber optic,Credit card,No,1,Yes,Yes,No
CUST02757,42.0,Male,2,26.86,588.56,One year,No,Credit card,No,1,No,Yes,Yes
CUST02758,63.0,Female,1,64.75,605.21,Month-to-month,No,Electronic check,No,3,No,Yes,No
CUST02759,54.0,Female,2,36.42,881.65,Month-to-month,DSL,Electronic check,Yes,1,No,Yes,Yes
CUST02760,21.0,Female,8,54.62,5211.59,Month-to-month,Fiber optic,Bank transfer,Yes,3,Yes,Yes,No
CUST02761,26.0,Male,2,101.99,2157.77,Two year,Fiber optic,Credit card,No,1,Yes,No,No
CUST02762,18.0,Male,2,58.41,1234.27,Two year,DSL,Electronic check,No,3,Yes,Yes,No
CUST02763,50.0,Female,0,80.98,497.08,Month-to-month,No,Electronic check,No,4,Yes,No,No
CUST02764,41.0,Male,1,70.22,863.28,One year,Fiber optic,Credit card,No,7,Yes,Yes,Yes
CUST02765,25.0,Female,10,91.84,10766.36,Two year,DSL,Credit card,No,1,No,Yes,No
CUST02766,67.0,Male,2,35.63,891.47,One year,Fiber optic,Electronic check,No,1,No,Yes,No
CUST02767,45.0,Male,1,112.03,1092.85,Two year,DSL,Credit card,No,7,No,No,Yes
CUST02768,30.0,Female,7,84.36,7083.26,One year,Fiber optic,Mailed check,No,4,Yes,Yes,No
CUST02769,44.0,Male,5,47.1,2729.84,Month-to-month,DSL,Electronic check,Yes,0,Yes,Yes,No
CUST02770,53.0,Female,6,32.34,2239.07,Two year,DSL,Bank transfer,No,2,Yes,No,Yes
CUST02771,22.0,Female,0,34.99,149.54,One year,Fiber optic,Credit card,Yes,1,Yes,Yes,No
CUST02772,32.0,Male,5,98.25,5874.16,One year,Fiber optic,Mailed check,Yes,8,No,Yes,Yes
CUST02773,59.0,Male,1,78.81,1061.02,Month-to-month,Fiber optic,Bank transfer,No,0,No,Yes,No
CUST02774,41.0,Female,5,58.08,3403.14,One year,Fiber optic,Bank transfer,No,2,Yes,Yes,No
CUST02775,46.0,Female,2,53.3,1338.3,Month-to-month,No,Bank transfer,No,3,No,No,Yes
CUST02776,40.0,Male,6,105.56,7830.15,Month-to-month,No,Credit card,Yes,5,Yes,Yes,Yes
CUST02777,20.0,Female,2,107.46,2430.63,One year,Fiber optic,Bank transfer,No,3,No,Yes,Yes
CUST02778,26.0,Male,8,78.12,7510.22,One year,DSL,Electronic check,No,1,No,Yes,No
CUST02779,41.0,Male,2,72.45,1699.51,One year,DSL,Electronic check,Yes,2,No,No,No
CUST02780,29.0,Male,6,101.63,7029.37,Two year,Fiber optic,Credit card,Yes,5,Yes,No,Yes
CUST02781,21.0,Male,3,94.92,3355.66,Two year,No,Credit card,No,3,No,Yes,No
CUST02782,61.0,Male,7,60.04,4998.83,One year,Fiber optic,Bank transfer,No,3,No,Yes,Yes
CUST02783,68.0,Female,1,28.29,360.18,One year,Fiber optic,Credit card,No,3,No,Yes,Yes
CUST02784,58.0,Male,7,96.84,8347.41,Month-to-month,Fiber optic,Electronic check,No,1,No,No,Yes
CUST02785,62.0,Male,8,36.88,3578.84,Two year,Fiber optic,Electronic check,No,3,Yes,No,No
CUST02786,30.0,Male,7,21.66,1800.4,Month-to-month,No,Electronic check,No,1,Yes,Yes,No
CUST02787,67.0,Female,5,104.32,6226.99,Two year,No,Credit card,No,2,Yes,No,Yes
CUST02788,28.0,Female,9,77.82,8585.58,Month-to-month,Fiber optic,Electronic check,No,4,No,No,Yes
CUST02789,67.0,Male,0,109.15,745.94,Month-to-month,Fiber optic,Credit card,No,0,Yes,Yes,Yes
CUST02790,69.0,Male,6,68.46,4883.83,Month-to-month,DSL,Mailed check,No,2,No,Yes,Yes
CUST02791,54.0,Male,0,112.63,743.48,One year,DSL,Bank transfer,No,1,No,Yes,No
CUST02792,68.0,Male,6,55.4,4037.0,Month-to-month,DSL,Mailed check,No,1,Yes,No,No
CUST02793,47.0,Male,1,92.44,1099.49,Month-to-month,DSL,Electronic check,No,3,No,Yes,Yes
CUST02794,31.0,Male,7,50.11,4318.8,One year,No,Bank transfer,No,3,Yes,No,No
CUST02795,40.0,Male,1,20.14,279.42,Month-to-month,DSL,Electronic check,Yes,0,Yes,Yes,No
CUST02796,48.0,Female,2,57.98,1399.99,Month-to-month,DSL,Electronic check,No,2,No,No,Yes
CUST02797,22.0,Male,2,93.77,2508.28,Month-to-month,Fiber optic,Mailed check,No,2,Yes,Yes,No
CUST02798,50.0,Female,0,35.02,305.32,Two year,Fiber optic,Electronic check,No,0,Yes,Yes,No
CUST02799,68.0,Female,4,70.48,3580.13,One year,No,Bank transfer,No,3,No,No,No
CUST02800,28.0,Female,4,41.24,1910.53,Two year,DSL,Electronic check,No,1,No,Yes,Yes
CUST02801,58.0,Male,9,27.48,2902.38,Month-to-month,No,Bank transfer,No,3,No,No,Yes
CUST02802,64.0,Male,4,81.74,3981.95,Month-to-month,DSL,Mailed check,No,1,Yes,No,No
CUST02803,66.0,Male,8,115.18,11214.42,Month-to-month,No,Credit card,No,1,Yes,No,Yes
CUST02804,67.0,Female,5,51.08,3005.53,Two year,Fiber optic,Electronic check,No,0,Yes,Yes,No
CUST02805,45.0,Male,5,78.06,4701.33,One year,Fiber optic,Mailed check,No,0,No,No,No
CUST02806,68.0,Female,2,,2870.54,One year,DSL,Electronic check,No,4,Yes,Yes,Yes
CUST02807,57.0,Female,4,85.04,4063.34,Two year,Fiber optic,Bank transfer,Yes,0,Yes,No,No
CUST02808,26.0,Male,9,87.3,9450.53,Month-to-month,Fiber optic,Electronic check,No,0,No,Yes,No
CUST02809,42.0,Female,6,37.91,2632.59,Month-to-month,DSL,Credit card,Yes,5,Yes,Yes,No
CUST02810,55.0,Male,2,69.26,1867.6,One year,DSL,Electronic check,Yes,2,No,No,No
CUST02811,31.0,Male,1,56.71,639.28,Two year,No,Credit card,No,0,Yes,No,No
CUST02812,51.0,Male,4,67.1,3101.98,One year,Fiber optic,Credit card,Yes,6,Yes,No,No
CUST02813,52.0,Male,2,100.07,2389.7,Two year,No,Electronic check,Yes,0,Yes,Yes,Yes
CUST02814,26.0,Female,4,66.07,3099.07,One year,Fiber optic,Mailed check,Yes,3,Yes,Yes,No
CUST02815,47.0,Male,8,26.3,2507.93,Two year,DSL,Electronic check,No,0,Yes,No,Yes
CUST02816,57.0,Male,10,110.54,13306.25,One year,DSL,Credit card,Yes,2,Yes,Yes,No
CUST02817,43.0,Female,9,74.48,7944.8,Month-to-month,No,Mailed check,No,2,Yes,Yes,No
CUST02818,19.0,Female,0,112.43,786.9,One year,Fiber optic,Credit card,Yes,1,No,No,Yes
CUST02819,18.0,Male,3,77.23,2748.74,Two year,DSL,Credit card,No,2,Yes,Yes,No
CUST02820,36.0,Female,9,26.98,2846.61,One year,Fiber optic,Electronic check,Yes,2,Yes,Yes,No
CUST02821,65.0,Female,4,75.28,3788.45,Month-to-month,DSL,Bank transfer,No,3,No,No,Yes
CUST02822,30.0,Male,1,77.57,920.33,Month-to-month,No,Electronic check,No,4,Yes,No,Yes
CUST02823,50.0,Male,1,41.45,,Month-to-month,DSL,Bank transfer,Yes,2,Yes,Yes,No
CUST02824,29.0,Male,0,67.1,354.57,Two year,DSL,Bank transfer,No,2,No,Yes,No
CUST02825,34.0,Female,7,65.95,5556.32,Month-to-month,DSL,Electronic check,No,2,No,No,Yes
CUST02826,61.0,Female,1,82.28,1171.82,One year,DSL,Bank transfer,No,3,Yes,Yes,No
CUST02827,55.0,Female,2,45.97,1092.88,One year,Fiber optic,Credit card,Yes,1,No,No,No
CUST02828,23.0,Male,1,78.17,1000.5,Two year,Fiber optic,Mailed check,Yes,2,No,No,No
CUST02829,40.0,Male,3,44.11,1520.86,Two year,Fiber optic,Electronic check,No,2,Yes,No,No
CUST02830,19.0,Male,0,64.65,286.3,Two year,Fiber optic,Bank transfer,Yes,7,Yes,Yes,Yes
CUST02831,43.0,Male,2,32.29,783.12,One year,DSL,Credit card,No,2,Yes,No,No
CUST02832,52.0,Female,4,23.75,1156.06,Two year,Fiber optic,Mailed check,No,1,Yes,No,No
CUST02833,24.0,Female,9,52.07,5671.78,Month-to-month,No,Bank transfer,No,2,No,No,No
CUST02834,33.0,Male,0,47.47,361.3,Month-to-month,DSL,Bank transfer,No,3,Yes,No,No
CUST02835,38.0,Male,3,60.7,2339.0,Two year,DSL,Credit card,No,4,No,No,No
CUST02836,65.0,Male,5,116.18,6789.65,Month-to-month,Fiber optic,Mailed check,No,3,Yes,No,Yes
CUST02837,69.0,Male,3,72.22,2651.76,Two year,DSL,Mailed check,No,4,No,Yes,Yes
CUST02838,20.0,Male,6,75.32,5397.02,Month-to-month,DSL,Credit card,No,1,Yes,No,Yes
CUST02839,57.0,Male,6,114.14,7936.94,Month-to-month,Fiber optic,Mailed check,No,2,No,Yes,No
CUST02840,37.0,Male,5,112.1,6694.64,Month-to-month,No,Electronic check,Yes,3,No,No,No
CUST02841,38.0,Male,8,108.4,10595.06,One year,Fiber optic,Mailed check,No,1,No,No,No
CUST02842,56.0,Male,1,29.82,282.49,Month-to-month,Fiber optic,Bank transfer,No,1,No,No,Yes
CUST02843,65.0,Male,9,83.42,9063.0,Month-to-month,DSL,Mailed check,No,3,No,Yes,No
CUST02844,66.0,Female,7,100.8,8412.61,Two year,Fiber optic,Electronic check,Yes,3,Yes,No,Yes
CUST02845,47.0,Male,7,103.54,8793.42,Two year,Fiber optic,Electronic check,No,6,No,Yes,Yes
CUST02846,36.0,Female,10,77.79,9484.5,Month-to-month,Fiber optic,Bank transfer,No,9,Yes,Yes,Yes
CUST02847,58.0,Male,9,21.77,2356.48,One year,DSL,Bank transfer,No,1,No,Yes,No
CUST02848,31.0,Male,10,117.35,13944.24,One year,Fiber optic,Electronic check,Yes,4,Yes,Yes,No
CUST02849,47.0,Male,3,67.22,2254.65,Month-to-month,No,Credit card,Yes,0,No,Yes,Yes
CUST02850,36.0,Male,5,59.36,3486.57,One year,Fiber optic,Electronic check,Yes,3,Yes,No,No
CUST02851,51.0,Female,10,59.5,7091.57,One year,DSL,Mailed check,No,1,Yes,No,Yes
CUST02852,30.0,Male,5,62.42,3798.0,One year,DSL,Bank transfer,No,1,No,No,Yes
CUST02853,28.0,Female,4,44.23,2093.33,Two year,DSL,Credit card,Yes,5,Yes,Yes,No
CUST02854,65.0,Female,0,52.74,285.65,One year,DSL,Electronic check,No,1,Yes,Yes,No
CUST02855,23.0,Female,2,118.52,2695.41,Month-to-month,No,Bank transfer,No,3,Yes,No,Yes
CUST02856,44.0,Female,6,56.82,4044.44,One year,Fiber optic,Mailed check,No,1,No,Yes,Yes
CUST02857,29.0,Female,7,72.67,6002.38,One year,Fiber optic,Credit card,No,0,Yes,No,No
CUST02858,20.0,Male,1,104.82,1405.03,One year,No,Credit card,No,1,Yes,Yes,Yes
CUST02859,20.0,Female,2,72.74,1956.59,One year,DSL,Credit card,No,2,Yes,Yes,No
CUST02860,27.0,Male,3,52.45,1962.13,One year,Fiber optic,Mailed check,No,1,Yes,Yes,No
CUST02861,62.0,Male,10,72.37,8499.75,Month-to-month,DSL,Bank transfer,No,1,No,Yes,No
CUST02862,32.0,Male,4,31.42,1533.38,Month-to-month,DSL,Electronic check,No,3,Yes,Yes,No
CUST02863,66.0,Female,2,33.02,832.56,One year,DSL,Bank transfer,No,0,Yes,Yes,Yes
CUST02864,48.0,Female,4,89.4,4440.6,Two year,No,Mailed check,Yes,2,No,Yes,Yes
CUST02865,40.0,Male,7,111.73,9561.37,Month-to-month,Fiber optic,Bank transfer,No,5,No,No,No
CUST02866,48.0,Female,7,92.56,7779.6,Month-to-month,DSL,Credit card,No,1,Yes,No,Yes
CUST02867,44.0,Male,1,27.48,290.57,Two year,Fiber optic,Electronic check,No,2,No,Yes,No
CUST02868,57.0,Male,5,60.29,3480.35,Month-to-month,DSL,Mailed check,No,3,Yes,Yes,No
CUST02869,32.0,Male,3,20.28,670.1,Month-to-month,DSL,Credit card,No,3,Yes,No,Yes
CUST02870,36.0,Male,8,71.12,6614.83,One year,Fiber optic,Bank transfer,No,3,No,No,No
CUST02871,64.0,Male,9,39.33,4350.88,Month-to-month,DSL,Credit card,No,9,Yes,No,No
CUST02872,66.0,Female,1,106.8,1350.78,Month-to-month,No,Bank transfer,No,0,Yes,No,Yes
CUST02873,64.0,Female,7,30.45,2571.3,Month-to-month,Fiber optic,Bank transfer,No,7,No,No,No
CUST02874,39.0,Male,0,20.16,106.06,Two year,DSL,Mailed check,No,5,Yes,Yes,No
CUST02875,58.0,Male,10,65.12,7930.62,Month-to-month,DSL,Bank transfer,No,4,No,No,No
CUST02876,42.0,Female,5,35.56,2073.73,One year,Fiber optic,Credit card,No,2,No,Yes,Yes
CUST02877,43.0,Female,10,93.79,11388.67,One year,DSL,Mailed check,Yes,4,Yes,Yes,Yes
CUST02878,28.0,Male,10,111.98,13345.02,One year,Fiber optic,Electronic check,No,1,No,Yes,No
CUST02879,48.0,Male,9,24.21,2645.09,Month-to-month,Fiber optic,Mailed check,No,3,Yes,No,Yes
CUST02880,27.0,Female,0,59.56,431.13,Two year,Fiber optic,Credit card,No,1,Yes,Yes,Yes
CUST02881,35.0,Female,1,119.66,1303.33,Month-to-month,Fiber optic,Bank transfer,Yes,3,No,No,No
CUST02882,62.0,Male,2,93.26,2481.18,Month-to-month,No,Mailed check,No,2,No,Yes,No
CUST02883,29.0,Male,8,115.3,11074.16,Month-to-month,DSL,Mailed check,No,0,No,No,No
CUST02884,22.0,Female,4,36.42,1695.3,Month-to-month,DSL,Mailed check,No,4,Yes,Yes,No
CUST02885,22.0,Male,9,42.15,4595.93,Two year,Fiber optic,Credit card,No,2,Yes,Yes,No
CUST02886,66.0,Female,9,35.49,3886.88,One year,DSL,Bank transfer,No,3,Yes,No,No
CUST02887,44.0,Male,1,50.24,738.8,Month-to-month,Fiber optic,Electronic check,No,1,Yes,No,Yes
CUST02888,39.0,Female,9,92.43,9745.73,Two year,Fiber optic,Electronic check,No,4,No,Yes,No
CUST02889,59.0,Male,4,36.51,1761.14,Month-to-month,DSL,Bank transfer,No,2,No,Yes,Yes
CUST02890,61.0,Male,4,72.42,3472.09,One year,DSL,Electronic check,No,2,No,Yes,No
CUST02891,35.0,Female,0,46.93,228.15,Two year,Fiber optic,Bank transfer,No,2,Yes,No,No
CUST02892,53.0,Male,2,102.91,2635.11,Two year,No,Mailed check,No,3,Yes,Yes,Yes
CUST02893,57.0,Female,4,20.68,954.66,Month-to-month,DSL,Mailed check,No,3,No,No,No
CUST02894,51.0,Male,8,42.32,4019.23,One year,Fiber optic,Credit card,No,1,No,No,Yes
CUST02895,26.0,Male,9,80.52,8824.73,Month-to-month,Fiber optic,Mailed check,No,1,Yes,No,Yes
CUST02896,63.0,Male,0,29.69,174.07,Month-to-month,DSL,Credit card,No,2,No,Yes,Yes
CUST02897,45.0,Female,7,66.63,5451.65,One year,DSL,Electronic check,Yes,4,No,Yes,No
CUST02898,32.0,Male,0,63.62,532.25,Two year,DSL,Electronic check,No,3,No,Yes,Yes
CUST02899,40.0,Male,8,105.24,10248.61,Month-to-month,Fiber optic,Mailed check,No,1,No,No,No
CUST02900,20.0,Male,5,82.53,4983.15,Month-to-month,Fiber optic,Bank transfer,No,1,Yes,Yes,Yes
CUST02901,25.0,Female,0,83.96,558.86,Month-to-month,No,Electronic check,No,2,No,No,No
CUST02902,57.0,Female,7,115.16,9760.72,Month-to-month,DSL,Electronic check,Yes,4,Yes,No,No
CUST02903,18.0,Male,4,118.22,5673.9,Month-to-month,No,Electronic check,No,0,No,Yes,No
CUST02904,39.0,Male,6,85.33,6269.31,Two year,Fiber optic,Bank transfer,No,3,Yes,No,No
CUST02905,45.0,Female,6,72.2,5291.62,Month-to-month,DSL,Mailed check,No,1,Yes,Yes,Yes
CUST02906,21.0,Male,6,80.79,5575.7,Month-to-month,DSL,Credit card,No,1,No,No,No
CUST02907,68.0,Female,5,58.25,3358.83,One year,Fiber optic,Bank transfer,No,0,No,No,No
CUST02908,30.0,Female,10,118.73,13908.99,Two year,No,Bank transfer,No,4,No,No,No
CUST02909,34.0,Female,7,90.49,7421.72,Two year,Fiber optic,Electronic check,No,4,No,Yes,No
CUST02910,34.0,Male,8,49.11,4588.44,Two year,Fiber optic,Credit card,Yes,0,Yes,No,No
CUST02911,30.0,Female,1,25.79,262.14,Month-to-month,DSL,Bank transfer,No,2,No,No,No
CUST02912,18.0,Female,6,24.49,1768.97,Two year,DSL,Electronic check,No,1,No,Yes,No
CUST02913,55.0,Female,1,40.5,527.28,One year,DSL,Bank transfer,No,3,Yes,Yes,No
CUST02914,67.0,Male,5,43.3,2706.87,One year,DSL,Electronic check,No,3,Yes,No,No
CUST02915,29.0,Male,1,61.51,826.41,Two year,Fiber optic,Credit card,No,1,No,No,No
CUST02916,52.0,Male,9,41.5,4364.92,Two year,No,Credit card,No,0,No,Yes,Yes
CUST02917,56.0,Female,5,83.09,4969.55,Two year,DSL,Electronic check,Yes,3,No,Yes,Yes
CUST02918,61.0,Female,1,41.14,537.0,Month-to-month,Fiber optic,Mailed check,Yes,3,No,No,Yes
CUST02919,40.0,Male,0,38.8,189.76,One year,DSL,Bank transfer,No,0,No,Yes,No
CUST02920,33.0,Male,6,67.12,4780.19,Two year,DSL,Mailed check,No,2,Yes,Yes,No
CUST02921,35.0,Male,2,108.85,2810.19,One year,DSL,Bank transfer,Yes,3,No,No,No
CUST02922,54.0,Female,3,66.83,2224.31,Month-to-month,DSL,Credit card,Yes,2,Yes,Yes,Yes
CUST02923,60.0,Female,5,61.39,3697.91,Two year,DSL,Bank transfer,No,2,No,Yes,No
CUST02924,27.0,Male,4,77.81,3876.85,Month-to-month,DSL,Electronic check,Yes,2,Yes,Yes,No
CUST02925,37.0,Male,3,45.73,1727.93,Two year,Fiber optic,Electronic check,Yes,2,No,Yes,Yes
CUST02926,64.0,Male,8,55.35,5187.55,Two year,DSL,Electronic check,No,2,Yes,No,No
CUST02927,59.0,Female,5,41.39,2569.35,Month-to-month,Fiber optic,Mailed check,No,6,No,Yes,No
CUST02928,68.0,Female,5,77.18,4434.94,Month-to-month,DSL,Credit card,No,1,No,Yes,No
CUST02929,56.0,Female,1,89.73,1305.08,Month-to-month,No,Credit card,No,2,Yes,Yes,No
CUST02930,38.0,Male,5,87.36,5093.07,Two year,No,Credit card,No,1,No,Yes,No
CUST02931,48.0,Female,6,45.49,3170.37,One year,No,Electronic check,No,1,Yes,Yes,No
CUST02932,52.0,Male,7,97.95,7977.71,One year,Fiber optic,Credit card,No,3,Yes,No,No
CUST02933,22.0,Female,7,45.61,3787.98,One year,Fiber optic,Mailed check,No,4,No,No,No
CUST02934,46.0,Male,8,35.05,3332.49,Month-to-month,DSL,Mailed check,Yes,1,Yes,Yes,No
CUST02935,54.0,Female,9,54.99,5947.21,Month-to-month,Fiber optic,Mailed check,No,6,No,Yes,Yes
CUST02936,27.0,Female,10,79.77,9683.95,Two year,DSL,Electronic check,No,1,No,Yes,No
CUST02937,58.0,Female,2,34.21,823.15,Two year,DSL,Bank transfer,Yes,1,Yes,No,Yes
CUST02938,48.0,Female,9,84.8,9402.4,Month-to-month,DSL,Credit card,No,1,Yes,No,Yes
CUST02939,67.0,Male,6,106.29,7468.3,Month-to-month,Fiber optic,Mailed check,Yes,2,No,Yes,Yes
CUST02940,20.0,Male,6,49.32,3465.55,Month-to-month,DSL,Bank transfer,No,2,Yes,No,No
CUST02941,32.0,Female,0,65.02,470.09,One year,No,Bank transfer,No,2,No,Yes,No
CUST02942,49.0,Male,7,42.84,3550.95,Month-to-month,DSL,Mailed check,No,2,Yes,No,No
CUST02943,33.0,Male,3,56.13,1910.14,Two year,No,Mailed check,No,2,No,Yes,No
CUST02944,54.0,Male,4,22.22,1105.36,Month-to-month,DSL,Credit card,No,2,No,Yes,No
CUST02945,57.0,Female,5,115.36,6732.03,Month-to-month,Fiber optic,Credit card,No,1,No,Yes,No
CUST02946,23.0,Male,2,61.59,1570.21,Month-to-month,Fiber optic,Bank transfer,No,4,No,Yes,Yes
CUST02947,44.0,Male,4,98.88,4572.02,Two year,Fiber optic,Bank transfer,No,3,Yes,Yes,No
CUST02948,44.0,Male,9,34.28,3792.47,Month-to-month,Fiber optic,Bank transfer,No,1,No,Yes,Yes
CUST02949,37.0,Male,4,101.22,4734.26,One year,Fiber optic,Electronic check,Yes,1,Yes,Yes,Yes
CUST02950,66.0,Female,0,106.0,794.83,Month-to-month,Fiber optic,Bank transfer,No,3,Yes,Yes,Yes
CUST02951,60.0,Female,2,91.54,2384.47,One year,Fiber optic,Electronic check,No,0,No,No,No
CUST02952,54.0,Female,2,110.3,2397.56,Month-to-month,Fiber optic,Credit card,Yes,3,No,Yes,No
CUST02953,54.0,Male,0,36.73,125.19,One year,DSL,Bank transfer,No,1,No,No,No
CUST02954,42.0,Female,6,67.65,4910.66,Month-to-month,DSL,Credit card,No,2,No,No,No
CUST02955,65.0,Female,0,82.01,551.13,Two year,DSL,Bank transfer,No,1,No,No,No
CUST02956,53.0,Male,6,79.62,5790.95,Two year,No,Credit card,No,7,No,No,Yes
CUST02957,55.0,Female,3,106.09,3791.33,Month-to-month,Fiber optic,Bank transfer,Yes,4,Yes,No,Yes
CUST02958,62.0,Female,8,41.58,4100.18,Two year,DSL,Electronic check,Yes,4,Yes,No,No
CUST02959,32.0,Female,6,37.58,2748.88,Month-to-month,DSL,Mailed check,No,1,No,Yes,Yes
CUST02960,59.0,Female,4,45.35,2060.84,Two year,Fiber optic,Credit card,No,3,Yes,Yes,No
CUST02961,28.0,Male,6,109.14,8044.67,Month-to-month,DSL,Credit card,Yes,2,Yes,No,No
CUST02962,36.0,Male,8,114.09,10798.49,Month-to-month,Fiber optic,Mailed check,Yes,3,Yes,Yes,Yes
CUST02963,35.0,Female,9,76.96,8414.69,Month-to-month,Fiber optic,Bank transfer,No,1,Yes,Yes,No
CUST02964,,Male,5,70.14,4022.73,One year,Fiber optic,Electronic check,No,3,No,No,Yes
CUST02965,62.0,Male,0,80.53,612.07,Month-to-month,No,Electronic check,No,4,Yes,Yes,Yes
CUST02966,54.0,Female,5,81.63,4918.51,One year,Fiber optic,Electronic check,No,1,No,No,No
CUST02967,55.0,Female,0,37.04,271.33,Month-to-month,Fiber optic,Bank transfer,Yes,1,No,No,Yes
CUST02968,47.0,Male,3,88.63,3187.76,Two year,Fiber optic,Credit card,No,0,Yes,No,No
CUST02969,66.0,Female,7,65.24,5597.77,One year,Fiber optic,Bank transfer,No,1,Yes,No,No
CUST02970,43.0,Female,4,71.74,3635.81,Two year,No,Electronic check,No,2,No,Yes,No
CUST02971,37.0,Female,4,23.05,1139.96,Two year,Fiber optic,Mailed check,No,3,No,Yes,Yes
CUST02972,26.0,Male,9,96.45,10557.36,Month-to-month,DSL,Electronic check,No,1,No,Yes,Yes
CUST02973,58.0,Male,10,103.53,12247.54,Month-to-month,No,Credit card,No,2,No,Yes,Yes
CUST02974,55.0,Male,7,81.94,6811.19,Month-to-month,Fiber optic,Bank transfer,Yes,2,Yes,No,No
CUST02975,38.0,Male,7,94.86,,Two year,DSL,Bank transfer,No,1,Yes,No,No
CUST02976,19.0,Male,0,72.27,447.68,One year,Fiber optic,Electronic check,No,2,No,No,No
CUST02977,61.0,Male,4,81.83,3901.63,Two year,DSL,Credit card,No,1,No,Yes,No
CUST02978,19.0,Male,4,59.46,2780.9,Two year,No,Credit card,No,2,Yes,Yes,No
CUST02979,54.0,Female,7,99.18,8074.41,Two year,No,Mailed check,No,0,No,No,No
CUST02980,67.0,Male,0,66.83,573.95,One year,DSL,Electronic check,No,3,No,Yes,No
CUST02981,40.0,Female,6,88.01,6392.68,One year,No,Mailed check,No,1,No,No,No
CUST02982,30.0,Female,6,82.14,5827.69,Two year,Fiber optic,Bank transfer,No,9,No,Yes,No
CUST02983,54.0,Male,8,90.22,8579.01,Two year,Fiber optic,Bank transfer,No,3,No,Yes,No
CUST02984,60.0,Female,1,98.51,1120.31,One year,DSL,Credit card,Yes,1,No,No,Yes
CUST02985,46.0,Female,2,71.27,1843.76,One year,DSL,Mailed check,No,2,Yes,No,Yes
CUST02986,67.0,Male,3,101.29,3470.6,One year,Fiber optic,Credit card,No,1,Yes,No,No
CUST02987,21.0,Female,0,69.73,567.49,Month-to-month,DSL,Electronic check,No,3,Yes,No,Yes
CUST02988,44.0,Male,6,115.65,8195.58,Two year,Fiber optic,Credit card,No,1,Yes,Yes,No
CUST02989,55.0,Female,9,95.26,10499.84,One year,No,Bank transfer,No,3,Yes,Yes,No
CUST02990,62.0,Male,2,37.13,979.24,Month-to-month,No,Bank transfer,No,0,No,Yes,No
CUST02991,27.0,Female,2,102.95,2592.16,Month-to-month,DSL,Credit card,No,0,Yes,Yes,No
CUST02992,59.0,Male,2,75.16,1981.76,Two year,DSL,Electronic check,No,1,Yes,No,No
CUST02993,46.0,Female,7,118.43,10123.43,One year,No,Mailed check,Yes,0,Yes,Yes,Yes
CUST02994,38.0,Male,8,91.87,8623.88,Month-to-month,Fiber optic,Bank transfer,No,2,No,No,No
CUST02995,25.0,Female,9,28.46,3151.1,Month-to-month,No,Bank transfer,No,0,No,Yes,No
CUST02996,62.0,Female,1,59.5,603.37,One year,Fiber optic,Electronic check,No,4,Yes,No,No
CUST02997,26.0,Male,9,71.73,7744.19,Month-to-month,Fiber optic,Credit card,No,3,Yes,No,No
CUST02998,34.0,Female,9,103.89,11147.25,One year,DSL,Bank transfer,No,1,No,No,Yes
CUST02999,33.0,Male,0,92.93,472.89,One year,DSL,Bank transfer,No,2,No,No,Yes
CUST03000,62.0,Female,8,56.94,5563.26,One year,DSL,Electronic check,Yes,2,Yes,No,No
CUST03001,52.0,Male,5,85.34,5013.19,Two year,DSL,Credit card,No,3,No,Yes,Yes
CUST03002,59.0,Female,8,77.69,7475.61,Month-to-month,Fiber optic,Electronic check,Yes,2,No,No,No
CUST03003,31.0,Female,5,32.62,1925.24,Month-to-month,Fiber optic,Electronic check,No,0,Yes,No,No
CUST03004,50.0,Male,1,43.5,624.65,Month-to-month,Fiber optic,Credit card,No,1,No,No,Yes
CUST03005,47.0,Male,0,54.12,212.72,Month-to-month,No,Bank transfer,No,2,No,Yes,Yes
CUST03006,60.0,Male,7,39.56,3246.06,Month-to-month,Fiber optic,Mailed check,No,6,Yes,Yes,Yes
CUST03007,64.0,Female,2,35.03,758.95,Two year,Fiber optic,Mailed check,No,4,No,Yes,No
CUST03008,19.0,Male,0,25.84,194.99,Month-to-month,No,Mailed check,No,1,No,No,No
CUST03009,52.0,Female,7,107.3,8794.89,Two year,Fiber optic,Electronic check,Yes,3,Yes,Yes,No
CUST03010,21.0,Female,0,48.9,303.13,Month-to-month,DSL,Bank transfer,No,5,No,No,No
CUST03011,46.0,Male,7,49.04,4197.9,One year,Fiber optic,Bank transfer,No,0,No,No,Yes
CUST03012,33.0,Female,0,40.63,150.07,Two year,Fiber optic,Bank transfer,Yes,3,No,Yes,Yes
CUST03013,34.0,Male,8,67.54,6658.36,Month-to-month,Fiber optic,Bank transfer,No,2,No,No,No
CUST03014,36.0,Male,8,71.42,6764.12,Month-to-month,DSL,Electronic check,No,3,Yes,No,Yes
CUST03015,50.0,Female,8,40.84,3992.25,Two year,DSL,Mailed check,No,2,Yes,No,Yes
CUST03016,35.0,Male,2,80.85,2082.88,One year,DSL,Mailed check,No,7,No,Yes,No
CUST03017,55.0,Male,3,92.29,3238.5,One year,DSL,Credit card,No,1,No,No,No
CUST03018,39.0,Female,4,57.39,2772.09,Month-to-month,Fiber optic,Bank transfer,No,3,No,No,No
CUST03019,21.0,Male,5,78.54,4774.16,Two year,Fiber optic,Mailed check,No,1,No,Yes,No
CUST03020,58.0,Female,8,70.23,6706.51,One year,Fiber optic,Mailed check,No,2,Yes,No,Yes
CUST03021,33.0,Female,10,39.57,4714.3,Month-to-month,DSL,Bank transfer,No,6,Yes,No,No
CUST03022,40.0,Male,3,92.99,3544.18,Two year,DSL,Bank transfer,No,3,No,Yes,No
CUST03023,53.0,Male,5,100.13,5828.91,One year,Fiber optic,Mailed check,No,1,No,No,No
CUST03024,35.0,Female,0,84.87,659.43,One year,Fiber optic,Credit card,Yes,2,No,No,No
CUST03025,21.0,Male,1,52.4,535.62,Two year,No,Bank transfer,Yes,0,Yes,Yes,No
CUST03026,37.0,Male,7,112.66,9598.9,One year,Fiber optic,Mailed check,Yes,1,No,No,No
CUST03027,66.0,Female,3,65.54,2275.85,Month-to-month,Fiber optic,Credit card,No,3,No,Yes,Yes
CUST03028,51.0,Male,9,46.6,5151.99,One year,Fiber optic,Electronic check,No,2,Yes,No,No
CUST03029,52.0,Female,6,60.83,4418.01,Two year,No,Credit card,No,2,Yes,No,Yes
CUST03030,50.0,Male,3,89.2,3229.13,One year,No,Bank transfer,No,3,No,No,No
CUST03031,28.0,Male,8,104.58,9911.11,Two year,No,Electronic check,No,1,No,Yes,No
CUST03032,39.0,Male,8,55.66,5346.57,Month-to-month,No,Credit card,No,0,No,Yes,No
CUST03033,56.0,Female,3,43.27,1445.12,Month-to-month,Fiber optic,Mailed check,No,2,No,No,No
CUST03034,23.0,Female,7,82.64,6765.27,One year,DSL,Bank transfer,No,4,Yes,Yes,No
CUST03035,32.0,Female,5,112.1,6588.41,One year,Fiber optic,Electronic check,No,4,Yes,Yes,No
CUST03036,32.0,Male,0,38.34,333.41,Month-to-month,DSL,Mailed check,No,2,Yes,Yes,No
CUST03037,40.0,Male,6,100.29,7201.54,Two year,DSL,Electronic check,No,0,No,No,No
CUST03038,68.0,Male,0,67.66,365.54,Month-to-month,Fiber optic,Credit card,No,2,Yes,No,No
CUST03039,21.0,Male,2,99.94,2561.98,Month-to-month,Fiber optic,Mailed check,Yes,3,Yes,Yes,No
CUST03040,44.0,Female,7,70.55,6008.52,Two year,Fiber optic,Bank transfer,No,1,No,Yes,No
CUST03041,27.0,Female,8,57.74,5599.62,Month-to-month,DSL,Mailed check,Yes,2,Yes,No,Yes
CUST03042,68.0,Male,2,89.67,2208.85,Two year,Fiber optic,Credit card,No,8,Yes,Yes,No
CUST03043,24.0,Female,0,110.05,415.95,Month-to-month,No,Electronic check,No,2,No,No,No
CUST03044,39.0,Male,0,52.03,278.03,Month-to-month,Fiber optic,Mailed check,Yes,1,No,No,No
CUST03045,56.0,Female,6,66.08,4916.55,Two year,Fiber optic,Electronic check,Yes,2,No,No,Yes
CUST03046,54.0,Male,4,42.95,2180.1,Two year,Fiber optic,Bank transfer,No,1,No,Yes,No
CUST03047,40.0,Male,0,38.35,214.63,One year,No,Mailed check,No,1,Yes,Yes,No
CUST03048,36.0,Male,5,97.78,5573.96,Month-to-month,DSL,Electronic check,No,4,Yes,No,No
CUST03049,38.0,Male,5,40.08,2404.54,One year,DSL,Bank transfer,No,1,Yes,Yes,Yes
CUST03050,31.0,Female,3,99.32,3412.94,Month-to-month,DSL,Credit card,No,1,Yes,Yes,No
CUST03051,28.0,Male,6,62.92,4412.8,Two year,Fiber optic,Mailed check,No,2,Yes,Yes,No
CUST03052,43.0,Male,6,119.49,8447.92,Month-to-month,DSL,Mailed check,No,4,No,No,Yes
CUST03053,32.0,Female,8,39.75,3725.65,Two year,Fiber optic,Mailed check,No,3,Yes,Yes,No
CUST03054,33.0,Female,0,29.31,96.01,Month-to-month,DSL,Electronic check,No,0,No,Yes,No
CUST03055,,Female,4,27.56,1313.75,One year,DSL,Electronic check,No,3,No,Yes,Yes
CUST03056,67.0,Male,9,103.53,11033.57,Two year,DSL,Bank transfer,No,2,Yes,Yes,Yes
CUST03057,49.0,Female,2,63.78,1437.42,Month-to-month,No,Mailed check,No,2,Yes,Yes,No
CUST03058,22.0,Female,6,20.33,1429.96,Two year,Fiber optic,Bank transfer,No,3,No,No,No
CUST03059,22.0,Male,3,107.46,3866.47,Month-to-month,DSL,Mailed check,Yes,1,No,Yes,No
CUST03060,67.0,Male,3,107.68,4027.05,Month-to-month,DSL,Credit card,No,7,Yes,No,No
CUST03061,33.0,Male,0,100.63,698.51,One year,Fiber optic,Mailed check,No,2,Yes,No,No
CUST03062,23.0,Male,0,44.84,397.1,Two year,Fiber optic,Bank transfer,No,1,Yes,Yes,Yes
CUST03063,49.0,Male,9,57.28,6328.56,Month-to-month,Fiber optic,Electronic check,No,2,No,Yes,No
CUST03064,50.0,Male,1,94.48,1086.93,One year,No,Credit card,Yes,1,No,No,No
CUST03065,51.0,Female,1,68.94,956.68,One year,Fiber optic,Credit card,No,2,No,No,No
CUST03066,32.0,Female,0,35.4,145.37,Month-to-month,No,Mailed check,Yes,0,Yes,No,No
CUST03067,19.0,Female,7,44.29,3643.92,Month-to-month,DSL,Credit card,Yes,1,No,No,No
CUST03068,67.0,Female,5,117.24,7175.74,One year,No,Bank transfer,No,3,No,No,No
CUST03069,31.0,Male,5,35.12,2047.23,Month-to-month,Fiber optic,Bank transfer,Yes,3,Yes,No,No
CUST03070,52.0,Female,9,92.6,9973.58,One year,DSL,Mailed check,No,1,Yes,Yes,No
CUST03071,54.0,Female,9,67.8,7250.3,Two year,DSL,Electronic check,No,2,Yes,No,Yes
CUST03072,49.0,Male,8,94.85,8953.47,Two year,Fiber optic,Credit card,No,2,Yes,No,No
CUST03073,34.0,Female,4,86.1,3954.51,Month-to-month,DSL,Credit card,No,2,Yes,No,Yes
CUST03074,32.0,Female,3,63.92,2343.99,One year,Fiber optic,Mailed check,Yes,1,No,Yes,No
CUST03075,48.0,Female,10,55.4,6500.12,Month-to-month,Fiber optic,Credit card,No,3,Yes,Yes,No
CUST03076,62.0,Female,5,95.43,5841.52,One year,DSL,Electronic check,No,1,No,No,No
CUST03077,66.0,Male,7,52.32,4518.9,Two year,DSL,Mailed check,No,4,No,No,No
CUST03078,,Male,0,98.77,,Month-to-month,No,Bank transfer,No,2,Yes,Yes,No
CUST03079,26.0,Male,6,87.98,6288.54,One year,DSL,Credit card,No,4,No,No,No
CUST03080,66.0,Female,7,77.76,6574.42,Two year,DSL,Mailed check,No,1,No,Yes,No
CUST03081,56.0,Female,8,56.89,5517.73,One year,DSL,Bank transfer,No,3,Yes,Yes,No
CUST03082,63.0,Female,10,40.52,4873.29,Month-to-month,No,Bank transfer,Yes,0,Yes,No,Yes
CUST03083,28.0,Male,7,91.03,7750.79,Month-to-month,Fiber optic,Bank transfer,No,3,Yes,Yes,No
CUST03084,48.0,Male,6,29.15,2152.86,One year,Fiber optic,Mailed check,No,1,No,No,Yes
CUST03085,54.0,Female,2,117.04,3152.97,Month-to-month,DSL,Mailed check,No,2,No,No,Yes
CUST03086,53.0,Female,1,,1338.42,One year,Fiber optic,Bank transfer,No,1,No,No,No
CUST03087,39.0,Male,2,33.04,809.67,Month-to-month,DSL,Bank transfer,No,0,No,Yes,No
CUST03088,19.0,Male,3,30.41,1072.15,Two year,Fiber optic,Mailed check,No,3,No,No,No
CUST03089,48.0,Female,3,61.28,2109.56,Month-to-month,DSL,Mailed check,No,2,Yes,Yes,Yes
CUST03090,31.0,Female,5,116.35,7328.35,Month-to-month,Fiber optic,Electronic check,No,2,Yes,Yes,No
CUST03091,41.0,Male,6,60.04,4147.42,One year,Fiber optic,Bank transfer,No,1,Yes,Yes,No
CUST03092,67.0,Male,3,56.39,1882.62,Month-to-month,DSL,Credit card,Yes,1,No,No,No
CUST03093,38.0,Female,9,90.35,9802.86,One year,No,Credit card,No,3,No,Yes,No
CUST03094,61.0,Female,5,37.89,2320.86,Month-to-month,DSL,Mailed check,No,3,No,No,No
CUST03095,28.0,Male,8,56.34,5485.78,Month-to-month,DSL,Credit card,No,1,Yes,Yes,No
CUST03096,52.0,Male,5,49.14,3008.29,Month-to-month,No,Mailed check,No,2,Yes,No,Yes
CUST03097,68.0,Female,2,80.15,2062.37,Month-to-month,DSL,Electronic check,No,3,Yes,No,Yes
CUST03098,23.0,Male,0,36.29,271.0,Two year,DSL,Mailed check,Yes,4,Yes,Yes,Yes
CUST03099,18.0,Male,10,74.87,9004.83,Month-to-month,Fiber optic,Bank transfer,No,0,Yes,Yes,No
CUST03100,40.0,Female,9,105.74,11401.0,Two year,DSL,Mailed check,No,3,Yes,No,Yes
CUST03101,23.0,Male,9,71.42,7807.37,Month-to-month,No,Credit card,No,1,Yes,Yes,Yes
CUST03102,56.0,Female,4,,4363.58,One year,DSL,Credit card,No,3,No,Yes,No
CUST03103,65.0,Male,9,27.54,2946.84,One year,DSL,Credit card,Yes,1,Yes,Yes,No
CUST03104,40.0,Female,9,64.9,6815.92,Two year,No,Bank transfer,No,2,Yes,Yes,No
CUST03105,31.0,Male,2,29.51,675.26,Two year,DSL,Mailed check,No,2,Yes,Yes,No
CUST03106,40.0,Male,7,79.94,6731.81,Two year,No,Mailed check,Yes,2,No,Yes,Yes
CUST03107,55.0,Male,9,48.11,5203.87,Two year,DSL,Credit card,No,2,Yes,No,Yes
CUST03108,18.0,Female,0,48.74,257.28,Month-to-month,DSL,Bank transfer,No,3,Yes,No,Yes
CUST03109,48.0,Female,10,27.69,3395.07,Two year,DSL,Credit card,No,2,No,No,No
CUST03110,49.0,Male,1,51.03,605.14,Two year,DSL,Credit card,Yes,0,No,Yes,Yes
CUST03111,51.0,Female,2,70.67,1542.97,Month-to-month,Fiber optic,Bank transfer,No,0,Yes,Yes,Yes
CUST03112,30.0,Female,2,78.46,1738.84,Two year,DSL,Credit card,No,3,No,Yes,No
CUST03113,54.0,Female,7,26.68,2176.54,One year,Fiber optic,Electronic check,Yes,3,No,Yes,No
CUST03114,23.0,Male,4,85.14,3968.34,Two year,DSL,Bank transfer,No,3,No,No,Yes
CUST03115,28.0,Female,7,68.89,5705.88,Two year,DSL,Credit card,No,1,No,No,Yes
CUST03116,63.0,Male,10,73.69,8769.4,Two year,DSL,Mailed check,Yes,2,Yes,Yes,No
CUST03117,56.0,Male,10,103.27,12600.26,Two year,Fiber optic,Electronic check,No,1,No,Yes,No
CUST03118,19.0,Female,5,54.23,3340.12,Month-to-month,DSL,Mailed check,Yes,7,No,No,Yes
CUST03119,31.0,Female,1,37.42,448.14,Month-to-month,DSL,Mailed check,No,1,Yes,Yes,No
CUST03120,29.0,Male,10,75.18,8996.37,Month-to-month,No,Electronic check,Yes,2,Yes,Yes,No
CUST03121,32.0,Male,3,114.48,4037.7,Month-to-month,DSL,Bank transfer,No,3,Yes,No,No
CUST03122,31.0,Female,8,71.79,6681.96,Month-to-month,DSL,Credit card,Yes,4,No,Yes,No
CUST03123,21.0,Female,3,103.18,3974.25,One year,DSL,Mailed check,No,0,Yes,Yes,No
CUST03124,41.0,Male,4,,4473.55,Month-to-month,DSL,Mailed check,No,1,Yes,Yes,Yes
CUST03125,55.0,Female,4,71.83,3595.31,Two year,Fiber optic,Mailed check,No,2,No,Yes,No
CUST03126,49.0,Male,9,84.75,,Two year,DSL,Bank transfer,No,2,Yes,No,No
CUST03127,52.0,Male,7,60.67,4956.06,One year,Fiber optic,Mailed check,No,0,Yes,Yes,Yes
CUST03128,22.0,Female,5,73.06,4301.82,One year,Fiber optic,Mailed check,Yes,3,Yes,No,Yes
CUST03129,67.0,Male,9,70.73,7632.14,Month-to-month,No,Mailed check,No,2,Yes,No,Yes
CUST03130,61.0,Male,6,90.9,6415.27,Month-to-month,DSL,Electronic check,Yes,3,Yes,Yes,No
CUST03131,59.0,Female,5,61.0,3624.28,One year,Fiber optic,Electronic check,No,1,Yes,No,Yes
CUST03132,60.0,Female,4,29.99,1400.5,Two year,DSL,Mailed check,No,1,No,Yes,No
CUST03133,66.0,Male,4,98.86,4825.75,One year,Fiber optic,Bank transfer,No,3,Yes,Yes,No
CUST03134,46.0,Female,2,88.48,2049.5,Two year,Fiber optic,Bank transfer,No,3,Yes,Yes,Yes
CUST03135,28.0,Female,6,114.99,8173.54,Month-to-month,DSL,Credit card,No,3,Yes,Yes,No
CUST03136,49.0,Male,9,62.87,6704.27,Month-to-month,Fiber optic,Electronic check,No,3,Yes,No,No
CUST03137,56.0,Female,4,27.84,1386.56,Two year,Fiber optic,Bank transfer,No,0,Yes,No,Yes
CUST03138,56.0,Male,6,32.18,2344.92,Month-to-month,DSL,Mailed check,No,1,Yes,No,No
CUST03139,45.0,Male,1,97.32,1296.88,One year,DSL,Electronic check,No,1,Yes,Yes,No
CUST03140,21.0,Female,8,26.79,2555.07,Two year,DSL,Bank transfer,No,5,Yes,Yes,No
CUST03141,37.0,Female,7,110.77,9529.98,Month-to-month,DSL,Credit card,No,2,No,No,No
CUST03142,65.0,Male,4,48.17,2288.17,One year,DSL,Mailed check,No,0,No,Yes,No
CUST03143,48.0,Male,1,109.87,1105.2,One year,Fiber optic,Electronic check,No,1,Yes,No,No
CUST03144,45.0,Male,5,97.34,5846.61,Two year,DSL,Credit card,No,4,Yes,Yes,No
CUST03145,32.0,Male,7,107.11,8961.44,Month-to-month,DSL,Credit card,No,3,No,No,No
CUST03146,37.0,Male,6,41.42,2880.46,Two year,Fiber optic,Electronic check,No,4,No,No,No
CUST03147,64.0,Male,7,79.57,6761.16,Month-to-month,Fiber optic,Bank transfer,No,1,No,No,Yes
CUST03148,52.0,Female,3,29.38,1112.5,One year,No,Mailed check,No,2,Yes,No,No
CUST03149,58.0,Male,2,40.24,931.03,Month-to-month,No,Credit card,No,1,Yes,Yes,No
CUST03150,41.0,Male,6,51.0,3751.16,Month-to-month,Fiber optic,Credit card,No,1,No,No,No
CUST03151,50.0,Female,1,94.07,1177.32,Month-to-month,DSL,Electronic check,No,0,No,No,No
CUST03152,31.0,Female,4,22.49,1048.91,Month-to-month,Fiber optic,Electronic check,No,1,No,Yes,Yes
CUST03153,54.0,Male,6,110.3,7838.03,Month-to-month,Fiber optic,Electronic check,Yes,2,No,Yes,Yes
CUST03154,40.0,Male,0,27.1,235.12,Month-to-month,Fiber optic,Credit card,No,4,No,No,No
CUST03155,41.0,Female,3,57.65,1977.23,Two year,DSL,Bank transfer,No,0,No,Yes,No
CUST03156,51.0,Male,1,28.13,278.77,Month-to-month,Fiber optic,Bank transfer,No,4,No,No,No
CUST03157,66.0,Male,5,96.89,5566.49,Two year,Fiber optic,Mailed check,No,1,Yes,Yes,No
CUST03158,21.0,Female,0,34.15,281.82,Two year,DSL,Electronic check,Yes,2,No,No,No
CUST03159,60.0,Male,6,108.46,7921.15,One year,Fiber optic,Mailed check,No,1,Yes,Yes,No
CUST03160,33.0,Male,2,73.02,1584.55,One year,DSL,Credit card,No,2,Yes,No,No
CUST03161,41.0,Male,0,114.83,872.01,Month-to-month,Fiber optic,Credit card,No,1,No,Yes,No
CUST03162,19.0,Male,7,49.04,4157.82,Two year,Fiber optic,Credit card,Yes,3,No,Yes,Yes
CUST03163,33.0,Male,6,65.43,4902.1,One year,DSL,Mailed check,No,3,Yes,Yes,No
CUST03164,44.0,Female,1,89.42,1079.13,Two year,No,Electronic check,No,3,Yes,No,No
CUST03165,21.0,Male,6,103.18,7438.98,Month-to-month,No,Mailed check,No,1,Yes,Yes,No
CUST03166,43.0,Male,2,62.14,1397.85,Two year,DSL,Mailed check,No,3,Yes,No,No
CUST03167,65.0,Male,8,109.23,10283.29,Month-to-month,DSL,Credit card,Yes,2,Yes,No,No
CUST03168,23.0,Female,7,31.81,2716.95,Two year,Fiber optic,Credit card,No,5,Yes,Yes,No
CUST03169,57.0,Female,4,90.86,4291.87,Month-to-month,Fiber optic,Bank transfer,No,2,No,No,Yes
CUST03170,39.0,Male,6,54.83,4021.28,One year,Fiber optic,Electronic check,No,8,Yes,No,Yes
CUST03171,51.0,Female,2,30.15,773.23,One year,Fiber optic,Electronic check,No,3,No,No,No
CUST03172,31.0,Male,0,58.67,493.99,One year,No,Electronic check,No,3,No,No,No
CUST03173,26.0,Male,0,108.01,601.02,Month-to-month,Fiber optic,Mailed check,No,0,No,No,No
CUST03174,26.0,Male,10,118.03,13877.87,One year,DSL,Credit card,No,2,No,Yes,No
CUST03175,22.0,Male,1,59.28,541.29,Month-to-month,Fiber optic,Credit card,No,2,No,Yes,No
CUST03176,27.0,Male,7,108.63,8988.96,One year,Fiber optic,Bank transfer,No,0,No,Yes,No
CUST03177,52.0,Female,0,70.97,609.93,One year,No,Mailed check,No,1,No,Yes,Yes
CUST03178,63.0,Male,10,91.69,11139.47,Month-to-month,DSL,Electronic check,No,5,Yes,No,No
CUST03179,60.0,Female,4,24.56,1187.37,Two year,Fiber optic,Mailed check,No,2,No,No,No
CUST03180,53.0,Male,8,75.73,7151.66,Month-to-month,Fiber optic,Credit card,No,1,Yes,No,No
CUST03181,24.0,Male,8,27.03,2629.73,Month-to-month,Fiber optic,Bank transfer,Yes,2,Yes,Yes,Yes
CUST03182,33.0,Male,1,46.87,630.19,One year,DSL,Mailed check,No,0,Yes,Yes,No
CUST03183,34.0,Female,6,76.68,5396.86,Two year,No,Credit card,No,2,No,No,No
CUST03184,31.0,Male,10,100.7,12210.25,One year,Fiber optic,Mailed check,No,2,No,Yes,No
CUST03185,44.0,Female,0,76.09,283.15,Two year,No,Credit card,No,1,No,Yes,Yes
CUST03186,45.0,Male,2,113.6,2454.94,One year,DSL,Mailed check,Yes,3,Yes,Yes,Yes
CUST03187,36.0,Male,5,101.02,5791.67,Two year,Fiber optic,Electronic check,No,0,No,No,No
CUST03188,36.0,Male,8,,3487.55,Month-to-month,No,Mailed check,No,4,Yes,No,No
CUST03189,60.0,Male,9,58.9,6280.16,Two year,No,Mailed check,No,5,No,Yes,No
CUST03190,58.0,Male,1,,1096.38,Month-to-month,No,Electronic check,Yes,0,Yes,Yes,Yes
CUST03191,34.0,Male,6,113.82,7952.46,One year,DSL,Mailed check,No,3,No,Yes,No
CUST03192,65.0,Female,3,118.75,4234.05,Month-to-month,Fiber optic,Credit card,No,2,Yes,Yes,No
CUST03193,67.0,Male,1,96.31,882.78,Two year,DSL,Credit card,No,2,Yes,No,Yes
CUST03194,35.0,Female,2,77.37,2024.08,Two year,DSL,Credit card,Yes,1,No,No,Yes
CUST03195,36.0,Male,5,95.65,5761.85,Two year,DSL,Credit card,No,2,No,Yes,No
CUST03196,44.0,Female,9,47.33,5222.84,Month-to-month,Fiber optic,Credit card,No,5,No,Yes,No
CUST03197,66.0,Female,8,48.37,4634.07,Month-to-month,Fiber optic,Electronic check,No,1,Yes,No,No
CUST03198,63.0,Male,7,85.43,7081.87,Month-to-month,Fiber optic,Electronic check,No,1,Yes,Yes,No
CUST03199,23.0,Male,9,107.17,11510.43,One year,Fiber optic,Mailed check,No,1,No,Yes,No
CUST03200,38.0,Female,10,116.96,13855.7,Two year,DSL,Credit card,No,2,No,Yes,No
CUST03201,46.0,Female,8,54.14,5322.67,Month-to-month,No,Mailed check,No,5,No,No,No
CUST03202,44.0,Male,3,99.64,3464.97,Month-to-month,DSL,Credit card,No,2,No,No,No
CUST03203,28.0,Male,3,105.14,3653.92,Month-to-month,Fiber optic,Mailed check,Yes,1,No,Yes,Yes
CUST03204,62.0,Female,8,82.31,7966.99,Two year,Fiber optic,Electronic check,No,2,No,Yes,No
CUST03205,53.0,Male,7,54.77,4476.32,Month-to-month,No,Credit card,No,1,No,Yes,Yes
CUST03206,61.0,Female,1,81.9,844.85,Two year,No,Electronic check,No,0,Yes,No,Yes
CUST03207,62.0,Male,7,78.44,6556.1,Month-to-month,DSL,Mailed check,No,2,Yes,No,No
CUST03208,56.0,Male,0,80.65,330.31,Two year,DSL,Electronic check,No,0,No,No,No
CUST03209,40.0,Female,8,81.92,7745.16,One year,Fiber optic,Electronic check,No,3,No,No,No
CUST03210,49.0,Female,8,104.69,10176.01,Month-to-month,Fiber optic,Electronic check,No,2,Yes,Yes,No
CUST03211,26.0,Male,7,37.02,3060.89,Two year,Fiber optic,Bank transfer,No,3,No,No,No
CUST03212,52.0,Male,10,56.73,6854.87,Month-to-month,DSL,Mailed check,No,5,No,No,No
CUST03213,27.0,Female,4,78.6,3770.01,One year,Fiber optic,Mailed check,No,5,No,No,Yes
CUST03214,53.0,Female,4,48.34,2398.01,One year,DSL,Credit card,Yes,0,Yes,Yes,No
CUST03215,30.0,Male,2,117.8,3004.31,Month-to-month,DSL,Credit card,No,5,No,Yes,Yes
CUST03216,24.0,Female,4,46.32,2139.51,Two year,DSL,Credit card,No,3,Yes,No,No
CUST03217,26.0,Female,3,66.96,2588.79,One year,No,Electronic check,No,3,No,No,No
CUST03218,18.0,Female,0,107.72,841.65,Two year,DSL,Mailed check,No,0,No,Yes,No
CUST03219,55.0,Female,8,28.02,2695.71,Month-to-month,Fiber optic,Electronic check,No,1,Yes,Yes,No
CUST03220,55.0,Male,9,102.06,11058.64,Month-to-month,DSL,Mailed check,No,6,No,Yes,No
CUST03221,44.0,Female,3,77.1,2927.64,Month-to-month,Fiber optic,Electronic check,No,1,No,No,No
CUST03222,26.0,Female,2,23.2,554.57,Two year,No,Credit card,No,1,Yes,Yes,No
CUST03223,22.0,Male,5,110.28,6602.28,Two year,DSL,Electronic check,No,1,No,Yes,No
CUST03224,19.0,Male,0,23.94,162.33,One year,No,Bank transfer,No,4,Yes,Yes,No
CUST03225,26.0,Male,4,71.52,3256.35,Month-to-month,No,Credit card,No,2,Yes,Yes,Yes
CUST03226,63.0,Female,6,24.92,1806.61,Two year,Fiber optic,Bank transfer,No,4,No,No,No
CUST03227,30.0,Male,1,27.14,280.69,Two year,DSL,Bank transfer,No,1,No,No,Yes
CUST03228,36.0,Female,9,108.7,11490.14,Two year,No,Credit card,Yes,1,No,No,No
CUST03229,23.0,Female,8,96.57,9453.67,Month-to-month,No,Bank transfer,No,2,Yes,No,No
CUST03230,29.0,Female,5,39.71,2354.22,Month-to-month,No,Bank transfer,No,2,Yes,Yes,No
CUST03231,44.0,Female,1,82.04,985.89,Month-to-month,No,Mailed check,No,1,Yes,Yes,No
CUST03232,49.0,Female,7,99.46,8231.07,Month-to-month,Fiber optic,Electronic check,No,1,No,Yes,Yes
CUST03233,31.0,Male,7,108.94,8844.62,Two year,Fiber optic,Bank transfer,Yes,1,Yes,Yes,No
CUST03234,21.0,Female,0,66.83,377.89,One year,Fiber optic,Electronic check,No,1,No,Yes,No
CUST03235,38.0,Male,0,109.73,823.18,Two year,DSL,Bank transfer,No,3,No,Yes,No
CUST03236,30.0,Female,0,70.78,534.42,Month-to-month,Fiber optic,Credit card,No,1,Yes,Yes,No
CUST03237,29.0,Male,3,88.82,3422.25,One year,Fiber optic,Credit card,No,0,No,Yes,No
CUST03238,67.0,Female,3,117.88,4484.58,One year,Fiber optic,Mailed check,No,0,Yes,No,No
CUST03239,49.0,Female,7,43.61,3789.08,Month-to-month,No,Credit card,No,1,No,Yes,No
CUST03240,46.0,Female,0,36.87,237.04,One year,DSL,Mailed check,No,4,No,No,No
CUST03241,39.0,Male,9,54.21,5708.43,One year,DSL,Credit card,No,1,Yes,Yes,No
CUST03242,40.0,Male,2,36.45,954.36,Two year,DSL,Electronic check,Yes,0,Yes,No,No
CUST03243,46.0,Female,10,48.42,5942.33,Month-to-month,DSL,Bank transfer,Yes,2,Yes,Yes,No
CUST03244,54.0,Male,0,94.29,545.46,Two year,Fiber optic,Bank transfer,No,3,Yes,No,Yes
CUST03245,,Female,8,67.75,6347.37,Two year,No,Mailed check,No,2,No,No,No
CUST03246,27.0,Male,9,57.51,6046.95,Two year,Fiber optic,Credit card,Yes,1,No,No,No
CUST03247,44.0,Female,8,56.88,5498.99,Two year,DSL,Electronic check,No,3,Yes,No,Yes
CUST03248,39.0,Male,6,39.47,2881.19,Month-to-month,DSL,Electronic check,No,2,Yes,No,Yes
CUST03249,62.0,Female,7,64.74,5250.5,One year,Fiber optic,Credit card,No,1,Yes,Yes,No
CUST03250,50.0,Female,0,82.46,717.02,Two year,DSL,Bank transfer,No,1,No,Yes,No
CUST03251,45.0,Male,4,33.93,1637.23,One year,Fiber optic,Credit card,No,2,No,No,Yes
CUST03252,24.0,Male,1,117.26,1486.14,Month-to-month,DSL,Bank transfer,Yes,3,Yes,No,No
CUST03253,49.0,Male,0,64.33,410.74,Two year,DSL,Credit card,No,6,No,Yes,No
CUST03254,24.0,Female,2,114.78,2628.61,One year,Fiber optic,Bank transfer,Yes,2,No,Yes,No
CUST03255,35.0,Female,6,33.48,2491.07,Two year,Fiber optic,Mailed check,No,3,Yes,Yes,No
CUST03256,25.0,Female,0,96.71,292.34,One year,DSL,Electronic check,No,0,Yes,No,Yes
CUST03257,53.0,Female,10,81.76,9932.35,Two year,No,Credit card,No,4,No,No,No
CUST03258,29.0,Male,1,101.99,1138.76,Two year,DSL,Bank transfer,No,2,No,Yes,Yes
CUST03259,38.0,Male,1,80.06,811.95,One year,DSL,Bank transfer,Yes,2,Yes,Yes,No
CUST03260,64.0,Male,3,116.27,4140.97,Month-to-month,Fiber optic,Bank transfer,No,0,Yes,No,No
CUST03261,28.0,Male,2,82.69,1834.7,Month-to-month,Fiber optic,Mailed check,No,0,No,Yes,No
CUST03262,44.0,Female,2,98.45,,One year,DSL,Bank transfer,No,3,Yes,No,Yes
CUST03263,39.0,Female,9,107.74,11827.35,Two year,Fiber optic,Electronic check,No,0,No,Yes,Yes
CUST03264,19.0,Male,4,91.45,4585.47,One year,DSL,Mailed check,No,0,Yes,Yes,No
CUST03265,58.0,Female,2,72.42,1884.09,Month-to-month,No,Bank transfer,No,1,Yes,Yes,No
CUST03266,22.0,Female,10,47.29,5767.06,Month-to-month,Fiber optic,Electronic check,No,0,No,No,No
CUST03267,42.0,Male,6,105.44,7642.84,One year,DSL,Bank transfer,No,2,Yes,No,Yes
CUST03268,47.0,Male,4,68.06,3430.96,One year,DSL,Electronic check,No,2,Yes,Yes,Yes
CUST03269,50.0,Male,3,82.07,2737.3,Two year,Fiber optic,Electronic check,No,1,No,No,Yes
CUST03270,53.0,Female,2,27.94,634.65,One year,Fiber optic,Bank transfer,No,2,No,Yes,No
CUST03271,31.0,Female,3,69.74,2390.2,Month-to-month,No,Electronic check,No,3,Yes,Yes,Yes
CUST03272,19.0,Female,1,89.81,873.51,One year,No,Credit card,No,4,Yes,Yes,No
CUST03273,55.0,Male,0,78.4,238.2,Two year,DSL,Bank transfer,No,2,Yes,No,No
CUST03274,45.0,Male,2,64.86,1518.7,One year,No,Credit card,No,2,No,Yes,Yes
CUST03275,61.0,Female,10,42.35,5139.38,Month-to-month,Fiber optic,Electronic check,No,1,No,Yes,No
CUST03276,60.0,Female,1,50.97,656.01,Month-to-month,Fiber optic,Mailed check,No,2,Yes,No,Yes
CUST03277,61.0,Female,0,90.05,621.94,Two year,Fiber optic,Mailed check,No,3,Yes,Yes,No
CUST03278,43.0,Female,0,42.43,353.39,Month-to-month,DSL,Electronic check,No,2,Yes,Yes,No
CUST03279,35.0,Male,1,82.17,1211.49,Month-to-month,DSL,Credit card,Yes,1,Yes,No,No
CUST03280,58.0,Female,8,78.97,7666.7,Month-to-month,No,Bank transfer,No,2,No,Yes,No
CUST03281,41.0,Female,4,117.02,5325.66,Two year,Fiber optic,Mailed check,Yes,5,Yes,No,Yes
CUST03282,27.0,Male,8,26.1,2532.86,Month-to-month,No,Credit card,No,4,No,Yes,No
CUST03283,62.0,Female,7,30.83,2599.68,Two year,DSL,Mailed check,Yes,3,Yes,Yes,Yes
CUST03284,63.0,Male,10,70.61,8288.43,One year,DSL,Mailed check,Yes,1,Yes,Yes,No
CUST03285,42.0,Male,5,72.71,4256.63,One year,DSL,Electronic check,No,1,No,No,Yes
CUST03286,22.0,Male,0,24.01,106.28,Two year,Fiber optic,Bank transfer,No,3,Yes,Yes,No
CUST03287,38.0,Male,9,102.57,11245.73,Month-to-month,No,Credit card,No,1,No,No,No
CUST03288,59.0,Male,4,69.47,3270.16,Month-to-month,DSL,Credit card,No,2,Yes,Yes,Yes
CUST03289,64.0,Male,0,54.67,328.24,Month-to-month,Fiber optic,Bank transfer,No,2,No,No,Yes
CUST03290,28.0,Female,6,51.89,3825.23,One year,Fiber optic,Credit card,No,2,Yes,Yes,No
CUST03291,21.0,Male,9,106.13,11739.59,Two year,Fiber optic,Mailed check,Yes,2,No,Yes,Yes
CUST03292,63.0,Male,10,39.69,4771.35,Two year,Fiber optic,Bank transfer,No,4,Yes,No,No
CUST03293,38.0,Male,7,36.06,3040.61,Two year,Fiber optic,Mailed check,No,0,Yes,Yes,Yes
CUST03294,46.0,Female,7,41.33,3371.45,Two year,Fiber optic,Mailed check,No,3,No,No,No
CUST03295,67.0,Male,6,82.5,5936.99,Two year,DSL,Mailed check,No,3,Yes,Yes,No
CUST03296,21.0,Male,1,101.08,1326.06,Two year,No,Bank transfer,No,5,Yes,Yes,Yes
CUST03297,51.0,Female,4,53.1,2449.95,Month-to-month,No,Credit card,No,2,Yes,No,Yes
CUST03298,22.0,Female,3,37.36,1257.8,One year,DSL,Mailed check,No,2,No,No,No
CUST03299,37.0,Female,4,40.93,2053.92,Two year,Fiber optic,Bank transfer,No,6,Yes,Yes,No
CUST03300,59.0,Male,9,81.91,8657.39,One year,Fiber optic,Bank transfer,No,2,No,Yes,Yes
CUST03301,40.0,Male,8,44.61,4393.49,Two year,No,Electronic check,No,2,Yes,Yes,No
CUST03302,69.0,Female,3,107.71,3731.38,Month-to-month,DSL,Electronic check,No,1,No,No,Yes
CUST03303,47.0,Male,7,30.4,2523.0,Month-to-month,Fiber optic,Electronic check,No,0,No,Yes,No
CUST03304,34.0,Male,7,23.26,1957.04,Month-to-month,DSL,Credit card,No,2,No,Yes,No
CUST03305,29.0,Male,1,28.85,292.25,Month-to-month,DSL,Credit card,No,3,Yes,No,Yes
CUST03306,36.0,Female,5,104.55,6391.31,Two year,Fiber optic,Credit card,No,3,Yes,Yes,No
CUST03307,37.0,Male,4,85.12,4097.81,Month-to-month,No,Credit card,No,0,Yes,No,Yes
CUST03308,22.0,Female,1,115.76,1698.92,One year,Fiber optic,Mailed check,No,3,Yes,Yes,No
CUST03309,37.0,Female,9,53.64,5925.05,Month-to-month,Fiber optic,Bank transfer,Yes,2,Yes,Yes,No
CUST03310,42.0,Male,3,41.28,1552.86,Month-to-month,Fiber optic,Bank transfer,No,2,Yes,Yes,No
CUST03311,55.0,Female,6,76.2,5341.95,Month-to-month,No,Electronic check,No,6,No,No,Yes
CUST03312,51.0,Female,0,73.78,315.99,Two year,Fiber optic,Bank transfer,No,1,Yes,No,No
CUST03313,54.0,Female,8,79.1,7483.6,Two year,DSL,Credit card,No,3,Yes,Yes,No
CUST03314,18.0,Male,9,54.76,6023.81,One year,No,Bank transfer,No,2,Yes,No,Yes
CUST03315,29.0,Female,0,20.61,141.95,Two year,DSL,Mailed check,No,3,Yes,Yes,No
CUST03316,52.0,Male,4,23.52,1083.26,Two year,DSL,Mailed check,No,2,Yes,Yes,Yes
CUST03317,43.0,Female,6,86.38,6197.45,One year,Fiber optic,Electronic check,No,1,No,No,No
CUST03318,18.0,Male,7,72.32,6281.37,Month-to-month,Fiber optic,Credit card,No,2,No,No,No
CUST03319,59.0,Male,1,102.09,1367.32,Month-to-month,Fiber optic,Bank transfer,No,1,Yes,Yes,No
CUST03320,57.0,Female,3,50.05,1932.18,Month-to-month,No,Electronic check,Yes,1,No,Yes,No
CUST03321,46.0,Female,1,101.53,1406.56,Month-to-month,DSL,Bank transfer,No,3,Yes,Yes,No
CUST03322,21.0,Female,3,62.55,2336.34,Month-to-month,DSL,Electronic check,No,2,Yes,No,Yes
CUST03323,57.0,Male,5,29.69,1839.92,Month-to-month,DSL,Electronic check,No,3,Yes,Yes,Yes
CUST03324,48.0,Male,5,117.77,7202.4,Two year,DSL,Mailed check,No,2,Yes,No,Yes
CUST03325,58.0,Female,1,71.19,883.09,Two year,Fiber optic,Mailed check,No,2,No,Yes,No
CUST03326,56.0,Female,10,82.94,10070.51,Month-to-month,DSL,Mailed check,Yes,9,Yes,Yes,No
CUST03327,59.0,Female,3,87.07,2993.29,Two year,No,Electronic check,No,5,Yes,Yes,No
CUST03328,44.0,Male,3,56.25,2021.63,Two year,Fiber optic,Mailed check,No,1,No,No,No
CUST03329,25.0,Male,0,94.74,825.05,Month-to-month,Fiber optic,Mailed check,No,4,No,No,No
CUST03330,52.0,Female,1,107.01,1482.29,One year,DSL,Credit card,Yes,1,No,Yes,Yes
CUST03331,50.0,Female,2,58.72,1559.56,Month-to-month,Fiber optic,Bank transfer,No,0,Yes,Yes,Yes
CUST03332,56.0,Male,10,85.69,10523.6,Month-to-month,Fiber optic,Bank transfer,No,2,No,Yes,No
CUST03333,27.0,Female,4,95.7,4643.75,One year,DSL,Credit card,Yes,6,No,Yes,No
CUST03334,28.0,Female,10,39.02,4611.86,Month-to-month,Fiber optic,Credit card,No,6,No,Yes,No
CUST03335,63.0,Male,7,53.27,4551.41,Month-to-month,DSL,Mailed check,No,0,Yes,Yes,Yes
CUST03336,56.0,Male,5,30.9,1762.39,One year,No,Mailed check,No,3,Yes,No,Yes
CUST03337,64.0,Male,2,80.22,1727.46,Two year,Fiber optic,Bank transfer,No,3,Yes,No,No
CUST03338,57.0,Female,5,100.08,5876.47,Two year,No,Credit card,No,1,Yes,Yes,Yes
CUST03339,48.0,Male,6,81.08,5601.87,Two year,Fiber optic,Credit card,Yes,3,No,No,No
CUST03340,51.0,Male,5,37.99,2321.27,Two year,Fiber optic,Mailed check,Yes,2,Yes,Yes,Yes
CUST03341,63.0,Female,9,74.63,8202.35,Two year,Fiber optic,Bank transfer,No,1,No,Yes,No
CUST03342,48.0,Male,5,103.48,6366.36,Month-to-month,No,Electronic check,No,3,No,No,Yes
CUST03343,50.0,Male,0,50.28,194.43,Two year,Fiber optic,Credit card,Yes,1,No,No,No
CUST03344,26.0,Male,2,103.25,2666.32,Two year,Fiber optic,Bank transfer,No,1,No,Yes,Yes
CUST03345,42.0,Female,6,98.45,7282.51,Month-to-month,DSL,Bank transfer,No,1,No,Yes,No
CUST03346,55.0,Female,3,22.19,745.23,One year,DSL,Bank transfer,No,3,Yes,No,No
CUST03347,32.0,Male,3,43.96,1580.4,One year,DSL,Credit card,No,2,No,Yes,No
CUST03348,28.0,Female,6,74.29,5432.92,Month-to-month,Fiber optic,Electronic check,No,2,Yes,No,No
CUST03349,34.0,Female,8,91.75,8756.92,Month-to-month,DSL,Mailed check,No,2,Yes,No,No
CUST03350,30.0,Male,10,108.04,13216.87,Month-to-month,Fiber optic,Electronic check,No,1,No,Yes,Yes
CUST03351,29.0,Male,1,84.1,1023.89,Two year,DSL,Bank transfer,No,4,Yes,Yes,No
CUST03352,40.0,Male,8,58.04,5440.17,Month-to-month,DSL,Credit card,No,2,Yes,No,Yes
CUST03353,64.0,Male,2,38.48,930.43,Month-to-month,Fiber optic,Credit card,No,1,No,No,Yes
CUST03354,44.0,Female,5,95.99,5804.19,Month-to-month,DSL,Electronic check,No,0,Yes,Yes,No
CUST03355,28.0,Female,3,40.69,1575.58,Two year,Fiber optic,Electronic check,No,1,No,Yes,No
CUST03356,22.0,Male,0,89.54,495.3,Two year,Fiber optic,Credit card,No,4,No,Yes,No
CUST03357,54.0,Male,8,38.13,3750.78,One year,DSL,Electronic check,No,2,No,Yes,No
CUST03358,38.0,Male,10,29.12,3463.15,Month-to-month,No,Mailed check,No,3,No,No,No
CUST03359,60.0,Female,5,45.12,2694.29,One year,Fiber optic,Mailed check,No,0,Yes,No,Yes
CUST03360,52.0,Male,7,48.5,4125.14,Two year,Fiber optic,Mailed check,No,2,No,No,No
CUST03361,59.0,Female,1,84.72,,Two year,No,Bank transfer,No,4,Yes,No,No
CUST03362,32.0,Male,6,36.1,2658.71,Two year,DSL,Electronic check,Yes,1,Yes,No,Yes
CUST03363,53.0,Female,5,113.01,6547.18,Month-to-month,DSL,Credit card,No,2,Yes,No,No
CUST03364,31.0,Female,1,75.43,766.57,Month-to-month,Fiber optic,Bank transfer,No,5,Yes,No,No
CUST03365,66.0,Male,1,69.09,650.12,Month-to-month,Fiber optic,Credit card,Yes,3,No,Yes,Yes
CUST03366,50.0,Male,3,63.47,2331.26,Two year,DSL,Electronic check,No,0,Yes,No,Yes
CUST03367,35.0,Female,3,76.66,2732.23,One year,DSL,Electronic check,No,1,Yes,Yes,Yes
CUST03368,32.0,Male,2,22.26,584.54,Two year,Fiber optic,Bank transfer,No,0,Yes,No,No
CUST03369,28.0,Female,7,118.99,10344.48,Two year,DSL,Bank transfer,No,4,Yes,Yes,No
CUST03370,53.0,Male,6,75.75,5626.06,Two year,DSL,Mailed check,No,2,Yes,Yes,No
CUST03371,29.0,Female,1,23.54,218.43,Month-to-month,DSL,Bank transfer,No,5,Yes,No,No
CUST03372,48.0,Male,2,78.99,2106.47,Month-to-month,Fiber optic,Mailed check,No,0,No,Yes,No
CUST03373,31.0,Female,9,63.71,6728.96,Two year,DSL,Bank transfer,No,2,Yes,No,Yes
CUST03374,52.0,Female,8,22.42,2145.49,Two year,Fiber optic,Mailed check,No,0,Yes,No,No
CUST03375,60.0,Female,4,112.43,5259.73,One year,No,Electronic check,No,1,No,Yes,Yes
CUST03376,58.0,Female,1,21.08,209.47,Two year,Fiber optic,Credit card,Yes,1,Yes,Yes,No
CUST03377,57.0,Female,2,77.78,1713.38,Month-to-month,No,Electronic check,No,1,No,Yes,No
CUST03378,28.0,Male,7,116.16,9650.04,Month-to-month,Fiber optic,Mailed check,No,3,Yes,Yes,No
CUST03379,23.0,Female,3,43.77,1451.11,One year,Fiber optic,Electronic check,No,1,Yes,Yes,Yes
CUST03380,54.0,Female,1,45.43,426.47,Two year,DSL,Bank transfer,Yes,2,Yes,Yes,No
CUST03381,37.0,Male,1,20.06,266.54,One year,DSL,Bank transfer,No,4,Yes,No,Yes
CUST03382,40.0,Female,5,26.65,1619.33,One year,DSL,Credit card,No,9,Yes,No,No
CUST03383,20.0,Female,7,24.51,1999.68,Month-to-month,DSL,Credit card,Yes,1,No,No,No
CUST03384,31.0,Female,6,102.25,7320.69,Month-to-month,No,Electronic check,No,5,No,No,Yes
CUST03385,20.0,Male,3,103.66,3798.76,Two year,No,Credit card,No,1,No,Yes,Yes
CUST03386,63.0,Male,1,92.66,888.23,Month-to-month,DSL,Bank transfer,Yes,2,No,Yes,No
CUST03387,30.0,Male,8,55.28,5463.47,Two year,Fiber optic,Bank transfer,No,4,Yes,No,No
CUST03388,46.0,Male,3,102.11,3889.57,Two year,Fiber optic,Bank transfer,No,3,No,No,No
CUST03389,20.0,Female,8,73.98,6980.62,Two year,Fiber optic,Mailed check,Yes,4,Yes,No,No
CUST03390,52.0,Male,4,50.44,2426.77,Two year,Fiber optic,Mailed check,No,3,No,No,No
CUST03391,34.0,Male,10,63.73,7650.56,Month-to-month,DSL,Electronic check,No,1,No,No,No
CUST03392,64.0,Female,10,26.59,3164.84,One year,Fiber optic,Mailed check,No,2,No,No,No
CUST03393,63.0,Male,6,114.47,8420.39,Month-to-month,Fiber optic,Credit card,Yes,1,No,No,No
CUST03394,35.0,Male,4,81.91,4009.32,Month-to-month,Fiber optic,Bank transfer,No,2,No,Yes,No
CUST03395,64.0,Male,1,93.11,1320.85,One year,Fiber optic,Electronic check,No,1,Yes,No,No
CUST03396,69.0,Male,5,87.65,4998.8,Month-to-month,No,Mailed check,No,1,No,No,No
CUST03397,60.0,Female,6,86.77,6301.46,Two year,No,Electronic check,No,4,No,Yes,No
CUST03398,61.0,Female,10,21.75,2673.74,Two year,Fiber optic,Electronic check,No,4,Yes,Yes,No
CUST03399,31.0,Female,5,72.54,4478.03,Month-to-month,DSL,Credit card,No,2,No,Yes,Yes
CUST03400,47.0,Male,2,102.16,2356.37,Month-to-month,Fiber optic,Credit card,No,2,Yes,Yes,Yes
CUST03401,21.0,Female,9,24.47,2592.28,Month-to-month,Fiber optic,Credit card,No,3,Yes,No,No
CUST03402,23.0,Male,7,115.6,9660.51,One year,DSL,Electronic check,No,2,Yes,No,Yes
CUST03403,69.0,Male,2,62.42,1469.69,Two year,Fiber optic,Electronic check,No,7,Yes,No,No
CUST03404,35.0,Male,4,49.0,2376.97,One year,DSL,Credit card,No,1,No,Yes,Yes
CUST03405,56.0,Male,8,73.18,6834.83,Month-to-month,DSL,Mailed check,No,2,Yes,No,Yes
CUST03406,59.0,Male,10,100.11,11945.37,Month-to-month,DSL,Bank transfer,No,4,Yes,No,No
CUST03407,62.0,Male,4,67.48,3382.51,Month-to-month,DSL,Credit card,No,4,Yes,Yes,No
CUST03408,69.0,Female,6,84.5,6157.16,One year,Fiber optic,Mailed check,Yes,2,No,No,Yes
CUST03409,30.0,Male,10,69.99,8371.55,Month-to-month,No,Electronic check,No,0,No,No,No
CUST03410,20.0,Male,6,83.12,5890.15,Month-to-month,Fiber optic,Electronic check,No,3,Yes,Yes,Yes
CUST03411,39.0,Male,4,33.82,1578.56,Month-to-month,Fiber optic,Mailed check,No,2,No,No,No
CUST03412,25.0,Female,1,23.88,322.22,One year,Fiber optic,Mailed check,No,3,No,No,Yes
CUST03413,19.0,Male,4,33.7,1603.4,One year,DSL,Electronic check,No,2,No,No,No
CUST03414,36.0,Female,6,48.59,3424.66,Two year,DSL,Electronic check,No,1,Yes,Yes,Yes
CUST03415,58.0,Female,6,45.35,3349.96,One year,DSL,Electronic check,No,0,Yes,Yes,Yes
CUST03416,47.0,Male,3,81.51,2819.83,One year,Fiber optic,Electronic check,No,2,Yes,Yes,Yes
CUST03417,34.0,Male,0,65.59,222.13,Month-to-month,Fiber optic,Credit card,No,1,Yes,No,No
CUST03418,51.0,Male,5,23.9,1440.88,Month-to-month,DSL,Electronic check,No,1,No,No,No
CUST03419,30.0,Female,2,23.51,532.96,One year,Fiber optic,Electronic check,No,2,No,No,No
CUST03420,19.0,Male,10,29.08,3402.65,Month-to-month,No,Mailed check,Yes,2,No,No,No
CUST03421,57.0,Male,4,55.31,2655.59,Month-to-month,DSL,Mailed check,No,1,Yes,Yes,Yes
CUST03422,50.0,Male,3,20.64,791.83,Month-to-month,Fiber optic,Mailed check,No,0,Yes,No,No
CUST03423,57.0,Female,1,69.4,892.8,Month-to-month,DSL,Electronic check,No,5,No,Yes,No
CUST03424,20.0,Male,6,56.07,3875.11,Month-to-month,Fiber optic,Mailed check,No,0,Yes,Yes,No
CUST03425,61.0,Male,4,75.54,3571.06,Two year,Fiber optic,Electronic check,No,1,Yes,Yes,No
CUST03426,50.0,Female,6,92.07,6489.56,Month-to-month,Fiber optic,Electronic check,No,1,Yes,Yes,No
CUST03427,47.0,Female,8,45.11,4376.42,Month-to-month,Fiber optic,Mailed check,Yes,4,No,Yes,No
CUST03428,50.0,Female,3,35.72,,Month-to-month,Fiber optic,Bank transfer,No,2,No,Yes,No
CUST03429,62.0,Male,4,47.81,2201.2,One year,DSL,Credit card,No,0,No,Yes,No
CUST03430,48.0,Female,8,20.2,1933.54,Two year,DSL,Credit card,No,0,No,Yes,No
CUST03431,48.0,Female,9,32.02,3540.65,Month-to-month,Fiber optic,Bank transfer,Yes,3,Yes,Yes,No
CUST03432,69.0,Male,10,95.07,11357.88,Two year,DSL,Bank transfer,No,3,No,No,Yes
CUST03433,57.0,Female,3,42.29,1616.48,Month-to-month,DSL,Electronic check,No,2,Yes,No,No
CUST03434,41.0,Male,4,119.41,5714.09,One year,DSL,Mailed check,No,0,No,Yes,No
CUST03435,54.0,Female,4,36.8,1823.11,One year,DSL,Credit card,Yes,1,No,Yes,No
CUST03436,38.0,Male,7,98.87,8474.28,Two year,DSL,Credit card,No,2,Yes,No,Yes
CUST03437,30.0,Female,3,90.5,3399.44,One year,Fiber optic,Bank transfer,No,3,Yes,Yes,No
CUST03438,48.0,Male,3,52.22,1923.33,Month-to-month,DSL,Mailed check,No,0,No,No,Yes
CUST03439,65.0,Female,6,53.08,3965.92,One year,Fiber optic,Credit card,No,2,Yes,Yes,No
CUST03440,65.0,Male,10,76.35,9358.65,Month-to-month,Fiber optic,Credit card,No,1,No,Yes,No
CUST03441,35.0,Female,4,105.22,4926.21,Two year,No,Electronic check,Yes,2,Yes,Yes,No
CUST03442,45.0,Female,5,58.62,3585.86,Month-to-month,Fiber optic,Electronic check,No,2,No,Yes,Yes
CUST03443,29.0,Male,5,26.14,1593.97,Month-to-month,No,Electronic check,No,4,No,No,No
CUST03444,69.0,Female,5,57.45,3343.5,Month-to-month,DSL,Credit card,No,2,Yes,No,No
CUST03445,68.0,Female,9,40.74,4342.81,Month-to-month,Fiber optic,Credit card,No,2,Yes,Yes,No
CUST03446,51.0,Male,4,113.9,5338.02,One year,DSL,Electronic check,Yes,1,No,No,No
CUST03447,59.0,Male,4,89.72,4215.88,One year,Fiber optic,Electronic check,No,1,Yes,Yes,Yes
CUST03448,54.0,Female,8,25.1,2463.09,Month-to-month,DSL,Mailed check,No,0,No,Yes,Yes
CUST03449,48.0,Male,7,49.31,4217.94,Month-to-month,DSL,Credit card,No,1,Yes,No,No
CUST03450,21.0,Male,3,25.04,947.66,Two year,DSL,Credit card,No,0,Yes,No,No
CUST03451,41.0,Male,6,102.99,7670.39,Month-to-month,No,Bank transfer,No,6,No,Yes,No
CUST03452,52.0,Male,7,,9301.04,One year,DSL,Electronic check,No,2,Yes,Yes,Yes
CUST03453,53.0,Male,8,31.24,3062.25,One year,Fiber optic,Electronic check,Yes,1,No,No,No
CUST03454,37.0,Male,4,64.03,3148.55,Month-to-month,No,Electronic check,No,0,No,No,No
CUST03455,66.0,Female,2,113.17,2692.2,Month-to-month,DSL,Credit card,No,1,No,No,No
CUST03456,27.0,Female,3,34.54,1179.84,Two year,No,Mailed check,No,1,Yes,Yes,No
CUST03457,44.0,Male,9,49.2,5292.87,Month-to-month,DSL,Credit card,No,1,Yes,Yes,No
CUST03458,53.0,Female,5,50.44,2937.32,Month-to-month,No,Bank transfer,No,2,No,Yes,Yes
CUST03459,54.0,Female,9,23.02,2457.26,One year,No,Bank transfer,No,4,No,Yes,Yes
CUST03460,51.0,Female,10,23.65,2806.79,Month-to-month,No,Mailed check,No,2,No,Yes,Yes
CUST03461,32.0,Male,4,115.26,5713.06,Month-to-month,Fiber optic,Electronic check,No,2,No,No,No
CUST03462,26.0,Male,8,77.11,7405.82,Two year,No,Bank transfer,No,3,No,Yes,No
CUST03463,50.0,Female,10,50.67,6169.83,Two year,DSL,Credit card,No,0,No,Yes,No
CUST03464,49.0,Female,10,57.87,7075.73,One year,Fiber optic,Bank transfer,No,1,No,Yes,No
CUST03465,27.0,Female,2,91.48,2256.71,Month-to-month,DSL,Bank transfer,Yes,2,No,Yes,No
CUST03466,54.0,Female,1,56.66,648.34,Month-to-month,DSL,Mailed check,No,3,Yes,No,No
CUST03467,41.0,Male,5,,2658.81,One year,Fiber optic,Mailed check,No,2,No,Yes,No
CUST03468,52.0,Female,6,30.2,2186.61,Month-to-month,DSL,Credit card,No,1,Yes,Yes,No
CUST03469,61.0,Male,4,92.88,4657.36,Month-to-month,No,Electronic check,No,4,No,No,No
CUST03470,27.0,Male,0,38.07,174.83,Two year,Fiber optic,Mailed check,No,1,Yes,Yes,Yes
CUST03471,19.0,Female,2,26.98,658.21,Month-to-month,No,Mailed check,No,3,Yes,No,No
CUST03472,58.0,Male,2,62.7,1396.32,Month-to-month,No,Electronic check,No,4,No,Yes,No
CUST03473,49.0,Male,3,23.98,891.65,Month-to-month,Fiber optic,Bank transfer,No,1,Yes,Yes,No
CUST03474,54.0,Female,9,116.48,12640.7,Two year,DSL,Credit card,Yes,3,No,No,No
CUST03475,61.0,Male,5,82.72,4991.25,Month-to-month,Fiber optic,Credit card,No,3,No,Yes,Yes
CUST03476,59.0,Female,4,35.28,1723.06,Month-to-month,DSL,Bank transfer,No,4,Yes,No,No
CUST03477,,Female,0,37.26,195.7,Month-to-month,DSL,Electronic check,No,1,Yes,No,No
CUST03478,45.0,Female,5,76.98,4476.53,Two year,DSL,Electronic check,No,5,Yes,Yes,No
CUST03479,43.0,Male,8,55.66,5445.92,One year,Fiber optic,Mailed check,Yes,0,No,Yes,No
CUST03480,38.0,Male,10,97.42,11622.3,Month-to-month,DSL,Electronic check,No,3,No,No,No
CUST03481,26.0,Male,0,74.58,666.26,Two year,Fiber optic,Credit card,No,2,Yes,No,No
CUST03482,47.0,Male,7,63.34,5313.01,Month-to-month,Fiber optic,Credit card,No,1,No,Yes,No
CUST03483,32.0,Male,7,116.28,9760.51,Month-to-month,DSL,Credit card,No,0,No,Yes,Yes
CUST03484,65.0,Female,2,59.08,1480.88,One year,Fiber optic,Electronic check,Yes,1,Yes,No,No
CUST03485,48.0,Male,8,60.07,5826.34,One year,Fiber optic,Bank transfer,No,1,Yes,Yes,No
CUST03486,48.0,Female,10,86.57,10222.53,Month-to-month,No,Credit card,Yes,1,Yes,No,No
CUST03487,36.0,Male,10,100.94,11974.37,Two year,DSL,Credit card,Yes,1,Yes,Yes,No
CUST03488,21.0,Female,7,82.62,6806.69,One year,Fiber optic,Bank transfer,No,1,Yes,No,Yes
CUST03489,20.0,Female,2,89.85,1915.71,Two year,Fiber optic,Mailed check,No,2,No,No,No
CUST03490,40.0,Male,9,57.3,6024.02,Two year,No,Electronic check,No,2,No,No,No
CUST03491,22.0,Male,4,67.95,3320.74,Two year,Fiber optic,Credit card,No,4,Yes,Yes,No
CUST03492,49.0,Female,2,39.72,952.84,One year,Fiber optic,Electronic check,No,2,No,No,No
CUST03493,63.0,Female,4,88.02,4433.22,Month-to-month,DSL,Credit card,No,0,No,No,No
CUST03494,63.0,Female,8,42.16,3996.62,Two year,DSL,Credit card,Yes,2,Yes,No,Yes
CUST03495,52.0,Male,3,20.15,760.0,Two year,DSL,Mailed check,No,3,Yes,No,No
CUST03496,29.0,Male,5,113.36,6531.62,Two year,Fiber optic,Bank transfer,No,0,Yes,Yes,No
CUST03497,62.0,Female,2,50.61,1310.71,Month-to-month,Fiber optic,Bank transfer,Yes,2,No,Yes,No
CUST03498,63.0,Female,2,39.68,1052.47,One year,DSL,Bank transfer,No,2,Yes,Yes,No
CUST03499,28.0,Male,4,46.82,2283.32,Two year,Fiber optic,Mailed check,No,5,Yes,No,No
CUST03500,56.0,Female,7,53.05,4531.44,Two year,DSL,Mailed check,No,2,Yes,Yes,No
CUST03501,33.0,Male,7,67.46,5863.7,Month-to-month,Fiber optic,Bank transfer,No,3,No,No,Yes
CUST03502,59.0,Male,2,26.95,627.16,One year,No,Electronic check,No,1,No,No,No
CUST03503,69.0,Male,7,25.29,2052.56,One year,No,Electronic check,No,3,No,Yes,Yes
CUST03504,20.0,Male,10,49.3,5969.94,Month-to-month,DSL,Mailed check,No,1,Yes,Yes,No
CUST03505,64.0,Female,7,49.58,4020.33,Two year,Fiber optic,Electronic check,No,2,Yes,No,No
CUST03506,50.0,Male,2,31.78,775.74,Month-to-month,No,Bank transfer,No,2,Yes,Yes,No
CUST03507,68.0,Male,9,60.48,6567.54,One year,Fiber optic,Credit card,No,4,Yes,Yes,No
CUST03508,42.0,Female,9,48.41,5252.99,Two year,DSL,Electronic check,No,0,Yes,Yes,Yes
CUST03509,61.0,Female,1,22.62,226.14,Month-to-month,Fiber optic,Bank transfer,Yes,1,Yes,No,No
CUST03510,21.0,Female,9,108.56,11448.39,Two year,Fiber optic,Bank transfer,No,3,Yes,Yes,No
CUST03511,35.0,Female,1,108.59,1568.69,Two year,DSL,Bank transfer,No,2,Yes,Yes,No
CUST03512,21.0,Male,8,40.93,3939.48,Two year,DSL,Electronic check,No,1,Yes,Yes,No
CUST03513,68.0,Female,6,36.3,,One year,Fiber optic,Credit card,No,1,No,No,No
CUST03514,60.0,Female,5,74.73,4605.48,Month-to-month,No,Electronic check,No,1,Yes,No,No
CUST03515,61.0,Female,6,83.07,6191.21,One year,No,Bank transfer,Yes,2,No,No,No
CUST03516,66.0,Male,7,115.74,9655.31,Month-to-month,DSL,Bank transfer,No,3,Yes,Yes,No
CUST03517,22.0,Male,0,57.74,207.28,Month-to-month,Fiber optic,Bank transfer,No,0,Yes,Yes,No
CUST03518,38.0,Female,7,81.82,6967.04,Month-to-month,DSL,Mailed check,No,4,No,Yes,Yes
CUST03519,22.0,Male,2,107.8,2850.87,One year,No,Electronic check,Yes,2,No,Yes,Yes
CUST03520,29.0,Female,2,65.0,1747.29,One year,DSL,Credit card,No,1,Yes,Yes,Yes
CUST03521,30.0,Female,5,32.25,1995.65,Two year,DSL,Electronic check,No,2,Yes,Yes,No
CUST03522,42.0,Female,3,57.75,1998.67,Two year,DSL,Bank transfer,No,3,Yes,No,No
CUST03523,32.0,Female,3,33.67,1183.52,One year,Fiber optic,Bank transfer,No,0,Yes,No,No
CUST03524,23.0,Female,3,21.68,733.34,Two year,DSL,Mailed check,No,3,Yes,Yes,No
CUST03525,27.0,Male,9,95.15,10397.14,Month-to-month,Fiber optic,Bank transfer,No,3,Yes,Yes,No
CUST03526,26.0,Female,8,43.85,4122.85,Two year,Fiber optic,Electronic check,No,1,No,Yes,No
CUST03527,68.0,Female,7,20.22,1690.28,Month-to-month,Fiber optic,Electronic check,No,1,No,Yes,No
CUST03528,57.0,Male,2,107.23,2593.91,One year,DSL,Electronic check,No,1,No,No,No
CUST03529,67.0,Male,0,64.38,340.91,Month-to-month,DSL,Bank transfer,No,3,No,No,No
CUST03530,40.0,Male,0,43.9,171.12,One year,DSL,Mailed check,No,1,Yes,Yes,No
CUST03531,32.0,Female,0,46.29,219.36,Month-to-month,Fiber optic,Electronic check,No,3,Yes,Yes,No
CUST03532,59.0,Male,3,44.06,1621.41,Month-to-month,Fiber optic,Credit card,Yes,2,Yes,No,No
CUST03533,35.0,Female,5,39.47,2421.78,Month-to-month,DSL,Credit card,No,3,Yes,No,No
CUST03534,33.0,Male,3,104.11,3819.53,One year,Fiber optic,Credit card,No,2,Yes,Yes,Yes
CUST03535,30.0,Male,10,37.05,4549.09,Month-to-month,DSL,Electronic check,No,1,No,No,No
CUST03536,25.0,Female,10,76.18,9193.9,Month-to-month,Fiber optic,Mailed check,No,4,Yes,No,Yes
CUST03537,31.0,Male,2,27.75,620.25,Month-to-month,No,Bank transfer,No,3,Yes,Yes,Yes
CUST03538,36.0,Female,7,114.93,9648.3,Month-to-month,DSL,Mailed check,No,2,No,Yes,No
CUST03539,52.0,Female,7,80.33,,Two year,Fiber optic,Bank transfer,Yes,2,Yes,Yes,Yes
CUST03540,21.0,Female,5,110.3,,One year,Fiber optic,Bank transfer,No,2,No,No,No
CUST03541,29.0,Male,8,59.79,5825.05,Two year,Fiber optic,Bank transfer,No,1,No,No,No
CUST03542,59.0,Female,9,101.05,11086.84,One year,Fiber optic,Bank transfer,No,2,Yes,Yes,Yes
CUST03543,25.0,Female,0,105.35,906.42,Two year,Fiber optic,Electronic check,No,1,No,Yes,No
CUST03544,35.0,Female,7,90.29,7530.56,One year,DSL,Credit card,No,9,Yes,Yes,No
CUST03545,62.0,Male,5,29.31,1716.35,One year,Fiber optic,Electronic check,Yes,2,Yes,Yes,Yes
CUST03546,26.0,Female,0,21.63,130.8,One year,Fiber optic,Mailed check,No,0,Yes,No,Yes
CUST03547,22.0,Female,3,36.87,1436.5,Month-to-month,No,Bank transfer,Yes,2,No,Yes,Yes
CUST03548,43.0,Female,4,31.82,1604.38,One year,Fiber optic,Electronic check,No,0,Yes,Yes,No
CUST03549,33.0,Male,6,92.5,6540.43,Two year,DSL,Electronic check,No,1,Yes,Yes,No
CUST03550,47.0,Male,7,75.7,6220.92,Two year,Fiber optic,Electronic check,Yes,2,No,No,No
CUST03551,59.0,Male,8,72.59,6958.99,One year,Fiber optic,Bank transfer,No,2,No,No,No
CUST03552,25.0,Male,5,45.3,2626.96,Two year,Fiber optic,Bank transfer,Yes,6,No,No,Yes
CUST03553,48.0,Male,9,35.47,3886.17,Two year,No,Bank transfer,Yes,7,Yes,No,Yes
CUST03554,44.0,Male,8,40.67,3790.92,One year,No,Electronic check,No,0,No,Yes,No
CUST03555,25.0,Female,3,60.03,2061.99,Two year,DSL,Electronic check,No,2,Yes,Yes,No
CUST03556,50.0,Male,7,94.0,7624.66,Month-to-month,DSL,Mailed check,Yes,3,Yes,No,No
CUST03557,32.0,Female,2,45.46,1016.54,Month-to-month,Fiber optic,Credit card,No,1,Yes,No,No
CUST03558,43.0,Male,3,89.85,2993.36,Month-to-month,Fiber optic,Credit card,No,3,Yes,No,Yes
CUST03559,22.0,Male,9,69.15,7540.37,Two year,Fiber optic,Bank transfer,No,4,Yes,Yes,No
CUST03560,41.0,Male,3,108.53,3952.79,Month-to-month,Fiber optic,Credit card,No,3,No,Yes,Yes
CUST03561,34.0,Male,5,43.3,2523.8,Month-to-month,Fiber optic,Bank transfer,No,1,Yes,Yes,No
CUST03562,60.0,Female,8,65.09,6133.24,Month-to-month,DSL,Bank transfer,No,4,No,No,Yes
CUST03563,21.0,Female,5,29.68,1743.77,Month-to-month,Fiber optic,Electronic check,No,4,Yes,Yes,No
CUST03564,39.0,Male,0,53.52,416.9,One year,DSL,Credit card,No,3,Yes,No,No
CUST03565,41.0,Male,4,70.69,3244.78,Month-to-month,Fiber optic,Mailed check,No,1,No,Yes,Yes
CUST03566,55.0,Male,8,93.26,8741.72,One year,No,Bank transfer,No,3,Yes,Yes,No
CUST03567,47.0,Female,4,39.82,1913.27,Month-to-month,DSL,Bank transfer,No,1,No,Yes,Yes
CUST03568,52.0,Female,5,41.82,2600.8,Month-to-month,DSL,Mailed check,No,1,Yes,Yes,No
CUST03569,58.0,Female,2,83.15,1858.02,Two year,DSL,Credit card,No,2,Yes,No,No
CUST03570,62.0,Female,7,58.25,4755.43,Two year,DSL,Mailed check,No,9,No,Yes,No
CUST03571,34.0,Female,9,68.21,7363.3,One year,DSL,Credit card,No,3,Yes,Yes,No
CUST03572,45.0,Male,10,103.6,12576.31,Month-to-month,Fiber optic,Credit card,No,3,Yes,No,No
CUST03573,61.0,Male,3,69.91,2566.33,Two year,Fiber optic,Credit card,No,2,No,Yes,No
CUST03574,68.0,Female,3,85.24,3026.92,One year,DSL,Credit card,Yes,1,No,No,Yes
CUST03575,63.0,Female,10,85.67,10044.3,Two year,Fiber optic,Credit card,No,4,No,Yes,Yes
CUST03576,37.0,Female,4,100.35,4696.69,Month-to-month,No,Credit card,No,2,No,No,Yes
CUST03577,28.0,Female,9,83.81,9262.13,Month-to-month,DSL,Bank transfer,No,3,No,No,Yes
CUST03578,43.0,Male,8,26.5,2499.78,One year,No,Electronic check,No,2,Yes,No,No
CUST03579,56.0,Female,7,54.22,4591.86,One year,DSL,Bank transfer,Yes,3,No,Yes,No
CUST03580,43.0,Female,6,118.91,8852.37,One year,DSL,Bank transfer,Yes,4,No,No,Yes
CUST03581,43.0,Male,4,39.66,1901.0,Month-to-month,Fiber optic,Mailed check,No,1,Yes,Yes,No
CUST03582,61.0,Female,8,78.67,7526.91,Two year,DSL,Electronic check,No,0,No,Yes,No
CUST03583,36.0,Female,8,,9786.33,Month-to-month,DSL,Electronic check,No,1,No,Yes,No
CUST03584,62.0,Male,9,78.65,8721.27,One year,DSL,Electronic check,No,4,No,Yes,No
CUST03585,39.0,Male,9,57.23,6070.04,Month-to-month,No,Credit card,No,3,No,No,No
CUST03586,35.0,Male,1,28.04,333.36,One year,DSL,Credit card,Yes,3,Yes,No,No
CUST03587,41.0,Female,3,56.17,1911.42,Month-to-month,Fiber optic,Credit card,No,1,No,No,No
CUST03588,57.0,Male,7,38.22,3175.67,One year,Fiber optic,Bank transfer,No,3,Yes,Yes,No
CUST03589,24.0,Female,0,116.07,963.83,Month-to-month,DSL,Electronic check,Yes,2,No,Yes,Yes
CUST03590,28.0,Female,4,91.49,4470.42,One year,DSL,Electronic check,Yes,1,Yes,Yes,No
CUST03591,67.0,Male,7,94.93,7694.8,Month-to-month,DSL,Bank transfer,Yes,6,Yes,No,No
CUST03592,27.0,Female,1,63.6,941.31,Two year,DSL,Credit card,No,1,No,Yes,Yes
CUST03593,47.0,Female,1,31.01,424.97,Two year,DSL,Mailed check,Yes,1,Yes,No,No
CUST03594,48.0,Male,7,46.68,4060.56,Two year,DSL,Electronic check,No,1,Yes,No,No
CUST03595,43.0,Male,9,45.98,5038.44,Two year,DSL,Bank transfer,No,0,No,Yes,No
CUST03596,51.0,Female,8,68.68,6702.27,Month-to-month,DSL,Credit card,No,2,Yes,Yes,No
CUST03597,30.0,Female,6,66.1,4838.24,Two year,Fiber optic,Bank transfer,Yes,1,No,Yes,No
CUST03598,46.0,Male,7,63.34,5291.68,Month-to-month,DSL,Mailed check,No,3,Yes,No,No
CUST03599,37.0,Male,4,69.6,3263.42,Month-to-month,No,Mailed check,No,1,No,No,No
CUST03600,52.0,Male,0,118.68,730.03,Month-to-month,DSL,Credit card,No,2,Yes,No,Yes
CUST03601,25.0,Female,3,49.84,1698.14,Two year,Fiber optic,Bank transfer,No,2,Yes,No,No
CUST03602,47.0,Male,1,81.52,1087.07,One year,No,Credit card,No,3,Yes,Yes,No
CUST03603,27.0,Female,2,43.96,1186.25,One year,DSL,Bank transfer,No,1,No,Yes,No
CUST03604,32.0,Female,2,66.66,1640.26,Two year,Fiber optic,Bank transfer,Yes,6,No,No,Yes
CUST03605,29.0,Male,8,40.02,3927.21,One year,Fiber optic,Mailed check,No,2,Yes,Yes,No
CUST03606,27.0,Female,9,75.82,8039.17,One year,No,Bank transfer,No,0,Yes,No,Yes
CUST03607,60.0,Male,3,46.51,1765.1,Month-to-month,Fiber optic,Bank transfer,No,2,No,No,Yes
CUST03608,33.0,Female,1,23.7,342.3,Two year,DSL,Mailed check,No,2,No,No,No
CUST03609,65.0,Male,2,101.51,2642.75,Two year,Fiber optic,Electronic check,No,3,No,Yes,Yes
CUST03610,67.0,Female,2,32.84,813.24,Two year,Fiber optic,Electronic check,No,1,Yes,No,No
CUST03611,47.0,Female,6,56.81,4235.59,Month-to-month,DSL,Electronic check,No,1,No,Yes,No
CUST03612,25.0,Male,7,,5875.87,Month-to-month,Fiber optic,Electronic check,No,0,No,No,Yes
CUST03613,37.0,Male,10,63.25,7709.77,Month-to-month,Fiber optic,Bank transfer,No,1,No,Yes,Yes
CUST03614,59.0,Male,5,92.56,5579.62,Month-to-month,DSL,Electronic check,No,3,Yes,No,No
CUST03615,37.0,Male,3,79.67,3028.54,Month-to-month,No,Electronic check,Yes,2,Yes,No,Yes
CUST03616,22.0,Female,5,49.55,2934.65,One year,DSL,Bank transfer,Yes,0,No,Yes,Yes
CUST03617,46.0,Female,10,25.19,2999.4,Two year,Fiber optic,Electronic check,No,0,No,No,No
CUST03618,61.0,Male,0,96.75,492.2,Two year,DSL,Electronic check,No,1,Yes,No,Yes
CUST03619,59.0,Female,9,55.26,5868.21,Month-to-month,No,Credit card,No,3,No,Yes,Yes
CUST03620,27.0,Female,7,108.96,9232.75,Month-to-month,Fiber optic,Electronic check,No,3,No,Yes,No
CUST03621,52.0,Female,0,59.51,414.72,Month-to-month,Fiber optic,Credit card,No,0,Yes,No,No
CUST03622,29.0,Male,4,91.76,4602.34,Month-to-month,No,Electronic check,No,1,No,Yes,No
CUST03623,29.0,Male,1,113.94,1500.24,Month-to-month,DSL,Bank transfer,No,2,No,No,No
CUST03624,63.0,Male,5,85.11,5249.5,Month-to-month,DSL,Electronic check,No,4,Yes,Yes,No
CUST03625,31.0,Female,8,61.35,5959.34,Two year,Fiber optic,Mailed check,Yes,2,No,Yes,No
CUST03626,31.0,Male,4,76.74,3774.11,Month-to-month,Fiber optic,Bank transfer,No,1,No,Yes,No
CUST03627,18.0,Male,3,74.34,2605.22,One year,Fiber optic,Electronic check,No,1,No,No,Yes
CUST03628,62.0,Male,1,78.48,1161.12,Two year,Fiber optic,Electronic check,No,2,No,Yes,Yes
CUST03629,58.0,Female,2,34.7,861.6,Two year,Fiber optic,Bank transfer,No,3,Yes,No,No
CUST03630,50.0,Male,5,89.84,5437.55,One year,DSL,Mailed check,No,0,Yes,Yes,Yes
CUST03631,56.0,Male,7,34.52,2971.47,Two year,No,Bank transfer,No,1,Yes,Yes,No
CUST03632,26.0,Male,7,21.48,1794.23,One year,Fiber optic,Mailed check,No,2,Yes,Yes,Yes
CUST03633,41.0,Male,4,82.47,3758.92,Two year,No,Bank transfer,No,1,No,Yes,No
CUST03634,36.0,Female,4,31.71,1472.48,Month-to-month,No,Bank transfer,No,2,No,Yes,No
CUST03635,23.0,Male,9,97.03,10658.64,Month-to-month,DSL,Credit card,Yes,1,No,No,No
CUST03636,43.0,Male,2,106.58,2706.21,Two year,Fiber optic,Credit card,No,3,Yes,Yes,No
CUST03637,65.0,Female,6,114.46,7977.93,Month-to-month,DSL,Bank transfer,Yes,0,No,No,No
CUST03638,20.0,Male,5,86.44,4963.27,One year,No,Credit card,No,4,Yes,Yes,Yes
CUST03639,33.0,Male,0,68.2,459.1,Two year,Fiber optic,Electronic check,Yes,1,No,Yes,No
CUST03640,29.0,Female,3,55.23,2133.79,Month-to-month,DSL,Electronic check,No,1,No,No,Yes
CUST03641,30.0,Male,5,69.09,4010.81,One year,No,Electronic check,No,3,Yes,Yes,No
CUST03642,64.0,Male,10,39.05,4697.2,Two year,Fiber optic,Credit card,No,4,No,Yes,No
CUST03643,42.0,Male,5,54.85,3393.57,Two year,No,Credit card,No,0,Yes,Yes,No
CUST03644,42.0,Male,10,91.78,11029.92,Two year,DSL,Electronic check,No,4,Yes,Yes,No
CUST03645,57.0,Female,2,41.75,964.79,Two year,No,Bank transfer,No,1,No,No,Yes
CUST03646,26.0,Female,5,46.42,2865.89,Two year,Fiber optic,Electronic check,No,2,Yes,Yes,Yes
CUST03647,43.0,Female,9,94.92,10406.14,Two year,Fiber optic,Credit card,No,0,Yes,No,Yes
CUST03648,40.0,Male,5,37.8,2342.74,Month-to-month,No,Mailed check,No,1,No,Yes,No
CUST03649,48.0,Male,8,44.6,4400.6,Month-to-month,Fiber optic,Electronic check,Yes,2,No,Yes,No
CUST03650,69.0,Female,8,21.77,2044.67,Month-to-month,Fiber optic,Electronic check,Yes,2,No,No,No
CUST03651,57.0,Female,1,92.0,1016.07,Month-to-month,DSL,Credit card,No,2,No,No,Yes
CUST03652,38.0,Male,3,81.79,3182.76,Month-to-month,No,Credit card,No,2,Yes,Yes,No
CUST03653,60.0,Male,8,89.43,8636.08,Two year,Fiber optic,Credit card,No,5,No,Yes,No
CUST03654,27.0,Male,3,41.44,1534.3,One year,No,Credit card,No,1,No,Yes,No
CUST03655,20.0,Male,7,88.73,7657.82,Two year,DSL,Electronic check,No,1,Yes,No,No
CUST03656,28.0,Male,9,79.63,8691.73,One year,DSL,Credit card,Yes,3,Yes,No,Yes
CUST03657,35.0,Male,2,56.62,1421.07,Month-to-month,DSL,Mailed check,No,0,No,No,No
CUST03658,44.0,Female,2,63.79,1379.48,Month-to-month,Fiber optic,Bank transfer,No,2,No,No,No
CUST03659,49.0,Female,8,76.79,7374.93,Two year,DSL,Credit card,No,2,No,Yes,No
CUST03660,64.0,Male,10,69.33,8391.58,Month-to-month,DSL,Credit card,No,1,Yes,Yes,Yes
CUST03661,44.0,Male,9,84.18,9246.33,One year,Fiber optic,Electronic check,Yes,5,Yes,No,No
CUST03662,44.0,Female,7,38.11,3181.46,Month-to-month,DSL,Bank transfer,No,1,No,Yes,No
CUST03663,21.0,Male,0,74.07,277.11,Month-to-month,No,Bank transfer,Yes,1,No,Yes,No
CUST03664,20.0,Female,9,65.03,6970.88,Month-to-month,Fiber optic,Bank transfer,No,1,No,Yes,Yes
CUST03665,46.0,Male,1,66.1,765.37,One year,No,Credit card,No,0,No,Yes,No
CUST03666,40.0,Female,2,66.94,1707.36,Two year,DSL,Electronic check,No,1,No,No,No
CUST03667,61.0,Male,10,108.13,12664.27,One year,DSL,Electronic check,No,3,Yes,Yes,No
CUST03668,26.0,Male,1,101.85,1152.41,One year,DSL,Credit card,No,3,No,Yes,No
CUST03669,19.0,Male,2,82.95,1964.9,Two year,Fiber optic,Bank transfer,Yes,3,Yes,No,Yes
CUST03670,41.0,Male,7,91.64,7725.32,Two year,DSL,Bank transfer,No,1,No,Yes,Yes
CUST03671,30.0,Male,10,24.3,2984.35,Two year,DSL,Electronic check,No,0,No,Yes,No
CUST03672,21.0,Female,10,94.39,11462.99,Month-to-month,No,Mailed check,No,6,Yes,No,Yes
CUST03673,55.0,Male,5,68.62,4002.74,Two year,DSL,Credit card,No,0,No,No,Yes
CUST03674,24.0,Male,6,51.78,3769.84,One year,Fiber optic,Mailed check,No,6,No,No,No
CUST03675,49.0,Female,9,33.99,3639.76,Month-to-month,Fiber optic,Mailed check,No,3,No,Yes,No
CUST03676,32.0,Female,9,27.54,3025.54,Month-to-month,DSL,Bank transfer,No,4,No,No,Yes
CUST03677,27.0,Female,5,24.51,1422.04,Month-to-month,Fiber optic,Mailed check,No,1,No,Yes,Yes
CUST03678,37.0,Female,0,36.19,139.96,Month-to-month,Fiber optic,Credit card,No,1,Yes,Yes,No
CUST03679,59.0,Male,10,23.03,2708.89,Two year,DSL,Electronic check,No,2,Yes,Yes,No
CUST03680,38.0,Female,2,93.25,2262.8,Two year,DSL,Credit card,Yes,3,Yes,Yes,Yes
CUST03681,56.0,Female,0,44.87,167.8,Two year,No,Credit card,No,0,Yes,Yes,Yes
CUST03682,24.0,Female,9,56.88,5986.58,One year,DSL,Credit card,No,3,Yes,Yes,Yes
CUST03683,57.0,Male,8,102.26,9714.04,Two year,Fiber optic,Credit card,No,1,Yes,No,Yes
CUST03684,30.0,Male,8,31.48,3078.51,Month-to-month,Fiber optic,Mailed check,No,2,No,No,No
CUST03685,53.0,Male,4,103.55,4756.53,One year,DSL,Bank transfer,Yes,4,Yes,Yes,No
CUST03686,47.0,Female,3,83.95,2950.56,Two year,No,Electronic check,No,1,No,No,No
CUST03687,65.0,Female,8,54.21,5183.19,Two year,DSL,Bank transfer,No,1,Yes,Yes,Yes
CUST03688,38.0,Female,8,31.8,3124.14,One year,DSL,Mailed check,Yes,0,No,Yes,Yes
CUST03689,21.0,Male,2,29.17,695.84,One year,Fiber optic,Bank transfer,Yes,0,No,No,Yes
CUST03690,,Female,4,53.56,2574.63,Month-to-month,DSL,Bank transfer,Yes,0,No,Yes,No
CUST03691,60.0,Female,2,34.05,767.04,Two year,Fiber optic,Mailed check,Yes,1,Yes,Yes,Yes
CUST03692,45.0,Male,9,46.78,5099.58,Two year,No,Bank transfer,No,1,Yes,Yes,No
CUST03693,58.0,Female,1,25.31,231.72,One year,DSL,Electronic check,Yes,3,Yes,No,Yes
CUST03694,30.0,Male,0,79.5,698.51,Month-to-month,DSL,Mailed check,Yes,4,No,Yes,No
CUST03695,36.0,Female,9,34.54,3730.12,Month-to-month,DSL,Electronic check,No,2,Yes,Yes,Yes
CUST03696,20.0,Female,1,95.66,896.45,One year,No,Bank transfer,No,0,No,Yes,No
CUST03697,,Female,7,41.83,3528.47,One year,DSL,Credit card,No,1,Yes,Yes,No
CUST03698,52.0,Female,10,99.79,11982.66,Month-to-month,DSL,Credit card,No,3,Yes,No,No
CUST03699,66.0,Female,7,39.0,3215.37,Two year,Fiber optic,Mailed check,No,3,No,No,Yes
CUST03700,32.0,Male,2,92.13,2050.11,Month-to-month,Fiber optic,Credit card,Yes,6,No,No,No
CUST03701,49.0,Male,6,53.31,3765.29,Month-to-month,DSL,Credit card,No,0,No,No,Yes
CUST03702,53.0,Female,6,78.31,5464.25,Two year,No,Credit card,No,3,Yes,Yes,No
CUST03703,34.0,Male,1,23.88,291.12,One year,DSL,Mailed check,No,2,Yes,No,Yes
CUST03704,61.0,Male,8,69.52,6832.44,Two year,Fiber optic,Electronic check,No,4,No,Yes,No
CUST03705,66.0,Female,2,34.88,925.75,Month-to-month,DSL,Credit card,No,2,No,No,No
CUST03706,63.0,Female,1,68.63,1010.13,Month-to-month,No,Mailed check,No,2,No,No,No
CUST03707,56.0,Male,2,34.15,840.17,Month-to-month,DSL,Electronic check,No,3,No,Yes,Yes
CUST03708,32.0,Male,1,63.71,811.0,Month-to-month,DSL,Mailed check,Yes,3,Yes,Yes,Yes
CUST03709,32.0,Male,7,31.08,2575.19,Two year,DSL,Credit card,Yes,1,Yes,Yes,No
CUST03710,67.0,Male,4,42.01,2113.43,Month-to-month,No,Credit card,No,0,No,Yes,No
CUST03711,19.0,Male,2,79.5,1902.44,Two year,DSL,Bank transfer,No,2,No,Yes,No
CUST03712,55.0,Female,4,117.65,,Two year,DSL,Bank transfer,No,1,Yes,Yes,No
CUST03713,54.0,Male,10,64.92,7971.85,One year,Fiber optic,Bank transfer,No,2,No,No,No
CUST03714,50.0,Male,10,88.71,10754.5,Two year,DSL,Electronic check,No,8,Yes,Yes,No
CUST03715,68.0,Male,7,73.94,6195.35,Month-to-month,Fiber optic,Mailed check,No,2,Yes,Yes,No
CUST03716,34.0,Female,6,,4847.43,Month-to-month,Fiber optic,Electronic check,No,3,No,Yes,Yes
CUST03717,35.0,Male,5,26.49,1532.08,Two year,DSL,Bank transfer,No,3,No,Yes,Yes
CUST03718,22.0,Male,0,34.44,143.94,Month-to-month,Fiber optic,Bank transfer,No,3,Yes,Yes,No
CUST03719,41.0,Male,9,108.29,11957.11,Two year,DSL,Credit card,No,5,Yes,Yes,No
CUST03720,31.0,Female,0,61.02,538.78,Two year,Fiber optic,Electronic check,No,3,No,No,No
CUST03721,36.0,Female,0,81.43,374.72,Two year,Fiber optic,Credit card,No,2,No,Yes,No
CUST03722,61.0,Male,9,72.82,7864.06,Two year,Fiber optic,Credit card,No,1,No,No,Yes
CUST03723,66.0,Male,7,57.89,4964.41,One year,DSL,Mailed check,No,1,No,Yes,Yes
CUST03724,27.0,Male,7,58.79,4897.35,One year,DSL,Bank transfer,No,1,No,No,No
CUST03725,37.0,Female,6,75.54,5435.73,Month-to-month,No,Credit card,No,1,Yes,Yes,No
CUST03726,65.0,Female,5,34.13,2127.09,Two year,No,Credit card,Yes,3,Yes,Yes,No
CUST03727,21.0,Male,3,58.73,2011.23,Month-to-month,DSL,Bank transfer,No,2,Yes,Yes,No
CUST03728,23.0,Male,0,64.7,579.91,Two year,DSL,Bank transfer,No,1,No,Yes,No
CUST03729,26.0,Male,8,118.49,11344.28,Two year,No,Mailed check,No,6,No,Yes,No
CUST03730,48.0,Male,0,55.15,250.93,Month-to-month,Fiber optic,Mailed check,Yes,2,Yes,Yes,No
CUST03731,26.0,Female,3,84.45,3239.16,Month-to-month,Fiber optic,Credit card,No,2,No,Yes,No
CUST03732,67.0,Male,2,33.76,724.37,One year,Fiber optic,Credit card,No,3,Yes,No,No
CUST03733,41.0,Male,6,26.57,1935.4,Two year,DSL,Credit card,Yes,2,Yes,No,No
CUST03734,44.0,Male,4,107.14,4860.93,Two year,Fiber optic,Electronic check,No,1,No,Yes,No
CUST03735,31.0,Female,4,93.06,4716.23,One year,No,Mailed check,Yes,3,No,Yes,Yes
CUST03736,,Female,3,51.76,1906.65,Two year,DSL,Credit card,No,0,Yes,Yes,No
CUST03737,52.0,Male,0,70.46,379.61,Month-to-month,Fiber optic,Bank transfer,No,2,No,Yes,No
CUST03738,56.0,Male,4,33.59,1597.04,One year,Fiber optic,Mailed check,Yes,1,Yes,No,No
CUST03739,56.0,Male,3,90.71,3083.23,One year,No,Mailed check,No,2,Yes,Yes,Yes
CUST03740,47.0,Male,9,27.05,2898.71,Month-to-month,DSL,Credit card,No,1,Yes,Yes,No
CUST03741,64.0,Male,7,95.69,8270.06,Month-to-month,No,Electronic check,No,3,Yes,Yes,No
CUST03742,60.0,Female,1,74.68,1033.02,Two year,DSL,Credit card,No,1,No,Yes,Yes
CUST03743,57.0,Female,7,47.89,4069.49,Two year,Fiber optic,Electronic check,No,4,Yes,No,Yes
CUST03744,21.0,Female,0,106.24,935.65,One year,DSL,Electronic check,No,4,No,Yes,No
CUST03745,18.0,Male,3,118.59,4321.41,Two year,No,Bank transfer,No,1,Yes,Yes,No
CUST03746,29.0,Female,2,45.44,1002.4,Month-to-month,DSL,Credit card,No,1,No,Yes,Yes
CUST03747,52.0,Female,4,100.61,4958.35,Two year,No,Electronic check,No,3,Yes,Yes,No
CUST03748,39.0,Male,4,95.01,4612.71,Month-to-month,Fiber optic,Mailed check,Yes,0,Yes,No,No
CUST03749,39.0,Male,4,94.71,4509.98,One year,No,Credit card,Yes,0,Yes,Yes,Yes
CUST03750,63.0,Male,3,115.71,3920.31,Month-to-month,DSL,Electronic check,No,0,No,Yes,No
CUST03751,64.0,Male,7,68.66,5840.82,Two year,DSL,Mailed check,No,2,Yes,No,Yes
CUST03752,64.0,Male,2,87.41,2068.5,Month-to-month,Fiber optic,Bank transfer,Yes,0,Yes,Yes,No
CUST03753,34.0,Female,3,102.37,3733.79,Month-to-month,Fiber optic,Bank transfer,Yes,1,Yes,Yes,No
CUST03754,53.0,Male,0,67.95,332.46,Month-to-month,DSL,Credit card,No,2,No,Yes,Yes
CUST03755,32.0,Female,6,68.14,,Month-to-month,Fiber optic,Credit card,No,0,No,No,Yes
CUST03756,28.0,Male,0,51.87,267.63,Month-to-month,DSL,Credit card,No,1,Yes,No,No
CUST03757,27.0,Female,1,98.07,1384.04,One year,Fiber optic,Credit card,No,4,No,No,No
CUST03758,35.0,Male,10,88.61,10452.46,Month-to-month,DSL,Credit card,No,3,Yes,Yes,No
CUST03759,40.0,Female,6,65.12,4677.11,Month-to-month,DSL,Electronic check,No,1,No,No,No
CUST03760,60.0,Male,0,61.94,296.41,Month-to-month,No,Mailed check,No,0,Yes,No,No
CUST03761,24.0,Male,10,27.28,3348.79,Month-to-month,Fiber optic,Credit card,No,2,Yes,Yes,No
CUST03762,,Female,2,20.67,444.57,One year,Fiber optic,Mailed check,No,1,No,No,No
CUST03763,45.0,Male,5,72.89,4261.93,One year,DSL,Electronic check,No,6,No,Yes,No
CUST03764,33.0,Female,5,61.75,3686.47,One year,DSL,Electronic check,No,3,Yes,No,No
CUST03765,43.0,Female,5,99.59,5824.5,Month-to-month,Fiber optic,Electronic check,No,6,No,Yes,No
CUST03766,33.0,Male,10,74.26,9003.7,One year,DSL,Credit card,No,3,No,No,No
CUST03767,48.0,Male,1,113.65,1275.79,One year,DSL,Bank transfer,No,2,Yes,No,No
CUST03768,40.0,Female,1,39.63,542.27,Month-to-month,DSL,Bank transfer,No,3,Yes,Yes,No
CUST03769,26.0,Male,5,119.0,7176.33,Month-to-month,DSL,Credit card,No,3,No,No,No
CUST03770,24.0,Female,9,49.8,5356.54,Month-to-month,DSL,Credit card,No,2,No,No,Yes
CUST03771,46.0,Female,4,84.24,3975.07,Month-to-month,No,Credit card,No,0,Yes,Yes,No
CUST03772,64.0,Male,6,70.19,4936.28,Month-to-month,Fiber optic,Electronic check,No,2,Yes,No,No
CUST03773,36.0,Male,6,55.96,3946.27,Month-to-month,Fiber optic,Bank transfer,No,0,No,No,No
CUST03774,55.0,Female,4,33.95,1563.46,Month-to-month,DSL,Bank transfer,No,3,Yes,No,No
CUST03775,52.0,Male,7,33.5,2884.53,One year,No,Mailed check,No,3,No,Yes,No
CUST03776,66.0,Male,9,91.14,9869.75,Two year,DSL,Mailed check,No,8,Yes,No,No
CUST03777,60.0,Male,5,57.77,3460.21,One year,DSL,Bank transfer,No,2,Yes,No,No
CUST03778,47.0,Female,4,116.11,5449.51,One year,DSL,Bank transfer,No,3,No,No,No
CUST03779,52.0,Male,3,52.57,1897.91,Month-to-month,Fiber optic,Electronic check,No,1,Yes,No,No
CUST03780,64.0,Male,6,118.33,8791.59,Month-to-month,No,Mailed check,No,1,Yes,No,Yes
CUST03781,38.0,Female,3,40.55,1546.6,Month-to-month,DSL,Credit card,Yes,4,Yes,Yes,Yes
CUST03782,35.0,Male,4,30.3,1472.28,One year,No,Electronic check,No,3,No,Yes,No
CUST03783,19.0,Male,4,51.26,2469.91,Two year,No,Mailed check,No,3,Yes,No,No
CUST03784,60.0,Female,0,108.54,472.67,Two year,DSL,Credit card,No,1,No,Yes,No
CUST03785,59.0,Female,0,,516.66,Month-to-month,DSL,Credit card,No,3,Yes,Yes,No
CUST03786,23.0,Female,2,33.58,877.1,Month-to-month,No,Bank transfer,No,4,Yes,No,No
CUST03787,47.0,Male,10,40.26,4784.48,One year,DSL,Bank transfer,No,1,Yes,No,No
CUST03788,42.0,Female,2,51.13,1207.43,One year,Fiber optic,Credit card,No,3,No,No,No
CUST03789,24.0,Male,1,79.01,761.71,Month-to-month,No,Credit card,No,1,No,Yes,No
CUST03790,68.0,Male,1,53.24,753.37,One year,Fiber optic,Bank transfer,No,0,Yes,Yes,No
CUST03791,29.0,Male,5,94.7,5453.16,Month-to-month,Fiber optic,Bank transfer,No,3,No,No,Yes
CUST03792,21.0,Male,0,81.62,589.82,One year,No,Bank transfer,No,1,No,Yes,No
CUST03793,48.0,Female,5,107.37,6240.4,Month-to-month,Fiber optic,Bank transfer,No,1,Yes,Yes,No
CUST03794,56.0,Male,4,70.1,3462.88,One year,Fiber optic,Mailed check,No,3,No,No,No
CUST03795,20.0,Female,5,53.12,3232.94,Two year,DSL,Bank transfer,No,3,No,Yes,No
CUST03796,52.0,Female,4,119.61,5877.79,Two year,Fiber optic,Electronic check,Yes,1,Yes,No,No
CUST03797,45.0,Female,6,55.57,4046.25,Two year,No,Electronic check,No,5,No,No,Yes
CUST03798,23.0,Male,0,62.86,338.21,One year,Fiber optic,Electronic check,No,1,No,Yes,No
CUST03799,27.0,Female,2,100.9,2494.37,One year,Fiber optic,Bank transfer,No,8,Yes,Yes,No
CUST03800,47.0,Male,5,28.88,1686.83,Month-to-month,Fiber optic,Credit card,Yes,3,Yes,No,Yes
CUST03801,33.0,Male,0,58.65,272.37,Month-to-month,No,Credit card,No,1,Yes,No,No
CUST03802,66.0,Female,10,28.59,3355.92,Month-to-month,DSL,Mailed check,No,0,Yes,Yes,Yes
CUST03803,60.0,Male,10,33.95,4096.38,Month-to-month,Fiber optic,Bank transfer,No,1,No,Yes,No
CUST03804,68.0,Male,6,20.48,1516.73,One year,No,Electronic check,No,1,No,No,No
CUST03805,31.0,Female,3,20.97,739.77,Month-to-month,DSL,Credit card,No,2,Yes,No,No
CUST03806,67.0,Male,2,58.03,1291.37,Month-to-month,No,Bank transfer,No,1,Yes,Yes,No
CUST03807,,Female,9,100.9,11093.75,One year,No,Electronic check,No,1,Yes,Yes,No
CUST03808,36.0,Male,8,78.7,7622.96,One year,No,Electronic check,No,3,Yes,No,No
CUST03809,21.0,Male,0,83.49,698.04,Two year,Fiber optic,Electronic check,No,1,Yes,No,No
CUST03810,21.0,Male,7,71.92,5828.55,One year,DSL,Electronic check,No,2,Yes,Yes,No
CUST03811,53.0,Male,0,101.97,551.33,Month-to-month,Fiber optic,Electronic check,No,1,Yes,No,No
CUST03812,41.0,Male,4,108.02,5444.96,Month-to-month,DSL,Mailed check,No,3,Yes,No,No
CUST03813,30.0,Female,9,104.96,11446.14,Two year,DSL,Electronic check,No,2,No,Yes,No
CUST03814,49.0,Female,7,101.2,8481.96,Month-to-month,No,Mailed check,No,3,No,No,No
CUST03815,31.0,Female,5,38.28,,One year,Fiber optic,Electronic check,No,0,Yes,Yes,No
CUST03816,47.0,Male,6,79.38,5903.85,One year,DSL,Electronic check,No,1,Yes,Yes,Yes
CUST03817,36.0,Female,10,78.21,9541.27,Two year,DSL,Electronic check,No,1,Yes,No,No
CUST03818,60.0,Female,7,72.79,5901.63,One year,Fiber optic,Electronic check,No,1,Yes,No,No
CUST03819,60.0,Female,5,68.08,3930.14,One year,No,Mailed check,Yes,0,Yes,No,No
CUST03820,42.0,Male,10,28.93,3474.16,Month-to-month,Fiber optic,Bank transfer,Yes,2,Yes,Yes,Yes
CUST03821,36.0,Female,5,30.23,1744.03,Two year,DSL,Credit card,No,2,Yes,Yes,Yes
CUST03822,36.0,Female,10,110.21,13076.51,One year,Fiber optic,Mailed check,No,3,No,Yes,Yes
CUST03823,59.0,Male,5,83.01,5147.62,Month-to-month,DSL,Mailed check,No,2,Yes,Yes,Yes
CUST03824,35.0,Female,4,46.24,2187.99,One year,DSL,Mailed check,No,2,No,No,Yes
CUST03825,29.0,Male,7,47.94,4012.75,Month-to-month,Fiber optic,Bank transfer,No,8,Yes,Yes,No
CUST03826,22.0,Female,1,81.02,813.81,Month-to-month,Fiber optic,Credit card,No,2,Yes,Yes,No
CUST03827,42.0,Female,6,60.7,4407.46,Month-to-month,Fiber optic,Bank transfer,Yes,2,Yes,Yes,No
CUST03828,43.0,Female,3,64.13,2162.74,Two year,No,Credit card,Yes,9,Yes,No,No
CUST03829,61.0,Male,0,26.08,176.87,One year,Fiber optic,Credit card,Yes,8,Yes,No,Yes
CUST03830,29.0,Male,4,33.89,1676.81,One year,No,Credit card,No,2,No,Yes,No
CUST03831,37.0,Female,2,59.34,1557.16,One year,No,Bank transfer,Yes,2,Yes,Yes,No
CUST03832,59.0,Male,3,89.96,3283.09,One year,Fiber optic,Credit card,No,2,Yes,Yes,No
CUST03833,60.0,Male,6,24.82,1762.06,Month-to-month,DSL,Electronic check,Yes,3,No,No,No
CUST03834,38.0,Female,4,53.46,2679.0,Month-to-month,No,Mailed check,No,5,No,No,No
CUST03835,41.0,Male,3,89.5,3273.87,Month-to-month,No,Credit card,No,1,Yes,Yes,No
CUST03836,33.0,Male,0,99.19,510.73,Month-to-month,DSL,Mailed check,No,3,No,Yes,Yes
CUST03837,66.0,Male,5,39.03,2300.51,Two year,Fiber optic,Bank transfer,No,3,Yes,Yes,No
CUST03838,24.0,Male,10,93.14,11076.49,Two year,DSL,Bank transfer,No,1,No,Yes,No
CUST03839,66.0,Female,9,115.52,12168.96,Month-to-month,DSL,Electronic check,Yes,3,Yes,Yes,No
CUST03840,53.0,Female,5,110.66,6375.19,Month-to-month,Fiber optic,Credit card,No,2,Yes,Yes,Yes
CUST03841,45.0,Female,6,98.93,6879.14,Two year,DSL,Mailed check,No,0,No,Yes,Yes
CUST03842,20.0,Female,0,91.22,444.55,Month-to-month,DSL,Mailed check,No,8,Yes,Yes,No
CUST03843,42.0,Female,3,43.52,1560.08,One year,Fiber optic,Mailed check,No,2,Yes,Yes,No
CUST03844,39.0,Female,8,83.38,7828.64,Month-to-month,No,Bank transfer,No,2,No,Yes,Yes
CUST03845,26.0,Male,9,84.32,9272.66,One year,No,Credit card,No,3,Yes,No,No
CUST03846,51.0,Female,5,60.69,3482.99,Two year,No,Electronic check,No,6,Yes,Yes,No
CUST03847,68.0,Male,1,69.3,1016.79,Two year,Fiber optic,Electronic check,Yes,4,Yes,Yes,No
CUST03848,47.0,Female,3,89.4,2989.96,One year,Fiber optic,Bank transfer,Yes,2,Yes,No,No
CUST03849,54.0,Female,5,115.19,7184.3,One year,No,Credit card,No,2,No,No,Yes
CUST03850,21.0,Male,3,49.54,1712.27,One year,Fiber optic,Electronic check,Yes,1,Yes,No,No
CUST03851,39.0,Female,9,44.65,4952.21,Month-to-month,DSL,Electronic check,No,2,Yes,Yes,No
CUST03852,24.0,Male,6,80.18,5782.98,Month-to-month,DSL,Bank transfer,No,5,Yes,No,Yes
CUST03853,49.0,Female,2,33.09,698.62,Two year,No,Mailed check,No,3,No,Yes,No
CUST03854,66.0,Male,5,78.25,4592.96,Month-to-month,DSL,Electronic check,No,0,Yes,Yes,No
CUST03855,52.0,Female,3,28.9,1116.79,Month-to-month,DSL,Bank transfer,No,0,Yes,Yes,Yes
CUST03856,22.0,Male,2,69.06,1574.4,One year,Fiber optic,Electronic check,Yes,4,No,No,No
CUST03857,36.0,Male,2,82.04,1899.78,Two year,No,Electronic check,No,3,No,Yes,No
CUST03858,46.0,Male,1,27.03,250.41,One year,DSL,Bank transfer,No,2,No,Yes,No
CUST03859,39.0,Male,10,40.71,4824.58,One year,Fiber optic,Bank transfer,Yes,2,Yes,Yes,No
CUST03860,61.0,Male,2,53.54,1207.73,One year,DSL,Credit card,No,1,No,No,Yes
CUST03861,60.0,Female,9,56.87,6215.12,Two year,Fiber optic,Electronic check,No,3,Yes,No,No
CUST03862,49.0,Male,0,87.6,528.65,One year,Fiber optic,Mailed check,Yes,2,No,Yes,Yes
CUST03863,37.0,Male,2,72.9,1601.35,Two year,DSL,Mailed check,Yes,3,No,No,No
CUST03864,31.0,Male,8,58.22,5691.94,One year,No,Credit card,Yes,1,Yes,Yes,No
CUST03865,23.0,Female,3,65.07,2386.04,Month-to-month,No,Credit card,No,2,No,No,No
CUST03866,36.0,Female,2,21.32,482.0,Two year,DSL,Bank transfer,No,1,Yes,No,Yes
CUST03867,39.0,Female,7,97.04,7990.68,Two year,DSL,Mailed check,No,5,No,No,No
CUST03868,52.0,Female,0,24.12,206.2,Month-to-month,DSL,Electronic check,No,5,No,No,Yes
CUST03869,52.0,Male,4,102.92,5024.73,Month-to-month,No,Bank transfer,No,3,No,Yes,No
CUST03870,22.0,Male,0,74.1,581.26,Two year,DSL,Electronic check,Yes,5,Yes,Yes,No
CUST03871,38.0,Male,6,72.78,5120.36,Month-to-month,DSL,Mailed check,Yes,3,No,No,No
CUST03872,27.0,Female,4,90.45,4389.74,One year,Fiber optic,Bank transfer,No,1,Yes,No,No
CUST03873,26.0,Female,1,105.94,987.47,Month-to-month,DSL,Electronic check,No,3,Yes,Yes,No
CUST03874,60.0,Male,0,114.25,750.41,One year,DSL,Credit card,No,1,No,No,No
CUST03875,20.0,Male,10,74.34,8788.02,Two year,Fiber optic,Electronic check,No,2,Yes,Yes,No
CUST03876,39.0,Male,6,35.08,2561.34,One year,DSL,Electronic check,No,1,No,No,No
CUST03877,27.0,Male,0,107.85,,Month-to-month,No,Bank transfer,No,2,Yes,No,Yes
CUST03878,63.0,Female,2,,572.09,Month-to-month,No,Mailed check,No,3,Yes,No,No
CUST03879,46.0,Male,10,100.72,11968.97,Two year,Fiber optic,Electronic check,No,0,No,Yes,No
CUST03880,30.0,Female,5,88.03,5083.1,Two year,Fiber optic,Electronic check,No,0,No,Yes,No
CUST03881,44.0,Male,5,110.46,6740.45,Two year,Fiber optic,Electronic check,No,3,No,No,No
CUST03882,55.0,Female,6,109.73,7956.01,One year,Fiber optic,Electronic check,No,3,Yes,Yes,No
CUST03883,67.0,Female,10,25.33,3046.77,One year,DSL,Credit card,No,2,Yes,Yes,No
CUST03884,29.0,Female,10,80.94,9924.55,Two year,DSL,Mailed check,No,1,Yes,No,No
CUST03885,63.0,Female,0,32.48,288.08,Two year,No,Mailed check,No,2,No,No,Yes
CUST03886,66.0,Female,6,27.86,2042.46,Two year,DSL,Bank transfer,No,3,Yes,Yes,No
CUST03887,65.0,Female,1,64.83,659.7,Month-to-month,Fiber optic,Electronic check,No,3,Yes,No,No
CUST03888,50.0,Female,5,29.78,1866.37,Month-to-month,Fiber optic,Bank transfer,No,0,Yes,Yes,No
CUST03889,50.0,Female,7,92.78,7707.29,Two year,DSL,Credit card,Yes,6,No,No,No
CUST03890,39.0,Female,4,116.88,5314.9,Month-to-month,Fiber optic,Credit card,No,1,No,Yes,No
CUST03891,56.0,Female,9,76.96,8191.65,One year,No,Electronic check,No,1,No,Yes,Yes
CUST03892,45.0,Female,2,43.53,1130.94,One year,DSL,Bank transfer,No,2,No,Yes,No
CUST03893,53.0,Female,10,104.31,12331.43,Month-to-month,No,Bank transfer,No,1,No,Yes,No
CUST03894,40.0,Male,7,105.3,8778.59,Two year,DSL,Mailed check,No,7,Yes,No,No
CUST03895,55.0,Male,7,93.27,7707.87,Month-to-month,No,Bank transfer,Yes,0,No,No,No
CUST03896,60.0,Male,3,81.51,2713.17,Two year,Fiber optic,Credit card,No,1,Yes,No,No
CUST03897,25.0,Female,7,106.76,9007.76,Month-to-month,Fiber optic,Credit card,Yes,1,No,No,Yes
CUST03898,60.0,Female,4,36.34,1772.52,Two year,DSL,Electronic check,No,2,Yes,Yes,Yes
CUST03899,46.0,Male,10,113.14,13774.78,Month-to-month,DSL,Bank transfer,No,0,Yes,No,No
CUST03900,61.0,Female,4,114.7,5446.98,Two year,No,Bank transfer,No,0,No,No,No
CUST03901,40.0,Female,2,107.18,2341.76,One year,Fiber optic,Credit card,Yes,1,No,Yes,No
CUST03902,37.0,Male,6,45.08,3286.64,Month-to-month,Fiber optic,Electronic check,No,2,No,No,No
CUST03903,65.0,Female,10,105.8,12944.04,One year,No,Mailed check,No,3,Yes,No,No
CUST03904,31.0,Female,10,69.76,8212.53,Two year,Fiber optic,Mailed check,No,3,Yes,No,No
CUST03905,61.0,Male,8,79.49,7479.59,Month-to-month,DSL,Electronic check,No,2,Yes,Yes,No
CUST03906,43.0,Female,8,104.05,9881.83,Month-to-month,No,Electronic check,No,1,No,No,No
CUST03907,44.0,Female,0,22.98,158.58,Month-to-month,No,Mailed check,Yes,4,Yes,Yes,No
CUST03908,34.0,Male,0,56.3,345.84,Month-to-month,DSL,Credit card,No,2,Yes,No,Yes
CUST03909,47.0,Male,9,101.56,11097.53,Two year,Fiber optic,Bank transfer,No,1,No,No,No
CUST03910,35.0,Female,10,101.38,11880.86,Month-to-month,No,Mailed check,No,2,No,Yes,No
CUST03911,20.0,Male,4,104.85,5228.35,One year,DSL,Electronic check,No,3,No,No,No
CUST03912,32.0,Male,0,36.93,329.64,Month-to-month,DSL,Electronic check,No,1,Yes,Yes,No
CUST03913,18.0,Male,3,90.58,3014.52,Month-to-month,Fiber optic,Bank transfer,No,0,Yes,Yes,No
CUST03914,68.0,Female,0,34.66,207.03,Month-to-month,DSL,Electronic check,No,0,No,Yes,No
CUST03915,67.0,Female,1,98.5,1323.77,Month-to-month,Fiber optic,Credit card,No,3,No,Yes,Yes
CUST03916,38.0,Female,1,44.52,527.97,One year,Fiber optic,Electronic check,No,0,No,No,No
CUST03917,55.0,Male,3,93.77,3428.09,Month-to-month,DSL,Bank transfer,Yes,2,No,Yes,Yes
CUST03918,36.0,Female,7,65.5,5667.59,Two year,No,Mailed check,Yes,1,Yes,Yes,No
CUST03919,,Male,1,118.61,1451.64,One year,DSL,Credit card,No,1,No,Yes,No
CUST03920,59.0,Male,8,77.99,7363.42,Month-to-month,DSL,Electronic check,No,1,No,Yes,No
CUST03921,66.0,Male,8,83.25,8111.45,Month-to-month,DSL,Bank transfer,Yes,0,Yes,Yes,No
CUST03922,38.0,Male,1,56.82,639.39,Month-to-month,No,Mailed check,No,1,No,No,Yes
CUST03923,58.0,Female,0,93.44,440.18,Month-to-month,DSL,Mailed check,No,3,No,No,Yes
CUST03924,32.0,Female,9,69.49,7399.89,One year,DSL,Bank transfer,No,2,Yes,No,No
CUST03925,69.0,Male,9,21.83,2302.12,Two year,No,Mailed check,No,3,Yes,No,No
CUST03926,19.0,Female,8,80.85,7971.98,Two year,No,Mailed check,Yes,0,Yes,Yes,No
CUST03927,49.0,Female,1,103.03,1275.56,Two year,DSL,Mailed check,No,4,Yes,Yes,Yes
CUST03928,52.0,Female,7,43.69,3789.32,Month-to-month,DSL,Mailed check,No,9,No,Yes,No
CUST03929,53.0,Male,2,42.12,1102.25,Month-to-month,Fiber optic,Bank transfer,Yes,0,No,No,Yes
CUST03930,24.0,Female,0,80.88,257.32,Two year,Fiber optic,Bank transfer,Yes,6,Yes,Yes,Yes
CUST03931,66.0,Male,10,101.79,12059.89,One year,No,Electronic check,No,1,No,Yes,No
CUST03932,27.0,Female,0,44.97,220.01,Month-to-month,DSL,Electronic check,No,3,Yes,Yes,No
CUST03933,50.0,Male,9,113.21,12219.66,Month-to-month,DSL,Credit card,No,1,No,Yes,No
CUST03934,29.0,Female,1,112.72,1498.83,Month-to-month,Fiber optic,Mailed check,No,2,Yes,No,No
CUST03935,34.0,Male,6,40.07,2928.18,One year,Fiber optic,Mailed check,No,2,Yes,No,No
CUST03936,46.0,Male,5,46.39,2918.89,Two year,Fiber optic,Credit card,No,1,No,No,No
CUST03937,39.0,Female,10,90.05,11034.95,Month-to-month,No,Bank transfer,Yes,3,No,Yes,No
CUST03938,26.0,Female,1,115.16,1165.09,Month-to-month,Fiber optic,Bank transfer,No,2,Yes,Yes,No
CUST03939,27.0,Female,3,90.98,3471.72,Month-to-month,DSL,Credit card,No,2,Yes,Yes,No
CUST03940,39.0,Female,1,64.49,906.61,Month-to-month,Fiber optic,Electronic check,No,7,Yes,Yes,Yes
CUST03941,57.0,Male,0,36.91,238.05,One year,DSL,Electronic check,No,5,No,No,No
CUST03942,64.0,Female,2,66.1,1522.26,One year,Fiber optic,Mailed check,No,5,Yes,Yes,Yes
CUST03943,22.0,Male,3,80.67,2763.17,Month-to-month,No,Electronic check,No,4,No,Yes,Yes
CUST03944,38.0,Male,9,53.1,5643.4,One year,Fiber optic,Bank transfer,Yes,1,No,Yes,No
CUST03945,23.0,Female,4,71.03,3340.11,Month-to-month,DSL,Credit card,Yes,1,No,Yes,Yes
CUST03946,19.0,Female,4,33.04,1586.52,One year,Fiber optic,Credit card,Yes,1,No,Yes,No
CUST03947,52.0,Female,6,65.22,4728.69,One year,DSL,Credit card,Yes,7,Yes,No,No
CUST03948,49.0,Female,9,29.09,3111.61,Month-to-month,DSL,Electronic check,No,1,No,Yes,No
CUST03949,26.0,Female,7,24.93,2072.41,One year,Fiber optic,Credit card,No,1,No,Yes,No
CUST03950,30.0,Male,8,105.71,9839.58,Month-to-month,Fiber optic,Credit card,No,1,Yes,No,No
CUST03951,19.0,Male,6,40.52,2796.39,Month-to-month,Fiber optic,Electronic check,No,1,No,Yes,Yes
CUST03952,61.0,Female,4,77.51,3909.97,Month-to-month,Fiber optic,Bank transfer,Yes,1,Yes,Yes,Yes
CUST03953,68.0,Male,8,34.91,3249.78,Month-to-month,DSL,Mailed check,No,2,No,No,No
CUST03954,25.0,Male,7,46.26,3756.44,Two year,DSL,Bank transfer,No,0,Yes,Yes,No
CUST03955,30.0,Male,9,56.14,5963.91,Month-to-month,DSL,Electronic check,No,2,No,Yes,No
CUST03956,62.0,Female,8,34.38,3350.87,One year,No,Credit card,No,3,No,No,No
CUST03957,65.0,Male,9,24.61,2684.78,Two year,Fiber optic,Mailed check,No,3,Yes,Yes,No
CUST03958,39.0,Female,7,107.7,9141.98,Month-to-month,No,Bank transfer,No,1,Yes,No,Yes
CUST03959,21.0,Female,5,21.2,1281.7,Month-to-month,Fiber optic,Mailed check,No,4,Yes,No,No
CUST03960,20.0,Male,3,26.15,894.58,Month-to-month,Fiber optic,Bank transfer,Yes,3,No,No,No
CUST03961,47.0,Female,8,100.5,9585.98,Month-to-month,DSL,Bank transfer,Yes,0,No,No,No
CUST03962,38.0,Female,8,48.21,4621.78,Month-to-month,DSL,Electronic check,No,3,Yes,No,Yes
CUST03963,19.0,Female,9,92.27,10011.14,Two year,Fiber optic,Bank transfer,No,3,No,Yes,No
CUST03964,48.0,Female,9,34.64,3678.09,Month-to-month,Fiber optic,Credit card,Yes,2,No,No,Yes
CUST03965,19.0,Male,8,43.74,4259.02,One year,Fiber optic,Electronic check,No,0,Yes,Yes,No
CUST03966,58.0,Female,9,77.27,8257.08,Month-to-month,Fiber optic,Mailed check,No,2,Yes,Yes,Yes
CUST03967,34.0,Male,2,118.84,2966.51,Month-to-month,No,Electronic check,Yes,3,Yes,No,No
CUST03968,20.0,Female,10,27.36,3285.68,Month-to-month,DSL,Bank transfer,No,1,Yes,No,No
CUST03969,48.0,Female,2,60.06,1474.66,Month-to-month,DSL,Mailed check,No,3,No,No,No
CUST03970,38.0,Female,10,24.33,2906.49,Month-to-month,No,Credit card,Yes,1,No,No,Yes
CUST03971,68.0,Male,5,39.93,2382.92,One year,DSL,Electronic check,No,2,Yes,Yes,No
CUST03972,46.0,Male,5,110.73,6888.47,One year,No,Bank transfer,No,1,No,No,No
CUST03973,32.0,Male,5,29.66,1775.44,Month-to-month,DSL,Mailed check,No,1,Yes,No,No
CUST03974,54.0,Male,4,105.67,5258.56,Two year,Fiber optic,Credit card,No,4,No,No,No
CUST03975,32.0,Male,4,37.79,1790.27,Month-to-month,DSL,Credit card,No,3,Yes,Yes,No
CUST03976,64.0,Female,1,106.16,1401.7,Month-to-month,DSL,Electronic check,No,1,Yes,Yes,No
CUST03977,37.0,Male,6,73.8,5195.37,Two year,Fiber optic,Mailed check,No,2,Yes,No,No
CUST03978,46.0,Female,3,107.81,4150.74,Two year,DSL,Bank transfer,No,3,Yes,Yes,Yes
CUST03979,21.0,Male,2,35.18,943.07,Two year,DSL,Mailed check,No,3,No,Yes,No
CUST03980,40.0,Female,7,96.19,8311.85,Month-to-month,No,Credit card,Yes,3,Yes,No,No
CUST03981,60.0,Female,3,88.06,3089.11,Two year,No,Mailed check,Yes,2,No,Yes,No
CUST03982,59.0,Female,10,74.29,8815.37,One year,DSL,Electronic check,No,5,No,No,No
CUST03983,29.0,Female,3,101.05,3445.14,One year,DSL,Mailed check,Yes,3,Yes,No,Yes
CUST03984,30.0,Male,7,84.82,7314.85,Two year,Fiber optic,Mailed check,No,0,No,Yes,No
CUST03985,60.0,Female,0,107.69,399.71,Two year,No,Electronic check,No,2,Yes,Yes,No
CUST03986,65.0,Male,8,58.11,5628.28,One year,No,Mailed check,No,2,Yes,Yes,No
CUST03987,23.0,Male,6,78.99,5607.31,Two year,DSL,Electronic check,No,3,No,Yes,Yes
CUST03988,41.0,Female,1,107.05,1084.1,Month-to-month,Fiber optic,Electronic check,Yes,0,No,No,Yes
CUST03989,35.0,Male,10,41.49,4900.59,One year,DSL,Electronic check,No,2,No,Yes,No
CUST03990,62.0,Female,5,68.57,4267.12,Month-to-month,DSL,Credit card,No,1,No,No,No
CUST03991,22.0,Male,7,116.06,9999.24,Two year,DSL,Mailed check,No,0,No,Yes,Yes
CUST03992,29.0,Male,10,67.36,7991.21,One year,DSL,Electronic check,No,1,No,No,No
CUST03993,56.0,Male,4,45.29,2047.35,Two year,Fiber optic,Bank transfer,No,3,Yes,No,No
CUST03994,21.0,Male,5,55.11,3428.87,Month-to-month,DSL,Bank transfer,Yes,1,Yes,No,No
CUST03995,43.0,Male,9,108.49,11429.08,Two year,No,Credit card,No,2,Yes,No,No
CUST03996,41.0,Male,7,115.47,9411.77,Month-to-month,Fiber optic,Electronic check,Yes,2,No,No,No
CUST03997,35.0,Male,5,114.99,7121.68,One year,DSL,Electronic check,No,2,No,No,No
CUST03998,38.0,Female,8,89.89,8800.17,Two year,No,Credit card,No,2,No,No,No
CUST03999,45.0,Male,8,70.96,6685.47,Month-to-month,No,Mailed check,No,0,No,No,Yes
CUST04000,26.0,Female,8,38.28,3568.97,Month-to-month,Fiber optic,Electronic check,No,1,Yes,No,No
CUST04001,47.0,Male,5,32.34,1855.44,One year,DSL,Electronic check,No,3,Yes,No,No
CUST04002,59.0,Female,8,25.99,2488.18,Month-to-month,DSL,Bank transfer,No,2,No,No,Yes
CUST04003,57.0,Male,2,21.79,512.29,Month-to-month,DSL,Electronic check,No,3,No,Yes,No
CUST04004,26.0,Male,4,107.8,4968.75,Month-to-month,Fiber optic,Credit card,No,2,No,Yes,Yes
CUST04005,26.0,Female,1,100.9,1458.38,Month-to-month,DSL,Bank transfer,No,0,No,Yes,Yes
CUST04006,32.0,Male,7,76.78,6473.62,Two year,Fiber optic,Credit card,No,3,Yes,No,No
CUST04007,36.0,Female,10,119.85,14603.3,Two year,DSL,Credit card,No,0,Yes,No,No
CUST04008,39.0,Male,3,115.29,3876.22,Two year,Fiber optic,Electronic check,Yes,5,Yes,Yes,Yes
CUST04009,53.0,Female,5,85.5,5373.18,Month-to-month,Fiber optic,Mailed check,No,1,Yes,No,No
CUST04010,21.0,Male,5,66.46,4111.04,Two year,DSL,Electronic check,No,2,No,Yes,No
CUST04011,20.0,Male,4,35.23,1646.24,One year,Fiber optic,Mailed check,No,0,No,Yes,Yes
CUST04012,38.0,Female,0,71.56,223.6,Two year,Fiber optic,Bank transfer,No,4,No,Yes,No
CUST04013,54.0,Male,10,35.79,4222.53,Month-to-month,No,Credit card,No,6,Yes,Yes,No
CUST04014,28.0,Female,6,59.85,4279.88,Month-to-month,Fiber optic,Credit card,No,0,Yes,Yes,Yes
CUST04015,,Male,9,114.25,11997.99,One year,Fiber optic,Electronic check,No,1,No,Yes,No
CUST04016,31.0,Female,7,54.2,4403.82,Month-to-month,No,Mailed check,No,0,No,Yes,No
CUST04017,63.0,Male,0,35.29,126.76,Two year,Fiber optic,Credit card,No,3,No,Yes,Yes
CUST04018,64.0,Female,9,78.24,8594.91,Two year,DSL,Credit card,No,1,No,Yes,No
CUST04019,33.0,Female,6,80.23,5799.29,Month-to-month,DSL,Mailed check,No,2,Yes,No,No
CUST04020,30.0,Male,3,39.39,1345.1,Two year,DSL,Credit card,No,0,Yes,No,No
CUST04021,39.0,Male,5,39.67,2324.18,One year,DSL,Credit card,No,3,Yes,No,Yes
CUST04022,30.0,Male,8,118.94,11519.26,Month-to-month,Fiber optic,Credit card,No,2,No,Yes,No
CUST04023,52.0,Female,4,44.34,2079.99,Month-to-month,Fiber optic,Mailed check,No,3,Yes,No,No
CUST04024,60.0,Male,7,103.81,8833.12,Month-to-month,No,Mailed check,No,3,Yes,No,No
CUST04025,52.0,Male,4,67.03,3329.52,Month-to-month,DSL,Bank transfer,No,0,Yes,Yes,No
CUST04026,60.0,Male,1,63.5,688.34,Month-to-month,Fiber optic,Credit card,No,2,No,Yes,No
CUST04027,38.0,Male,3,49.5,1742.51,Month-to-month,Fiber optic,Credit card,No,2,Yes,Yes,No
CUST04028,26.0,Female,1,97.37,905.6,Month-to-month,No,Bank transfer,Yes,2,Yes,No,Yes
CUST04029,56.0,Female,6,108.05,7986.99,Two year,DSL,Mailed check,Yes,1,Yes,No,No
CUST04030,36.0,Female,6,46.12,3350.16,Month-to-month,DSL,Mailed check,Yes,3,Yes,No,Yes
CUST04031,52.0,Female,2,29.53,777.4,Month-to-month,DSL,Electronic check,Yes,9,No,No,No
CUST04032,32.0,Female,6,33.71,2363.95,Month-to-month,Fiber optic,Mailed check,No,6,No,Yes,No
CUST04033,22.0,Male,0,99.27,869.95,Month-to-month,DSL,Electronic check,No,3,No,No,Yes
CUST04034,69.0,Male,0,63.59,460.38,Two year,Fiber optic,Bank transfer,No,2,No,No,No
CUST04035,26.0,Female,8,33.21,3127.35,One year,DSL,Mailed check,No,1,No,No,No
CUST04036,68.0,Female,5,54.04,3230.11,Two year,DSL,Bank transfer,No,0,No,No,No
CUST04037,68.0,Female,4,71.42,3513.56,One year,DSL,Electronic check,No,2,Yes,Yes,Yes
CUST04038,58.0,Male,5,105.19,6006.6,Two year,No,Credit card,No,1,Yes,Yes,No
CUST04039,52.0,Male,5,84.17,5191.67,Two year,Fiber optic,Credit card,No,1,Yes,No,No
CUST04040,47.0,Male,0,37.62,326.74,Month-to-month,No,Bank transfer,No,4,No,Yes,No
CUST04041,62.0,Female,4,35.88,1632.32,One year,DSL,Credit card,No,6,No,No,Yes
CUST04042,33.0,Female,8,61.24,6025.02,One year,DSL,Bank transfer,No,5,No,Yes,Yes
CUST04043,42.0,Female,3,27.54,985.43,Two year,Fiber optic,Electronic check,No,1,Yes,No,No
CUST04044,50.0,Male,2,95.55,2302.08,Month-to-month,DSL,Credit card,No,4,No,No,No
CUST04045,39.0,Female,0,60.15,483.64,One year,DSL,Electronic check,No,0,No,Yes,Yes
CUST04046,40.0,Male,1,,680.92,Month-to-month,DSL,Mailed check,Yes,2,No,No,Yes
CUST04047,35.0,Male,2,70.91,1638.64,Two year,DSL,Credit card,No,2,Yes,No,No
CUST04048,,Female,3,,3398.78,One year,DSL,Credit card,No,2,No,Yes,No
CUST04049,61.0,Male,6,76.93,5372.15,Two year,DSL,Credit card,No,5,No,Yes,Yes
CUST04050,28.0,Male,5,100.23,6113.68,Two year,Fiber optic,Bank transfer,No,1,Yes,Yes,No
CUST04051,66.0,Female,10,82.93,10088.38,One year,Fiber optic,Mailed check,No,2,Yes,No,No
CUST04052,53.0,Female,7,98.79,8200.05,One year,Fiber optic,Mailed check,No,0,No,No,No
CUST04053,60.0,Male,8,89.67,8861.35,One year,DSL,Mailed check,No,4,Yes,Yes,Yes
CUST04054,46.0,Female,5,39.32,2392.65,One year,Fiber optic,Electronic check,No,2,No,No,No
CUST04055,58.0,Male,6,25.25,1756.98,Month-to-month,DSL,Mailed check,Yes,3,Yes,No,No
CUST04056,19.0,Female,3,110.32,4280.3,Month-to-month,Fiber optic,Bank transfer,No,3,Yes,Yes,No
CUST04057,60.0,Female,1,114.55,1542.27,Month-to-month,Fiber optic,Bank transfer,No,3,Yes,Yes,No
CUST04058,20.0,Female,8,92.68,9006.48,Two year,Fiber optic,Electronic check,No,2,No,Yes,No
CUST04059,63.0,Female,8,92.41,8734.7,Month-to-month,Fiber optic,Electronic check,No,1,Yes,Yes,No
CUST04060,69.0,Male,3,47.02,1685.28,Two year,DSL,Mailed check,No,2,Yes,Yes,No
CUST04061,33.0,Male,2,74.24,1960.47,Month-to-month,Fiber optic,Mailed check,No,6,Yes,Yes,No
CUST04062,29.0,Male,9,119.2,12736.85,One year,Fiber optic,Bank transfer,Yes,3,Yes,Yes,No
CUST04063,57.0,Male,10,105.6,12623.44,Month-to-month,Fiber optic,Bank transfer,No,0,No,Yes,No
CUST04064,31.0,Female,5,50.45,2953.21,One year,Fiber optic,Mailed check,Yes,0,No,Yes,Yes
CUST04065,62.0,Male,2,50.11,1117.28,Month-to-month,DSL,Bank transfer,Yes,2,Yes,No,Yes
CUST04066,23.0,Male,0,68.36,223.0,One year,DSL,Electronic check,No,3,No,Yes,No
CUST04067,24.0,Male,3,60.46,2262.64,One year,Fiber optic,Bank transfer,Yes,1,No,Yes,Yes
CUST04068,68.0,Female,0,57.12,202.47,Two year,DSL,Mailed check,No,3,No,Yes,Yes
CUST04069,52.0,Male,1,82.69,1007.85,One year,DSL,Electronic check,No,5,No,No,Yes
CUST04070,61.0,Female,2,21.17,450.87,Two year,No,Bank transfer,Yes,2,Yes,No,No
CUST04071,35.0,Male,7,96.32,8370.82,Two year,DSL,Electronic check,No,1,Yes,Yes,No
CUST04072,53.0,Male,9,94.0,10269.66,Month-to-month,Fiber optic,Mailed check,No,4,Yes,No,No
CUST04073,48.0,Male,3,103.02,3789.29,Month-to-month,No,Bank transfer,No,2,Yes,Yes,No
CUST04074,49.0,Female,3,104.13,3552.79,Month-to-month,DSL,Mailed check,No,2,Yes,Yes,No
CUST04075,53.0,Female,9,76.64,8289.73,Month-to-month,No,Credit card,No,1,Yes,No,No
CUST04076,47.0,Female,8,98.0,9409.73,One year,DSL,Mailed check,No,2,No,Yes,No
CUST04077,40.0,Male,6,69.24,4926.54,Two year,DSL,Credit card,No,3,Yes,Yes,No
CUST04078,32.0,Male,1,115.13,1144.06,One year,DSL,Electronic check,No,2,Yes,No,Yes
CUST04079,57.0,Female,2,39.08,906.82,Two year,Fiber optic,Electronic check,No,1,Yes,Yes,No
CUST04080,30.0,Male,3,111.55,4088.64,Month-to-month,No,Credit card,No,3,No,Yes,No
CUST04081,53.0,Female,3,45.86,1647.58,Month-to-month,No,Electronic check,Yes,1,No,No,No
CUST04082,30.0,Female,9,30.29,3283.86,Two year,Fiber optic,Electronic check,No,1,Yes,No,No
CUST04083,50.0,Male,7,63.91,5396.3,Month-to-month,DSL,Mailed check,Yes,3,Yes,Yes,Yes
CUST04084,56.0,Female,9,81.49,8675.78,Two year,No,Credit card,No,4,Yes,No,No
CUST04085,29.0,Male,9,43.11,4555.23,Month-to-month,Fiber optic,Bank transfer,No,1,Yes,No,No
CUST04086,21.0,Male,5,75.58,4544.51,Two year,DSL,Electronic check,No,1,No,Yes,No
CUST04087,25.0,Male,2,100.78,2655.9,Two year,No,Electronic check,Yes,3,No,No,No
CUST04088,49.0,Female,10,45.72,5622.07,One year,No,Bank transfer,No,2,Yes,No,No
CUST04089,61.0,Male,8,78.03,7624.64,Two year,Fiber optic,Mailed check,No,2,No,No,No
CUST04090,20.0,Female,9,53.94,5735.02,Month-to-month,DSL,Mailed check,No,0,No,Yes,No
CUST04091,55.0,Female,7,72.98,6187.02,Month-to-month,No,Mailed check,No,0,Yes,Yes,Yes
CUST04092,35.0,Female,8,86.69,8185.96,Month-to-month,DSL,Bank transfer,No,3,Yes,No,Yes
CUST04093,42.0,Female,4,55.05,2667.57,Month-to-month,Fiber optic,Mailed check,No,2,No,No,No
CUST04094,65.0,Male,2,119.43,2852.45,Month-to-month,DSL,Electronic check,No,4,Yes,No,Yes
CUST04095,35.0,Male,3,76.37,2695.22,Two year,No,Mailed check,No,2,Yes,No,Yes
CUST04096,42.0,Male,4,102.43,5003.84,Month-to-month,DSL,Electronic check,No,2,Yes,Yes,No
CUST04097,19.0,Female,8,92.5,9078.97,Two year,Fiber optic,Bank transfer,No,5,Yes,Yes,Yes
CUST04098,22.0,Female,8,105.27,10002.93,Two year,DSL,Mailed check,No,1,Yes,No,Yes
CUST04099,31.0,Female,2,37.39,894.35,Two year,Fiber optic,Mailed check,No,2,Yes,No,No
CUST04100,19.0,Female,6,42.27,3031.98,Two year,No,Electronic check,No,0,No,Yes,No
CUST04101,50.0,Female,5,68.74,4021.06,Two year,No,Bank transfer,Yes,1,No,Yes,No
CUST04102,40.0,Male,3,105.22,3738.07,One year,DSL,Mailed check,Yes,0,No,No,Yes
CUST04103,46.0,Female,4,39.77,1794.92,One year,DSL,Bank transfer,No,1,No,Yes,No
CUST04104,27.0,Female,9,117.09,12657.72,One year,DSL,Electronic check,No,5,No,Yes,No
CUST04105,33.0,Male,1,32.78,436.72,Month-to-month,Fiber optic,Electronic check,No,2,No,Yes,No
CUST04106,52.0,Female,10,37.52,4472.69,Month-to-month,No,Mailed check,No,4,No,No,No
CUST04107,67.0,Male,6,36.74,2699.39,One year,Fiber optic,Bank transfer,No,2,No,No,No
CUST04108,21.0,Female,3,78.6,2947.7,Month-to-month,DSL,Electronic check,No,2,No,No,No
CUST04109,63.0,Female,1,111.74,1665.41,Two year,DSL,Bank transfer,No,0,No,Yes,No
CUST04110,47.0,Female,10,45.52,5475.06,One year,Fiber optic,Credit card,Yes,2,No,No,No
CUST04111,47.0,Male,5,75.3,4474.75,Month-to-month,DSL,Credit card,No,2,No,No,No
CUST04112,44.0,Female,10,37.59,4542.29,Month-to-month,DSL,Mailed check,No,0,No,No,No
CUST04113,22.0,Female,1,83.11,1060.42,Month-to-month,DSL,Bank transfer,No,3,Yes,No,No
CUST04114,23.0,Male,9,32.34,3587.25,Month-to-month,DSL,Bank transfer,No,1,No,Yes,No
CUST04115,49.0,Female,1,,915.73,Month-to-month,DSL,Electronic check,No,2,Yes,No,No
CUST04116,35.0,Female,6,85.51,6057.62,Two year,No,Bank transfer,No,2,Yes,Yes,No
CUST04117,65.0,Female,0,77.91,321.38,Month-to-month,DSL,Bank transfer,No,8,No,Yes,No
CUST04118,39.0,Male,6,34.01,2508.78,One year,No,Electronic check,No,0,No,No,Yes
CUST04119,25.0,Male,9,36.15,3834.83,Month-to-month,Fiber optic,Mailed check,No,2,No,Yes,Yes
CUST04120,54.0,Female,4,87.13,4248.97,Two year,Fiber optic,Electronic check,No,2,Yes,No,No
CUST04121,33.0,Male,0,100.88,382.72,One year,DSL,Credit card,No,0,Yes,No,No
CUST04122,45.0,Male,5,110.79,6792.85,One year,DSL,Bank transfer,No,2,No,No,Yes
CUST04123,54.0,Female,6,101.35,7469.13,Two year,DSL,Bank transfer,No,1,No,No,No
CUST04124,64.0,Female,0,117.37,1049.7,One year,Fiber optic,Mailed check,No,0,No,Yes,No
CUST04125,58.0,Female,8,60.83,6005.35,Month-to-month,Fiber optic,Credit card,No,1,No,Yes,No
CUST04126,52.0,Male,6,53.12,3893.03,Month-to-month,No,Bank transfer,No,3,Yes,Yes,No
CUST04127,53.0,Male,0,22.84,106.54,Month-to-month,DSL,Electronic check,No,0,Yes,No,No
CUST04128,66.0,Male,2,64.99,,One year,Fiber optic,Bank transfer,No,2,Yes,Yes,No
CUST04129,33.0,Male,4,85.13,4114.51,Month-to-month,Fiber optic,Mailed check,Yes,1,Yes,No,No
CUST04130,18.0,Female,3,101.53,3817.04,Two year,DSL,Electronic check,No,1,No,Yes,No
CUST04131,32.0,Female,1,46.75,423.77,Month-to-month,DSL,Bank transfer,No,1,No,Yes,No
CUST04132,29.0,Male,0,71.36,438.77,Month-to-month,No,Mailed check,No,2,Yes,No,No
CUST04133,52.0,Male,3,86.19,3301.02,Two year,DSL,Credit card,No,1,Yes,Yes,No
CUST04134,50.0,Male,6,75.16,5473.27,Two year,No,Electronic check,No,0,No,Yes,No
CUST04135,48.0,Male,10,47.41,5741.61,Two year,DSL,Electronic check,Yes,3,No,No,No
CUST04136,19.0,Male,3,99.62,3570.85,One year,DSL,Credit card,No,2,Yes,No,No
CUST04137,55.0,Female,8,37.35,3684.83,Month-to-month,Fiber optic,Electronic check,No,1,Yes,No,No
CUST04138,35.0,Female,7,110.48,9197.37,Two year,DSL,Mailed check,No,2,No,No,Yes
CUST04139,52.0,Female,7,115.24,9596.69,Month-to-month,No,Credit card,Yes,0,Yes,Yes,No
CUST04140,46.0,Male,4,56.56,2721.03,Month-to-month,No,Bank transfer,No,2,No,Yes,Yes
CUST04141,35.0,Female,0,57.62,375.45,Month-to-month,Fiber optic,Mailed check,Yes,1,No,Yes,No
CUST04142,25.0,Female,8,94.32,9075.72,One year,No,Credit card,No,0,Yes,No,No
CUST04143,23.0,Female,1,65.63,913.04,Month-to-month,DSL,Bank transfer,No,1,Yes,No,No
CUST04144,60.0,Male,5,,1418.71,Two year,Fiber optic,Mailed check,No,1,No,No,No
CUST04145,65.0,Female,9,111.97,,Month-to-month,No,Mailed check,No,3,Yes,Yes,No
CUST04146,51.0,Female,4,63.08,3064.13,Month-to-month,Fiber optic,Electronic check,Yes,1,No,Yes,Yes
CUST04147,23.0,Female,9,40.36,4476.21,Month-to-month,DSL,Electronic check,No,0,No,Yes,No
CUST04148,39.0,Male,7,75.56,6392.57,Month-to-month,DSL,Credit card,No,2,No,Yes,No
CUST04149,55.0,Male,10,41.9,5075.53,Two year,Fiber optic,Bank transfer,Yes,2,Yes,No,No
CUST04150,58.0,Male,2,40.61,1062.79,Two year,Fiber optic,Mailed check,No,0,No,No,No
CUST04151,24.0,Male,5,74.57,,Month-to-month,DSL,Mailed check,No,1,Yes,No,No
CUST04152,18.0,Female,5,59.11,3375.29,Two year,Fiber optic,Credit card,No,1,No,Yes,No
CUST04153,54.0,Male,9,77.3,8227.17,One year,DSL,Electronic check,No,1,No,Yes,No
CUST04154,36.0,Male,2,119.66,3132.44,Month-to-month,Fiber optic,Mailed check,No,1,Yes,No,Yes
CUST04155,31.0,Male,6,105.89,7730.06,Two year,No,Mailed check,No,0,No,Yes,No
CUST04156,19.0,Male,10,20.79,2510.84,Two year,Fiber optic,Electronic check,No,3,No,Yes,No
CUST04157,46.0,Male,3,25.07,956.8,Month-to-month,Fiber optic,Bank transfer,No,7,No,No,No
CUST04158,61.0,Female,4,81.0,4037.16,Month-to-month,DSL,Bank transfer,No,2,No,Yes,No
CUST04159,67.0,Female,8,82.62,8056.17,Month-to-month,DSL,Electronic check,No,1,Yes,Yes,No
CUST04160,47.0,Male,5,107.8,6175.45,Month-to-month,DSL,Mailed check,Yes,3,Yes,No,Yes
CUST04161,44.0,Male,9,82.9,9093.36,Month-to-month,Fiber optic,Electronic check,No,2,Yes,Yes,No
CUST04162,22.0,Male,3,42.78,1463.31,One year,DSL,Bank transfer,No,3,Yes,Yes,No
CUST04163,46.0,Male,7,66.85,5425.52,Two year,DSL,Credit card,No,2,No,Yes,No
CUST04164,37.0,Female,8,100.89,9680.16,Month-to-month,Fiber optic,Credit card,No,2,No,No,No
CUST04165,49.0,Female,9,112.27,12422.65,Month-to-month,Fiber optic,Bank transfer,No,1,Yes,No,No
CUST04166,38.0,Female,4,43.7,2199.03,Two year,Fiber optic,Bank transfer,Yes,2,Yes,No,No
CUST04167,30.0,Female,1,73.96,1101.42,Month-to-month,Fiber optic,Bank transfer,No,1,No,No,No
CUST04168,23.0,Male,5,35.91,2099.78,Two year,DSL,Electronic check,No,0,No,No,No
CUST04169,34.0,Female,10,69.7,8445.72,Two year,DSL,Credit card,No,1,Yes,No,No
CUST04170,23.0,Female,7,29.03,2360.98,Two year,Fiber optic,Bank transfer,No,2,No,No,No
CUST04171,27.0,Female,4,,5687.29,One year,DSL,Mailed check,No,2,Yes,Yes,No
CUST04172,68.0,Male,0,83.8,514.75,Month-to-month,DSL,Credit card,Yes,5,No,Yes,No
CUST04173,41.0,Female,7,105.41,9168.1,Month-to-month,Fiber optic,Electronic check,No,1,Yes,No,No
CUST04174,45.0,Female,8,119.81,11314.81,Two year,Fiber optic,Mailed check,No,1,Yes,No,No
CUST04175,63.0,Female,0,38.28,295.05,Two year,DSL,Electronic check,No,4,Yes,No,Yes
CUST04176,69.0,Male,7,89.41,7333.64,Month-to-month,DSL,Bank transfer,No,5,No,Yes,No
CUST04177,48.0,Female,9,108.68,11599.0,Month-to-month,Fiber optic,Bank transfer,No,2,No,Yes,Yes
CUST04178,59.0,Female,1,77.59,835.91,Two year,DSL,Bank transfer,No,0,Yes,No,Yes
CUST04179,35.0,Female,3,83.96,3061.93,Month-to-month,DSL,Mailed check,No,2,No,Yes,No
CUST04180,34.0,Female,1,60.77,680.07,Month-to-month,Fiber optic,Bank transfer,Yes,0,Yes,No,No
CUST04181,39.0,Female,1,87.47,1017.47,Two year,DSL,Credit card,No,4,No,No,No
CUST04182,52.0,Male,9,59.56,6440.49,Month-to-month,DSL,Bank transfer,No,3,Yes,No,Yes
CUST04183,53.0,Female,2,67.66,1443.74,Month-to-month,Fiber optic,Credit card,No,1,Yes,Yes,Yes
CUST04184,34.0,Male,7,30.31,2575.86,One year,No,Mailed check,No,4,No,No,No
CUST04185,25.0,Female,3,20.8,767.45,Two year,No,Electronic check,No,2,Yes,No,No
CUST04186,50.0,Male,6,25.53,1909.58,Month-to-month,No,Electronic check,Yes,5,No,Yes,Yes
CUST04187,25.0,Female,9,39.26,4154.19,Month-to-month,Fiber optic,Credit card,Yes,7,Yes,Yes,No
CUST04188,48.0,Female,2,65.66,1391.1,One year,Fiber optic,Mailed check,No,0,Yes,No,Yes
CUST04189,53.0,Female,9,22.12,2340.13,One year,No,Credit card,No,0,No,No,No
CUST04190,54.0,Female,10,35.61,4256.33,Month-to-month,Fiber optic,Bank transfer,No,2,No,Yes,No
CUST04191,56.0,Female,2,98.13,2186.76,Month-to-month,DSL,Bank transfer,No,5,No,No,No
CUST04192,63.0,Female,1,96.21,990.72,One year,Fiber optic,Bank transfer,No,8,No,Yes,No
CUST04193,43.0,Male,5,98.96,6157.02,Two year,No,Electronic check,Yes,2,No,No,No
CUST04194,55.0,Male,5,112.14,6609.7,Two year,No,Credit card,No,1,No,No,Yes
CUST04195,50.0,Male,0,31.92,175.6,Two year,DSL,Mailed check,No,1,No,No,No
CUST04196,28.0,Male,6,36.33,2655.72,Two year,No,Credit card,No,3,No,Yes,No
CUST04197,19.0,Female,3,53.36,1869.79,Month-to-month,Fiber optic,Credit card,No,2,Yes,Yes,No
CUST04198,33.0,Female,10,111.5,13416.07,Two year,DSL,Credit card,No,2,Yes,Yes,Yes
CUST04199,41.0,Female,2,97.54,2354.27,Two year,No,Bank transfer,No,2,No,No,No
CUST04200,49.0,Male,7,52.42,4328.2,One year,No,Bank transfer,No,3,Yes,Yes,No
CUST04201,61.0,Male,1,28.78,382.85,Month-to-month,Fiber optic,Credit card,No,4,Yes,Yes,No
CUST04202,28.0,Female,8,81.63,8000.45,One year,No,Bank transfer,Yes,1,No,Yes,Yes
CUST04203,24.0,Female,7,45.69,3915.81,One year,Fiber optic,Electronic check,No,1,Yes,No,No
CUST04204,67.0,Male,7,73.11,6095.64,Month-to-month,Fiber optic,Bank transfer,No,3,Yes,Yes,No
CUST04205,24.0,Female,2,114.16,3036.47,One year,No,Electronic check,Yes,4,Yes,No,No
CUST04206,42.0,Female,3,77.26,,Two year,No,Electronic check,No,1,Yes,Yes,No
CUST04207,48.0,Male,1,112.37,1191.2,Two year,DSL,Credit card,No,1,Yes,No,No
CUST04208,46.0,Female,1,59.31,577.88,Month-to-month,DSL,Credit card,Yes,1,No,Yes,No
CUST04209,22.0,Male,3,83.33,3196.77,Month-to-month,DSL,Bank transfer,No,1,No,No,No
CUST04210,21.0,Female,5,109.37,6723.08,One year,No,Mailed check,No,0,Yes,No,Yes
CUST04211,23.0,Male,4,78.8,3692.81,Two year,Fiber optic,Credit card,No,2,No,Yes,No
CUST04212,48.0,Male,0,81.49,,One year,No,Electronic check,No,1,No,No,No
CUST04213,46.0,Female,9,91.62,9797.43,Two year,Fiber optic,Electronic check,No,2,No,Yes,No
CUST04214,30.0,Male,0,108.2,883.74,Month-to-month,Fiber optic,Bank transfer,No,0,No,Yes,Yes
CUST04215,51.0,Female,5,28.83,1685.13,One year,No,Electronic check,No,0,No,No,Yes
CUST04216,60.0,Male,2,53.69,1337.29,Two year,DSL,Credit card,No,2,No,Yes,No
CUST04217,20.0,Male,2,59.77,1554.48,One year,Fiber optic,Bank transfer,No,2,Yes,Yes,Yes
CUST04218,43.0,Male,6,110.95,7913.73,Two year,Fiber optic,Bank transfer,No,1,No,No,No
CUST04219,53.0,Male,0,115.58,389.39,One year,Fiber optic,Mailed check,Yes,3,No,Yes,Yes
CUST04220,31.0,Female,0,32.05,242.1,Two year,Fiber optic,Bank transfer,No,1,No,No,No
CUST04221,34.0,Male,9,31.93,3356.04,Month-to-month,No,Mailed check,No,1,Yes,Yes,No
CUST04222,49.0,Female,2,113.47,2948.52,Month-to-month,DSL,Credit card,No,2,Yes,No,No
CUST04223,64.0,Female,7,49.59,4123.77,Month-to-month,DSL,Electronic check,No,4,No,Yes,Yes
CUST04224,59.0,Female,0,44.19,345.05,One year,No,Credit card,Yes,2,No,No,Yes
CUST04225,48.0,Male,9,23.58,2553.15,Month-to-month,DSL,Bank transfer,No,1,Yes,Yes,No
CUST04226,55.0,Female,3,47.57,1672.29,Two year,DSL,Mailed check,No,2,Yes,Yes,Yes
CUST04227,37.0,Male,8,89.34,8791.18,Two year,DSL,Electronic check,No,1,No,No,No
CUST04228,51.0,Male,3,62.61,2354.15,One year,DSL,Bank transfer,No,3,Yes,Yes,No
CUST04229,42.0,Male,9,71.69,7561.78,Month-to-month,Fiber optic,Credit card,No,1,No,Yes,Yes
CUST04230,28.0,Male,7,111.71,9672.5,Two year,Fiber optic,Bank transfer,No,3,No,Yes,No
CUST04231,54.0,Male,6,31.48,2260.64,One year,Fiber optic,Mailed check,No,1,Yes,No,No
CUST04232,46.0,Female,2,27.14,594.22,Two year,Fiber optic,Credit card,No,8,No,Yes,Yes
CUST04233,36.0,Male,6,105.18,7744.04,Two year,DSL,Bank transfer,No,1,Yes,Yes,No
CUST04234,64.0,Male,6,97.47,7028.47,Two year,DSL,Mailed check,No,4,No,Yes,Yes
CUST04235,19.0,Female,9,46.38,5057.42,One year,No,Bank transfer,No,1,Yes,No,Yes
CUST04236,34.0,Male,2,52.43,1319.37,Two year,Fiber optic,Mailed check,No,1,No,Yes,No
CUST04237,21.0,Male,1,51.04,519.7,One year,DSL,Bank transfer,Yes,1,No,Yes,Yes
CUST04238,57.0,Male,8,84.77,,One year,Fiber optic,Credit card,No,4,No,Yes,No
CUST04239,54.0,Female,0,26.14,94.97,One year,DSL,Credit card,No,1,No,Yes,No
CUST04240,35.0,Male,6,68.94,5007.48,One year,DSL,Credit card,No,1,No,Yes,No
CUST04241,52.0,Male,3,33.4,1131.59,Month-to-month,DSL,Credit card,No,1,No,Yes,No
CUST04242,38.0,Female,1,101.96,1454.35,Two year,No,Credit card,No,6,No,Yes,Yes
CUST04243,57.0,Female,1,58.07,583.0,Month-to-month,Fiber optic,Electronic check,No,1,Yes,Yes,No
CUST04244,41.0,Female,7,72.76,6085.77,One year,DSL,Bank transfer,Yes,1,Yes,Yes,No
CUST04245,39.0,Female,6,22.95,1595.55,Two year,Fiber optic,Credit card,No,5,No,No,Yes
CUST04246,66.0,Male,6,25.84,1852.72,Two year,No,Electronic check,No,4,No,Yes,No
CUST04247,31.0,Male,4,87.5,3939.56,Month-to-month,Fiber optic,Electronic check,No,1,Yes,No,No
CUST04248,24.0,Male,9,96.67,10407.18,Two year,DSL,Bank transfer,No,4,Yes,No,Yes
CUST04249,48.0,Male,7,91.0,7746.18,Two year,DSL,Mailed check,No,1,No,Yes,No
CUST04250,67.0,Male,1,93.69,946.01,One year,DSL,Bank transfer,No,0,No,Yes,Yes
CUST04251,37.0,Male,1,30.48,375.42,Two year,Fiber optic,Bank transfer,No,3,Yes,No,No
CUST04252,21.0,Female,4,89.34,4274.46,Month-to-month,Fiber optic,Mailed check,No,3,No,No,No
CUST04253,35.0,Female,0,38.19,191.31,Two year,DSL,Mailed check,Yes,1,No,No,No
CUST04254,44.0,Male,5,29.82,1819.61,One year,Fiber optic,Credit card,No,0,Yes,Yes,Yes
CUST04255,26.0,Female,3,95.71,3729.73,Month-to-month,Fiber optic,Mailed check,Yes,1,No,No,No
CUST04256,52.0,Male,5,108.93,6821.61,Month-to-month,No,Mailed check,No,3,No,No,Yes
CUST04257,69.0,Male,6,91.66,6858.23,One year,Fiber optic,Bank transfer,No,6,Yes,No,No
CUST04258,41.0,Female,2,100.55,2123.64,Month-to-month,Fiber optic,Bank transfer,No,1,No,No,No
CUST04259,36.0,Male,10,119.09,14116.64,Two year,No,Bank transfer,No,3,Yes,Yes,No
CUST04260,38.0,Male,7,33.49,2898.13,Month-to-month,DSL,Mailed check,Yes,1,Yes,No,Yes
CUST04261,24.0,Male,6,116.5,8072.02,One year,DSL,Electronic check,No,3,Yes,Yes,Yes
CUST04262,63.0,Female,0,80.12,415.71,One year,Fiber optic,Credit card,No,0,Yes,No,Yes
CUST04263,39.0,Female,5,101.31,6171.29,Two year,Fiber optic,Bank transfer,No,2,Yes,No,No
CUST04264,38.0,Male,6,85.01,6367.14,Two year,Fiber optic,Electronic check,No,1,Yes,Yes,No
CUST04265,52.0,Female,10,77.0,9136.52,Two year,No,Credit card,No,4,No,No,Yes
CUST04266,41.0,Female,3,90.35,3395.96,Two year,Fiber optic,Bank transfer,No,1,No,Yes,No
CUST04267,51.0,Female,1,52.03,674.46,One year,No,Electronic check,No,1,Yes,Yes,Yes
CUST04268,21.0,Female,9,112.41,12216.83,Two year,No,Credit card,No,3,Yes,Yes,Yes
CUST04269,59.0,Male,8,31.54,3074.27,Month-to-month,DSL,Bank transfer,Yes,2,No,Yes,No
CUST04270,66.0,Male,6,51.81,3653.85,Two year,Fiber optic,Bank transfer,No,1,Yes,No,No
CUST04271,51.0,Female,0,23.13,116.42,Month-to-month,No,Electronic check,No,2,No,Yes,Yes
CUST04272,67.0,Female,7,47.14,3976.98,Two year,Fiber optic,Mailed check,No,3,Yes,No,Yes
CUST04273,26.0,Female,2,41.83,988.67,Month-to-month,Fiber optic,Mailed check,No,2,Yes,Yes,No
CUST04274,42.0,Female,3,24.98,932.59,Month-to-month,Fiber optic,Bank transfer,No,0,Yes,Yes,Yes
CUST04275,49.0,Female,4,69.18,3445.31,Month-to-month,DSL,Electronic check,No,1,Yes,No,Yes
CUST04276,48.0,Female,0,66.86,412.43,Month-to-month,DSL,Mailed check,No,5,Yes,Yes,No
CUST04277,38.0,Female,5,27.79,1649.8,Month-to-month,Fiber optic,Mailed check,No,0,Yes,Yes,No
CUST04278,35.0,Female,9,46.19,5103.16,One year,Fiber optic,Mailed check,No,2,Yes,No,No
CUST04279,24.0,Female,5,115.31,7091.71,Two year,Fiber optic,Electronic check,Yes,2,No,Yes,No
CUST04280,38.0,Male,1,31.09,405.39,Month-to-month,No,Electronic check,No,0,No,Yes,No
CUST04281,26.0,Male,10,50.51,5927.0,Month-to-month,DSL,Credit card,Yes,1,Yes,No,No
CUST04282,55.0,Male,9,23.6,2553.26,Two year,DSL,Mailed check,Yes,5,Yes,No,No
CUST04283,29.0,Female,5,34.9,2014.9,Month-to-month,Fiber optic,Electronic check,No,0,No,No,No
CUST04284,21.0,Female,7,89.93,7640.87,Two year,No,Credit card,Yes,3,Yes,No,Yes
CUST04285,46.0,Female,5,56.68,3332.48,Month-to-month,Fiber optic,Bank transfer,No,3,Yes,Yes,Yes
CUST04286,48.0,Male,3,65.21,2440.86,One year,Fiber optic,Credit card,No,1,No,Yes,No
CUST04287,62.0,Male,3,35.71,1345.22,Month-to-month,Fiber optic,Mailed check,No,1,Yes,No,No
CUST04288,47.0,Female,8,88.21,8362.21,Month-to-month,Fiber optic,Electronic check,No,4,No,No,Yes
CUST04289,36.0,Male,5,95.14,5980.4,Two year,DSL,Mailed check,No,3,No,No,No
CUST04290,59.0,Male,7,38.12,3206.23,Month-to-month,DSL,Mailed check,No,0,Yes,Yes,No
CUST04291,,Male,7,24.52,2017.97,Two year,DSL,Bank transfer,No,1,No,Yes,No
CUST04292,22.0,Male,6,28.11,2070.4,One year,DSL,Electronic check,No,2,Yes,No,No
CUST04293,47.0,Female,2,85.7,2190.83,Two year,DSL,Electronic check,No,2,No,Yes,Yes
CUST04294,64.0,Male,9,33.57,3607.75,Two year,Fiber optic,Bank transfer,No,2,No,No,No
CUST04295,38.0,Female,0,69.39,482.39,Month-to-month,DSL,Electronic check,No,5,No,Yes,Yes
CUST04296,33.0,Male,4,35.28,1592.11,Two year,DSL,Credit card,No,2,Yes,Yes,No
CUST04297,25.0,Female,9,37.03,3952.64,Month-to-month,Fiber optic,Mailed check,No,4,No,Yes,No
CUST04298,26.0,Male,9,20.46,2256.05,One year,DSL,Bank transfer,Yes,3,Yes,Yes,No
CUST04299,40.0,Female,1,52.09,541.35,Two year,DSL,Bank transfer,No,0,No,Yes,Yes
CUST04300,48.0,Female,9,29.0,3202.15,One year,No,Mailed check,No,3,No,No,Yes
CUST04301,22.0,Male,1,59.4,741.27,Month-to-month,DSL,Bank transfer,No,2,No,Yes,No
CUST04302,66.0,Female,6,79.77,5936.62,One year,DSL,Electronic check,No,1,No,Yes,No
CUST04303,57.0,Female,10,56.76,6685.31,Two year,DSL,Electronic check,No,1,No,No,No
CUST04304,48.0,Male,2,90.5,2152.41,Two year,No,Mailed check,No,2,Yes,No,No
CUST04305,60.0,Male,7,94.14,7792.42,Two year,Fiber optic,Bank transfer,No,2,No,Yes,Yes
CUST04306,22.0,Female,8,89.65,8814.8,Month-to-month,DSL,Credit card,No,6,No,No,No
CUST04307,42.0,Female,7,113.65,9438.88,Two year,Fiber optic,Mailed check,No,4,No,No,No
CUST04308,50.0,Male,5,43.74,2647.61,Two year,DSL,Electronic check,No,1,No,No,No
CUST04309,60.0,Male,4,38.96,1946.57,Month-to-month,Fiber optic,Electronic check,No,3,Yes,No,No
CUST04310,58.0,Female,2,80.97,1811.56,Month-to-month,Fiber optic,Electronic check,No,0,No,Yes,Yes
CUST04311,32.0,Female,2,79.48,1690.98,Two year,DSL,Credit card,No,0,No,No,Yes
CUST04312,66.0,Female,6,71.01,5110.18,Two year,Fiber optic,Electronic check,No,1,Yes,Yes,Yes
CUST04313,24.0,Male,4,20.46,1004.39,Month-to-month,Fiber optic,Mailed check,Yes,2,No,Yes,No
CUST04314,63.0,Female,5,75.52,4630.65,Two year,No,Mailed check,Yes,1,No,Yes,No
CUST04315,68.0,Male,5,113.26,6739.48,One year,No,Mailed check,No,1,Yes,Yes,Yes
CUST04316,27.0,Male,8,53.46,4997.41,Two year,Fiber optic,Electronic check,No,1,Yes,No,No
CUST04317,55.0,Female,0,116.74,632.61,Month-to-month,No,Credit card,No,1,Yes,No,Yes
CUST04318,20.0,Female,7,55.68,4550.95,One year,Fiber optic,Credit card,No,5,No,Yes,No
CUST04319,39.0,Male,9,34.0,3584.72,Month-to-month,No,Electronic check,No,9,No,No,No
CUST04320,44.0,Male,4,59.84,2801.95,Two year,Fiber optic,Bank transfer,No,3,No,Yes,Yes
CUST04321,48.0,Female,5,69.46,4283.22,Month-to-month,Fiber optic,Bank transfer,No,2,Yes,Yes,No
CUST04322,66.0,Female,5,82.94,5110.02,Two year,No,Mailed check,No,3,Yes,Yes,No
CUST04323,52.0,Female,0,70.49,468.62,Month-to-month,No,Credit card,Yes,3,No,Yes,No
CUST04324,43.0,Female,2,73.67,1912.29,Two year,DSL,Electronic check,No,3,No,No,No
CUST04325,59.0,Male,5,22.43,1345.66,One year,DSL,Credit card,Yes,0,No,No,No
CUST04326,66.0,Female,10,45.37,5374.78,Month-to-month,No,Credit card,Yes,1,Yes,No,No
CUST04327,19.0,Female,10,51.08,6150.71,Month-to-month,Fiber optic,Bank transfer,No,1,Yes,Yes,No
CUST04328,68.0,Female,8,118.69,11695.59,Month-to-month,No,Credit card,No,1,Yes,No,No
CUST04329,22.0,Female,5,49.56,2835.95,Two year,Fiber optic,Credit card,No,1,No,Yes,Yes
CUST04330,60.0,Female,5,109.64,6884.33,One year,No,Electronic check,No,3,Yes,No,Yes
CUST04331,32.0,Male,0,50.48,376.89,Month-to-month,DSL,Electronic check,No,3,No,Yes,Yes
CUST04332,25.0,Male,8,29.63,2877.32,Month-to-month,DSL,Credit card,No,0,No,No,No
CUST04333,40.0,Female,3,44.77,1642.37,One year,Fiber optic,Credit card,Yes,1,No,No,No
CUST04334,51.0,Male,1,47.29,498.76,Month-to-month,No,Electronic check,Yes,2,Yes,Yes,Yes
CUST04335,37.0,Male,0,117.81,979.49,Month-to-month,Fiber optic,Bank transfer,No,0,No,Yes,No
CUST04336,21.0,Female,2,87.42,2345.43,One year,Fiber optic,Electronic check,No,0,No,No,No
CUST04337,49.0,Female,2,113.15,3003.57,One year,Fiber optic,Electronic check,No,3,Yes,Yes,No
CUST04338,64.0,Male,4,103.49,4724.44,One year,Fiber optic,Electronic check,No,2,Yes,No,No
CUST04339,38.0,Female,0,77.86,577.62,Month-to-month,No,Electronic check,No,4,Yes,Yes,Yes
CUST04340,29.0,Female,6,87.53,6332.04,Month-to-month,DSL,Electronic check,No,3,No,Yes,Yes
CUST04341,41.0,Female,0,82.48,637.56,Two year,DSL,Bank transfer,No,4,Yes,Yes,Yes
CUST04342,20.0,Female,3,86.62,3041.54,Two year,Fiber optic,Mailed check,No,0,Yes,No,No
CUST04343,60.0,Male,5,46.49,2916.66,One year,DSL,Electronic check,No,1,Yes,Yes,No
CUST04344,60.0,Male,0,60.82,296.52,Month-to-month,No,Electronic check,Yes,1,Yes,No,Yes
CUST04345,48.0,Male,6,79.26,5819.74,One year,DSL,Bank transfer,Yes,0,No,Yes,No
CUST04346,36.0,Female,9,23.61,2550.57,Two year,No,Mailed check,No,2,No,No,No
CUST04347,59.0,Female,6,68.28,4964.35,One year,No,Credit card,No,3,Yes,No,Yes
CUST04348,46.0,Female,2,105.96,2298.66,Two year,DSL,Bank transfer,No,5,Yes,No,No
CUST04349,60.0,Female,3,69.24,2538.58,Month-to-month,No,Electronic check,Yes,4,No,Yes,No
CUST04350,50.0,Female,5,75.23,4542.49,Two year,Fiber optic,Credit card,No,2,No,No,No
CUST04351,58.0,Female,10,40.2,4877.1,One year,Fiber optic,Bank transfer,Yes,2,Yes,Yes,Yes
CUST04352,49.0,Male,6,99.42,7031.78,One year,DSL,Credit card,No,1,Yes,No,Yes
CUST04353,39.0,Male,3,55.89,2123.6,One year,No,Bank transfer,No,2,Yes,Yes,Yes
CUST04354,67.0,Female,9,115.64,12798.12,One year,Fiber optic,Bank transfer,No,4,Yes,No,No
CUST04355,46.0,Male,10,119.35,14595.78,Two year,No,Credit card,No,0,No,Yes,No
CUST04356,49.0,Male,8,111.58,10639.27,Two year,Fiber optic,Mailed check,No,2,Yes,Yes,No
CUST04357,29.0,Female,8,28.5,2781.25,Month-to-month,Fiber optic,Credit card,No,4,Yes,Yes,No
CUST04358,50.0,Male,8,53.32,5076.01,One year,DSL,Credit card,No,0,Yes,Yes,No
CUST04359,47.0,Female,9,114.5,12615.01,Two year,DSL,Mailed check,No,7,Yes,No,No
CUST04360,27.0,Male,5,100.44,5951.37,Month-to-month,Fiber optic,Credit card,Yes,0,Yes,No,No
CUST04361,21.0,Male,1,111.1,1123.93,Month-to-month,No,Mailed check,No,4,No,No,Yes
CUST04362,49.0,Male,1,77.25,921.96,Month-to-month,DSL,Mailed check,Yes,1,No,No,Yes
CUST04363,57.0,Female,10,68.04,8015.89,Month-to-month,No,Mailed check,No,0,Yes,Yes,No
CUST04364,45.0,Male,3,30.67,1119.95,Two year,No,Electronic check,No,1,No,No,No
CUST04365,30.0,Female,8,103.93,10025.37,Month-to-month,DSL,Bank transfer,Yes,3,No,No,Yes
CUST04366,52.0,Female,2,94.5,2262.89,One year,DSL,Electronic check,No,4,Yes,Yes,Yes
CUST04367,22.0,Female,5,25.91,1570.44,Month-to-month,No,Bank transfer,Yes,2,No,No,No
CUST04368,41.0,Male,1,40.95,608.23,Month-to-month,DSL,Electronic check,No,4,No,Yes,No
CUST04369,26.0,Male,0,75.73,401.32,Two year,DSL,Mailed check,No,3,No,Yes,No
CUST04370,27.0,Female,4,88.43,4203.8,One year,DSL,Electronic check,No,0,Yes,No,Yes
CUST04371,28.0,Female,7,33.78,2791.85,Month-to-month,No,Bank transfer,Yes,3,Yes,Yes,Yes
CUST04372,38.0,Female,9,44.49,4720.97,Two year,Fiber optic,Electronic check,Yes,1,No,No,Yes
CUST04373,21.0,Male,9,39.32,4197.18,One year,DSL,Credit card,No,2,Yes,No,Yes
CUST04374,38.0,Female,1,42.01,431.7,One year,DSL,Credit card,No,0,No,Yes,No
CUST04375,44.0,Male,9,112.05,12056.48,One year,Fiber optic,Mailed check,No,1,No,No,No
CUST04376,43.0,Male,8,,8644.51,Month-to-month,DSL,Electronic check,No,2,No,No,No
CUST04377,38.0,Male,7,93.7,7880.66,One year,No,Electronic check,No,1,Yes,Yes,No
CUST04378,61.0,Male,2,99.39,2257.88,One year,Fiber optic,Bank transfer,No,2,Yes,No,Yes
CUST04379,25.0,Male,0,55.66,308.82,Month-to-month,Fiber optic,Bank transfer,Yes,4,No,No,Yes
CUST04380,44.0,Male,3,96.71,3266.36,Two year,DSL,Electronic check,No,0,Yes,Yes,No
CUST04381,21.0,Female,7,117.82,9659.5,Month-to-month,Fiber optic,Bank transfer,No,3,No,Yes,No
CUST04382,22.0,Male,2,89.83,2217.46,Two year,DSL,Credit card,No,2,Yes,Yes,No
CUST04383,47.0,Female,9,61.68,6685.47,Month-to-month,No,Credit card,No,0,No,Yes,No
CUST04384,47.0,Male,1,91.63,918.78,Two year,Fiber optic,Mailed check,No,3,Yes,No,Yes
CUST04385,63.0,Male,6,110.06,7789.06,Two year,DSL,Credit card,No,1,Yes,No,No
CUST04386,46.0,Male,3,32.89,1129.11,Month-to-month,DSL,Bank transfer,No,1,Yes,Yes,No
CUST04387,67.0,Male,5,46.54,2875.39,Two year,No,Bank transfer,No,0,No,Yes,No
CUST04388,20.0,Female,4,111.91,5281.04,One year,DSL,Bank transfer,No,2,No,No,No
CUST04389,23.0,Male,1,114.61,1310.6,Two year,Fiber optic,Bank transfer,No,2,Yes,Yes,Yes
CUST04390,20.0,Female,9,68.41,7456.46,Two year,Fiber optic,Electronic check,No,1,No,No,No
CUST04391,27.0,Male,1,57.46,629.38,Month-to-month,DSL,Electronic check,Yes,1,Yes,No,No
CUST04392,46.0,Female,8,48.29,4600.14,Month-to-month,Fiber optic,Electronic check,No,3,No,Yes,No
CUST04393,51.0,Female,10,69.88,8509.92,Month-to-month,Fiber optic,Electronic check,No,4,No,Yes,No
CUST04394,20.0,Male,9,113.44,12451.52,One year,Fiber optic,Credit card,No,2,Yes,No,No
CUST04395,66.0,Male,1,34.99,441.9,Month-to-month,DSL,Bank transfer,No,1,No,Yes,No
CUST04396,61.0,Male,7,61.99,5228.78,One year,No,Credit card,No,0,Yes,No,No
CUST04397,33.0,Female,7,111.14,9123.4,Month-to-month,DSL,Bank transfer,No,4,Yes,No,Yes
CUST04398,22.0,Male,0,54.92,320.67,One year,Fiber optic,Electronic check,No,0,Yes,No,No
CUST04399,27.0,Female,0,96.8,449.74,Month-to-month,DSL,Credit card,No,0,Yes,No,No
CUST04400,24.0,Female,3,58.93,2202.73,Month-to-month,No,Bank transfer,Yes,2,No,No,Yes
CUST04401,24.0,Female,1,100.48,1282.9,Month-to-month,DSL,Electronic check,No,3,Yes,Yes,Yes
CUST04402,44.0,Female,0,118.08,621.82,Two year,Fiber optic,Mailed check,Yes,2,Yes,No,No
CUST04403,31.0,Female,8,58.79,5655.9,Two year,Fiber optic,Bank transfer,No,0,No,No,Yes
CUST04404,36.0,Male,2,104.5,2458.42,Month-to-month,No,Mailed check,No,3,Yes,No,No
CUST04405,68.0,Female,0,118.82,460.87,Two year,Fiber optic,Bank transfer,No,2,Yes,No,No
CUST04406,53.0,Female,1,118.36,1619.76,Two year,Fiber optic,Electronic check,No,3,Yes,Yes,No
CUST04407,66.0,Male,7,63.38,5475.35,Two year,No,Credit card,No,1,Yes,Yes,No
CUST04408,25.0,Female,4,68.58,3468.75,One year,Fiber optic,Bank transfer,No,3,Yes,Yes,No
CUST04409,37.0,Male,10,50.35,6129.12,Month-to-month,No,Mailed check,No,2,No,No,No
CUST04410,46.0,Female,6,51.41,3800.68,Month-to-month,DSL,Electronic check,No,2,No,Yes,Yes
CUST04411,22.0,Female,5,69.25,3970.25,Month-to-month,Fiber optic,Bank transfer,No,2,Yes,Yes,No
CUST04412,18.0,Male,0,40.06,308.14,One year,No,Mailed check,No,1,Yes,No,No
CUST04413,52.0,Female,5,91.1,5358.77,One year,No,Bank transfer,Yes,1,Yes,Yes,Yes
CUST04414,51.0,Male,10,73.63,8675.53,One year,No,Mailed check,Yes,0,No,Yes,No
CUST04415,39.0,Male,6,109.79,,Month-to-month,Fiber optic,Bank transfer,Yes,1,Yes,No,No
CUST04416,43.0,Male,3,101.05,3680.32,Month-to-month,No,Credit card,No,2,Yes,No,Yes
CUST04417,39.0,Female,7,52.25,4384.59,Two year,DSL,Credit card,No,3,Yes,No,No
CUST04418,19.0,Male,7,70.58,5993.44,Two year,DSL,Credit card,No,0,No,No,No
CUST04419,35.0,Male,6,95.04,6965.14,Two year,DSL,Credit card,No,4,Yes,No,Yes
CUST04420,27.0,Female,10,39.33,4634.24,Month-to-month,No,Electronic check,Yes,1,Yes,Yes,No
CUST04421,23.0,Male,1,23.18,294.4,Two year,DSL,Credit card,Yes,1,No,Yes,No
CUST04422,,Male,5,105.22,6031.71,Month-to-month,Fiber optic,Bank transfer,No,0,Yes,No,No
CUST04423,49.0,Male,5,33.77,2015.79,Two year,DSL,Electronic check,No,3,No,No,Yes
CUST04424,55.0,Male,6,108.93,7581.25,Month-to-month,DSL,Bank transfer,Yes,3,Yes,Yes,No
CUST04425,34.0,Male,5,111.34,6647.0,One year,Fiber optic,Mailed check,No,4,Yes,Yes,No
CUST04426,38.0,Male,1,66.07,664.2,Two year,Fiber optic,Credit card,No,1,Yes,Yes,No
CUST04427,30.0,Female,7,100.67,8597.53,Two year,DSL,Bank transfer,No,1,No,Yes,No
CUST04428,23.0,Female,3,56.32,2162.72,Two year,Fiber optic,Bank transfer,No,3,No,No,Yes
CUST04429,27.0,Male,8,105.81,9948.16,Two year,DSL,Bank transfer,No,3,Yes,Yes,No
CUST04430,59.0,Male,7,102.46,8751.72,One year,Fiber optic,Mailed check,Yes,5,No,No,Yes
CUST04431,53.0,Male,2,27.87,609.68,One year,DSL,Mailed check,No,1,Yes,Yes,No
CUST04432,46.0,Female,2,78.26,1847.04,Month-to-month,Fiber optic,Mailed check,No,3,No,Yes,No
CUST04433,42.0,Male,7,83.99,7118.79,Month-to-month,DSL,Bank transfer,No,0,Yes,Yes,No
CUST04434,65.0,Male,1,20.11,245.82,Two year,Fiber optic,Mailed check,No,2,No,No,No
CUST04435,22.0,Female,8,117.97,11011.91,Two year,DSL,Credit card,No,0,No,Yes,No
CUST04436,32.0,Male,3,60.66,2133.79,Month-to-month,Fiber optic,Mailed check,No,3,Yes,No,Yes
CUST04437,36.0,Male,5,71.73,4291.17,Month-to-month,DSL,Mailed check,No,2,No,Yes,Yes
CUST04438,58.0,Female,2,39.49,922.09,Month-to-month,Fiber optic,Bank transfer,No,0,No,Yes,No
CUST04439,69.0,Female,2,81.09,2026.62,Two year,Fiber optic,Bank transfer,No,1,Yes,Yes,No
CUST04440,30.0,Male,2,101.05,2660.54,Month-to-month,No,Bank transfer,No,1,Yes,Yes,Yes
CUST04441,63.0,Female,10,78.59,9509.35,Month-to-month,No,Bank transfer,No,1,No,No,Yes
CUST04442,60.0,Male,9,,10722.86,Month-to-month,Fiber optic,Credit card,No,0,Yes,Yes,No
CUST04443,29.0,Female,1,93.1,921.18,Month-to-month,Fiber optic,Bank transfer,No,1,Yes,Yes,Yes
CUST04444,38.0,Male,7,43.78,3637.51,Two year,Fiber optic,Electronic check,No,3,No,No,Yes
CUST04445,39.0,Female,8,63.58,6122.47,Two year,Fiber optic,Electronic check,No,1,No,Yes,No
CUST04446,68.0,Female,7,34.88,3020.48,Month-to-month,Fiber optic,Bank transfer,No,1,No,Yes,Yes
CUST04447,27.0,Female,9,24.21,2586.53,Month-to-month,DSL,Bank transfer,No,5,Yes,Yes,No
CUST04448,59.0,Female,2,26.32,606.19,Two year,DSL,Credit card,Yes,0,Yes,No,No
CUST04449,35.0,Female,6,114.23,8286.11,Two year,Fiber optic,Electronic check,No,3,No,Yes,No
CUST04450,55.0,Male,10,118.43,14496.15,Month-to-month,Fiber optic,Mailed check,No,2,Yes,No,No
CUST04451,39.0,Male,9,29.51,3195.16,Month-to-month,Fiber optic,Credit card,Yes,5,No,Yes,No
CUST04452,47.0,Female,1,53.53,537.75,Two year,DSL,Mailed check,Yes,1,No,No,No
CUST04453,60.0,Female,3,31.46,1052.34,One year,Fiber optic,Bank transfer,No,3,Yes,Yes,No
CUST04454,59.0,Male,5,103.41,6445.92,Two year,No,Electronic check,No,0,Yes,Yes,No
CUST04455,62.0,Female,10,69.63,8426.58,Month-to-month,DSL,Mailed check,No,4,No,Yes,No
CUST04456,21.0,Female,4,82.12,3804.12,One year,Fiber optic,Electronic check,No,1,Yes,No,Yes
CUST04457,53.0,Female,8,73.99,7202.66,One year,No,Mailed check,Yes,2,Yes,Yes,Yes
CUST04458,25.0,Female,9,91.02,9949.74,Two year,DSL,Credit card,No,0,No,Yes,No
CUST04459,39.0,Male,3,51.92,1953.91,Two year,No,Bank transfer,No,5,No,No,No
CUST04460,46.0,Male,4,33.76,1700.11,Month-to-month,No,Electronic check,No,3,Yes,Yes,No
CUST04461,39.0,Male,3,21.78,738.65,One year,DSL,Credit card,No,0,Yes,No,No
CUST04462,45.0,Male,7,64.57,5600.96,Month-to-month,DSL,Electronic check,No,1,Yes,Yes,No
CUST04463,69.0,Female,7,110.77,9635.76,Two year,DSL,Mailed check,Yes,1,No,No,No
CUST04464,25.0,Female,2,50.53,1065.62,Two year,DSL,Mailed check,No,1,No,Yes,Yes
CUST04465,52.0,Female,0,39.61,140.52,Two year,No,Bank transfer,No,1,No,No,Yes
CUST04466,38.0,Female,5,112.59,6710.62,Month-to-month,DSL,Mailed check,No,9,No,Yes,No
CUST04467,25.0,Male,1,30.56,281.36,Month-to-month,No,Bank transfer,No,3,No,Yes,No
CUST04468,26.0,Male,1,25.2,337.89,Month-to-month,DSL,Bank transfer,No,4,Yes,Yes,Yes
CUST04469,66.0,Male,2,107.93,2687.83,Month-to-month,No,Credit card,No,2,No,No,No
CUST04470,63.0,Male,7,90.08,7716.06,Month-to-month,DSL,Bank transfer,No,3,No,No,No
CUST04471,64.0,Female,2,62.21,,Two year,Fiber optic,Credit card,No,2,Yes,Yes,No
CUST04472,69.0,Male,6,95.22,7103.78,One year,DSL,Electronic check,No,1,No,No,No
CUST04473,29.0,Male,9,94.13,10053.46,One year,DSL,Mailed check,No,2,No,No,Yes
CUST04474,36.0,Male,9,24.02,2579.72,Two year,DSL,Mailed check,No,2,Yes,Yes,No
CUST04475,52.0,Female,8,87.62,8556.37,Two year,DSL,Mailed check,Yes,7,No,No,No
CUST04476,43.0,Male,7,84.08,7006.43,One year,DSL,Bank transfer,No,2,Yes,No,Yes
CUST04477,39.0,Male,0,116.36,836.83,Month-to-month,Fiber optic,Credit card,No,3,Yes,Yes,Yes
CUST04478,36.0,Male,6,116.64,8691.32,Month-to-month,DSL,Credit card,No,3,Yes,No,No
CUST04479,48.0,Female,6,57.78,4127.87,One year,Fiber optic,Credit card,No,2,Yes,Yes,No
CUST04480,47.0,Male,7,78.98,6663.05,Two year,Fiber optic,Bank transfer,No,2,No,No,No
CUST04481,26.0,Female,9,34.15,3758.17,Two year,Fiber optic,Mailed check,No,1,No,Yes,Yes
CUST04482,42.0,Female,4,26.66,1276.25,One year,No,Mailed check,No,0,No,No,No
CUST04483,46.0,Female,9,63.28,6754.25,Two year,No,Credit card,Yes,3,Yes,Yes,Yes
CUST04484,47.0,Female,8,88.98,8413.03,Two year,Fiber optic,Bank transfer,Yes,4,Yes,Yes,Yes
CUST04485,29.0,Male,8,76.77,7173.04,Two year,DSL,Mailed check,No,1,No,Yes,No
CUST04486,56.0,Male,7,62.97,5225.26,Two year,Fiber optic,Bank transfer,Yes,4,Yes,No,Yes
CUST04487,19.0,Male,5,101.8,6221.43,Month-to-month,Fiber optic,Electronic check,No,1,No,No,No
CUST04488,36.0,Female,5,99.43,5702.67,Month-to-month,DSL,Electronic check,No,2,Yes,Yes,Yes
CUST04489,58.0,Male,0,93.18,432.91,Month-to-month,Fiber optic,Bank transfer,No,1,No,Yes,No
CUST04490,47.0,Male,5,27.72,1598.61,One year,DSL,Electronic check,No,0,Yes,Yes,No
CUST04491,31.0,Female,3,99.64,3529.76,One year,DSL,Mailed check,No,0,Yes,No,Yes
CUST04492,53.0,Female,3,111.93,3756.25,Month-to-month,Fiber optic,Credit card,No,1,No,Yes,Yes
CUST04493,47.0,Male,1,25.96,349.87,Two year,DSL,Bank transfer,No,0,Yes,No,No
CUST04494,59.0,Female,10,60.17,7375.06,Month-to-month,DSL,Electronic check,No,0,No,Yes,Yes
CUST04495,55.0,Female,3,118.82,4058.04,Two year,DSL,Credit card,No,0,No,No,Yes
CUST04496,49.0,Male,4,79.92,3716.55,One year,DSL,Mailed check,No,0,Yes,Yes,Yes
CUST04497,43.0,Male,4,71.36,3279.64,Month-to-month,DSL,Mailed check,No,1,Yes,Yes,No
CUST04498,25.0,Female,4,37.76,1741.55,Month-to-month,DSL,Bank transfer,No,2,No,Yes,Yes
CUST04499,31.0,Female,3,76.55,2669.11,Month-to-month,DSL,Credit card,No,3,Yes,No,No
CUST04500,39.0,Male,0,63.91,299.53,Month-to-month,DSL,Mailed check,Yes,1,Yes,No,No
CUST04501,49.0,Male,9,32.76,3515.42,Two year,DSL,Bank transfer,No,0,Yes,No,No
CUST04502,44.0,Female,7,66.43,5590.46,Month-to-month,Fiber optic,Electronic check,No,3,Yes,No,Yes
CUST04503,33.0,Female,2,36.45,924.65,Two year,DSL,Credit card,No,0,Yes,Yes,No
CUST04504,18.0,Female,1,93.06,1331.36,Month-to-month,Fiber optic,Mailed check,No,3,Yes,Yes,No
CUST04505,43.0,Male,8,117.35,11236.61,Month-to-month,Fiber optic,Electronic check,No,0,Yes,No,No
CUST04506,33.0,Male,6,66.96,4985.35,Two year,Fiber optic,Credit card,No,1,Yes,No,No
CUST04507,55.0,Female,8,83.23,8080.0,One year,Fiber optic,Credit card,No,0,No,Yes,No
CUST04508,19.0,Male,1,63.1,843.87,One year,DSL,Credit card,No,1,Yes,Yes,No
CUST04509,48.0,Female,8,33.86,3255.06,Month-to-month,No,Mailed check,Yes,3,Yes,No,Yes
CUST04510,66.0,Female,9,117.04,12656.27,Month-to-month,DSL,Credit card,Yes,0,Yes,No,No
CUST04511,27.0,Male,8,32.97,3171.7,Month-to-month,DSL,Electronic check,No,8,No,Yes,Yes
CUST04512,42.0,Female,10,,3739.89,One year,DSL,Mailed check,No,1,Yes,No,No
CUST04513,23.0,Male,8,65.92,6311.95,Month-to-month,No,Credit card,No,4,No,Yes,No
CUST04514,50.0,Female,9,85.88,9416.78,One year,No,Electronic check,No,1,Yes,No,Yes
CUST04515,46.0,Male,9,55.5,5956.4,Two year,No,Mailed check,Yes,1,No,No,Yes
CUST04516,39.0,Male,3,39.26,1344.42,Month-to-month,Fiber optic,Credit card,No,2,Yes,Yes,No
CUST04517,45.0,Female,9,101.88,10780.65,Two year,No,Bank transfer,Yes,0,No,No,No
CUST04518,64.0,Female,2,56.32,1479.84,Month-to-month,DSL,Bank transfer,Yes,3,Yes,No,No
CUST04519,28.0,Male,5,39.44,2452.54,Two year,Fiber optic,Credit card,Yes,2,Yes,Yes,No
CUST04520,19.0,Female,2,56.51,1269.41,Two year,No,Bank transfer,No,3,Yes,Yes,No
CUST04521,62.0,Male,10,41.47,4881.03,Month-to-month,Fiber optic,Mailed check,No,1,No,No,No
CUST04522,47.0,Male,8,71.94,7105.39,Two year,DSL,Credit card,No,2,Yes,No,No
CUST04523,63.0,Male,2,86.82,2074.36,Month-to-month,Fiber optic,Electronic check,No,2,No,No,Yes
CUST04524,48.0,Male,1,99.94,955.49,Month-to-month,DSL,Bank transfer,No,3,Yes,Yes,Yes
CUST04525,,Male,7,42.77,3519.38,One year,DSL,Credit card,Yes,1,Yes,Yes,No
CUST04526,40.0,Male,5,36.71,2247.4,Two year,Fiber optic,Mailed check,No,5,No,No,No
CUST04527,56.0,Male,7,21.98,1791.07,Two year,DSL,Credit card,No,6,Yes,Yes,No
CUST04528,65.0,Male,6,42.82,3065.82,Month-to-month,DSL,Electronic check,No,4,Yes,No,Yes
CUST04529,47.0,Male,2,22.41,528.09,One year,Fiber optic,Electronic check,No,2,Yes,Yes,Yes
CUST04530,27.0,Female,7,54.55,4643.28,Month-to-month,Fiber optic,Credit card,No,2,No,No,No
CUST04531,32.0,Male,9,34.58,3672.64,One year,DSL,Credit card,Yes,0,Yes,No,Yes
CUST04532,28.0,Female,0,77.99,694.28,One year,DSL,Credit card,No,5,Yes,Yes,No
CUST04533,31.0,Female,0,58.38,229.52,Month-to-month,No,Credit card,No,5,No,Yes,No
CUST04534,34.0,Female,9,29.37,3189.81,One year,DSL,Mailed check,No,0,Yes,No,No
CUST04535,46.0,Female,7,59.99,4977.34,Two year,Fiber optic,Credit card,No,1,No,Yes,No
CUST04536,48.0,Female,8,40.95,3840.66,One year,No,Mailed check,No,4,No,Yes,No
CUST04537,40.0,Male,9,88.01,9525.67,Two year,Fiber optic,Credit card,No,0,No,Yes,No
CUST04538,49.0,Female,5,56.45,3275.01,Month-to-month,DSL,Mailed check,No,1,Yes,Yes,No
CUST04539,22.0,Female,4,34.72,1703.88,Two year,DSL,Electronic check,No,6,No,Yes,No
CUST04540,22.0,Female,1,54.97,505.39,Month-to-month,Fiber optic,Bank transfer,No,3,Yes,Yes,No
CUST04541,27.0,Female,10,42.45,5096.51,One year,Fiber optic,Credit card,No,4,No,No,No
CUST04542,44.0,Male,8,99.57,9390.46,Two year,Fiber optic,Credit card,Yes,0,No,Yes,Yes
CUST04543,29.0,Female,5,118.32,7418.5,Two year,DSL,Electronic check,No,1,No,Yes,No
CUST04544,32.0,Female,7,22.57,1924.23,Month-to-month,DSL,Bank transfer,No,2,Yes,No,No
CUST04545,38.0,Male,8,88.99,8679.78,Month-to-month,DSL,Electronic check,No,2,No,Yes,No
CUST04546,59.0,Male,8,46.41,4512.08,One year,Fiber optic,Electronic check,No,1,No,Yes,No
CUST04547,19.0,Female,7,26.66,2265.82,Month-to-month,Fiber optic,Credit card,No,4,No,No,No
CUST04548,51.0,Female,9,21.45,2270.5,One year,DSL,Credit card,No,4,No,No,No
CUST04549,52.0,Male,7,108.09,9401.79,Month-to-month,Fiber optic,Electronic check,No,1,Yes,No,No
CUST04550,59.0,Female,2,55.37,1381.08,Month-to-month,Fiber optic,Credit card,No,1,Yes,Yes,Yes
CUST04551,66.0,Male,2,119.43,3151.2,Month-to-month,No,Credit card,No,0,No,Yes,Yes
CUST04552,19.0,Male,1,64.24,772.35,Month-to-month,Fiber optic,Credit card,Yes,2,No,No,Yes
CUST04553,26.0,Male,0,38.77,182.84,Two year,Fiber optic,Bank transfer,No,0,Yes,No,Yes
CUST04554,63.0,Male,3,97.7,3480.52,One year,Fiber optic,Bank transfer,No,2,No,No,No
CUST04555,41.0,Male,1,112.63,1283.44,One year,Fiber optic,Credit card,No,2,Yes,Yes,Yes
CUST04556,47.0,Male,1,101.55,923.67,Month-to-month,Fiber optic,Electronic check,No,4,No,Yes,No
CUST04557,52.0,Female,10,94.51,11440.41,Month-to-month,Fiber optic,Bank transfer,No,1,No,Yes,Yes
CUST04558,53.0,Female,10,53.48,6493.44,Month-to-month,DSL,Electronic check,Yes,2,No,Yes,Yes
CUST04559,66.0,Male,4,26.47,1197.49,Month-to-month,Fiber optic,Mailed check,No,3,Yes,No,No
CUST04560,69.0,Male,3,40.14,1383.92,Two year,DSL,Mailed check,No,2,No,Yes,Yes
CUST04561,55.0,Male,0,64.68,451.92,Two year,No,Credit card,No,5,No,Yes,No
CUST04562,,Female,8,115.6,10974.23,Two year,DSL,Electronic check,Yes,2,No,Yes,No
CUST04563,63.0,Male,3,92.28,3562.16,One year,DSL,Electronic check,No,4,No,No,No
CUST04564,21.0,Male,4,102.82,4696.14,One year,DSL,Mailed check,Yes,1,No,No,No
CUST04565,30.0,Female,6,47.74,3559.77,Two year,DSL,Bank transfer,No,2,No,Yes,Yes
CUST04566,64.0,Female,1,88.37,1280.0,One year,DSL,Electronic check,No,2,Yes,Yes,Yes
CUST04567,,Male,7,106.23,9213.76,One year,DSL,Electronic check,No,7,No,No,No
CUST04568,29.0,Male,10,67.94,7980.69,One year,DSL,Bank transfer,No,1,No,No,No
CUST04569,25.0,Male,1,62.99,669.88,Two year,DSL,Credit card,No,0,Yes,Yes,No
CUST04570,62.0,Female,10,91.93,10894.63,One year,No,Mailed check,No,2,Yes,Yes,No
CUST04571,44.0,Female,9,75.99,8382.46,One year,DSL,Electronic check,No,1,Yes,No,No
CUST04572,52.0,Male,4,119.3,5946.15,Two year,No,Credit card,No,2,Yes,Yes,No
CUST04573,30.0,Female,1,62.51,622.22,Two year,No,Credit card,Yes,6,Yes,Yes,No
CUST04574,57.0,Male,1,37.61,370.39,Month-to-month,DSL,Credit card,No,5,No,Yes,Yes
CUST04575,57.0,Male,3,67.19,,Two year,DSL,Bank transfer,No,1,Yes,No,Yes
CUST04576,34.0,Male,3,43.53,1481.8,Month-to-month,DSL,Credit card,No,1,No,No,No
CUST04577,39.0,Male,7,76.12,6383.32,Two year,Fiber optic,Electronic check,No,2,No,No,No
CUST04578,29.0,Male,5,32.59,2023.09,Month-to-month,Fiber optic,Credit card,Yes,2,No,Yes,No
CUST04579,68.0,Male,9,114.98,12417.74,Month-to-month,DSL,Credit card,No,3,Yes,Yes,No
CUST04580,51.0,Male,7,105.97,9044.01,Two year,DSL,Credit card,No,3,Yes,Yes,Yes
CUST04581,66.0,Male,6,35.57,2507.72,One year,Fiber optic,Mailed check,No,2,Yes,No,No
CUST04582,33.0,Female,9,37.25,3970.91,Month-to-month,DSL,Electronic check,No,0,No,No,Yes
CUST04583,58.0,Male,3,71.24,2604.85,Month-to-month,No,Mailed check,No,3,Yes,Yes,No
CUST04584,57.0,Male,1,97.28,1373.03,Two year,DSL,Mailed check,No,0,Yes,No,No
CUST04585,53.0,Female,8,41.92,4032.07,Month-to-month,DSL,Credit card,No,0,Yes,Yes,No
CUST04586,67.0,Female,1,26.11,266.1,Month-to-month,DSL,Credit card,Yes,3,Yes,Yes,Yes
CUST04587,38.0,Female,0,74.55,321.09,One year,Fiber optic,Credit card,No,2,No,No,No
CUST04588,25.0,Male,7,89.15,7551.36,One year,DSL,Bank transfer,Yes,3,Yes,Yes,No
CUST04589,52.0,Male,9,44.45,4694.48,Two year,DSL,Electronic check,No,1,No,Yes,Yes
CUST04590,55.0,Female,8,93.97,8775.86,Two year,DSL,Bank transfer,No,0,Yes,No,No
CUST04591,47.0,Female,0,115.05,416.09,Two year,DSL,Electronic check,No,1,Yes,No,Yes
CUST04592,29.0,Male,6,33.72,2406.2,Two year,Fiber optic,Credit card,No,2,No,Yes,Yes
CUST04593,44.0,Female,1,71.1,791.1,Two year,DSL,Electronic check,No,1,No,No,No
CUST04594,34.0,Male,5,25.7,1465.34,Month-to-month,Fiber optic,Electronic check,No,3,Yes,No,No
CUST04595,40.0,Female,10,40.68,4798.77,One year,DSL,Mailed check,No,3,Yes,Yes,No
CUST04596,51.0,Female,4,29.0,1365.39,One year,Fiber optic,Electronic check,No,2,No,No,Yes
CUST04597,56.0,Female,0,60.4,337.04,One year,Fiber optic,Electronic check,No,4,No,Yes,No
CUST04598,30.0,Female,1,102.07,1165.01,Month-to-month,Fiber optic,Mailed check,Yes,4,No,No,No
CUST04599,39.0,Female,1,77.71,848.41,One year,Fiber optic,Bank transfer,Yes,4,No,No,No
CUST04600,32.0,Male,9,42.27,4644.22,Two year,DSL,Electronic check,No,3,Yes,No,Yes
CUST04601,28.0,Male,9,24.03,2583.07,Month-to-month,No,Bank transfer,No,1,No,Yes,No
CUST04602,58.0,Male,5,75.34,,One year,Fiber optic,Bank transfer,No,2,Yes,No,No
CUST04603,64.0,Male,10,33.29,4061.74,One year,DSL,Credit card,No,3,Yes,Yes,Yes
CUST04604,37.0,Female,0,54.28,440.88,Month-to-month,DSL,Electronic check,No,1,No,No,Yes
CUST04605,56.0,Male,10,71.02,8674.39,One year,DSL,Mailed check,No,3,No,Yes,No
CUST04606,64.0,Male,3,110.36,3969.31,Month-to-month,Fiber optic,Mailed check,No,2,Yes,No,No
CUST04607,61.0,Female,9,28.2,3072.79,One year,DSL,Credit card,Yes,0,Yes,Yes,No
CUST04608,27.0,Female,10,86.85,10325.9,Two year,No,Mailed check,Yes,2,No,Yes,Yes
CUST04609,67.0,Male,4,21.43,1075.04,Two year,DSL,Electronic check,Yes,0,Yes,Yes,Yes
CUST04610,37.0,Male,1,82.99,853.08,Month-to-month,Fiber optic,Bank transfer,Yes,0,Yes,Yes,No
CUST04611,35.0,Male,1,75.15,1031.54,Month-to-month,Fiber optic,Bank transfer,No,4,No,Yes,No
CUST04612,21.0,Female,6,101.17,7266.2,Two year,No,Mailed check,No,2,No,Yes,No
CUST04613,43.0,Male,6,73.16,5179.55,Month-to-month,DSL,Mailed check,No,2,No,No,Yes
CUST04614,24.0,Female,5,55.27,3276.15,Month-to-month,No,Mailed check,No,1,Yes,Yes,No
CUST04615,31.0,Male,0,44.29,289.17,Month-to-month,No,Bank transfer,No,2,No,Yes,No
CUST04616,34.0,Male,2,28.54,758.63,Two year,No,Electronic check,No,1,No,Yes,No
CUST04617,59.0,Female,8,73.46,6874.76,Two year,No,Electronic check,Yes,3,No,No,No
CUST04618,63.0,Male,9,108.82,12026.08,Two year,No,Electronic check,No,3,Yes,Yes,No
CUST04619,33.0,Male,0,71.47,564.23,Month-to-month,Fiber optic,Electronic check,No,4,No,Yes,No
CUST04620,62.0,Male,1,93.9,1176.01,Month-to-month,No,Electronic check,No,0,Yes,No,Yes
CUST04621,62.0,Male,7,49.85,4076.96,One year,Fiber optic,Credit card,Yes,2,No,No,No
CUST04622,57.0,Female,6,64.82,4788.2,Two year,Fiber optic,Mailed check,No,3,Yes,No,No
CUST04623,25.0,Male,8,52.47,5096.88,Month-to-month,Fiber optic,Electronic check,Yes,0,Yes,No,Yes
CUST04624,53.0,Male,9,30.94,3341.26,Month-to-month,No,Credit card,Yes,0,No,Yes,No
CUST04625,66.0,Male,3,61.7,2364.13,Month-to-month,DSL,Electronic check,No,3,No,No,No
CUST04626,53.0,Female,3,96.42,3566.19,Two year,No,Mailed check,Yes,3,No,No,Yes
CUST04627,35.0,Female,6,59.5,4208.66,Month-to-month,DSL,Electronic check,No,2,No,No,No
CUST04628,44.0,Female,0,85.01,277.29,Two year,DSL,Electronic check,No,0,Yes,No,Yes
CUST04629,51.0,Female,9,95.85,10501.07,One year,DSL,Electronic check,No,2,No,Yes,No
CUST04630,44.0,Male,8,52.28,,Month-to-month,DSL,Mailed check,Yes,1,Yes,No,No
CUST04631,24.0,Male,1,99.74,1065.53,Month-to-month,No,Bank transfer,No,2,No,No,No
CUST04632,34.0,Male,0,53.9,307.13,Month-to-month,DSL,Mailed check,No,2,No,Yes,No
CUST04633,59.0,Male,6,45.62,3353.1,One year,Fiber optic,Bank transfer,No,2,No,Yes,Yes
CUST04634,62.0,Male,5,42.26,2642.92,Two year,DSL,Credit card,No,3,No,Yes,No
CUST04635,25.0,Female,2,40.0,891.96,Month-to-month,No,Credit card,No,3,No,No,No
CUST04636,67.0,Female,0,93.7,776.99,One year,No,Electronic check,Yes,2,Yes,No,No
CUST04637,35.0,Female,4,108.74,5287.39,Two year,DSL,Electronic check,No,1,No,Yes,Yes
CUST04638,52.0,Male,9,43.08,4744.07,Month-to-month,DSL,Electronic check,No,1,Yes,Yes,Yes
CUST04639,56.0,Female,3,28.54,1087.09,Month-to-month,Fiber optic,Mailed check,No,0,Yes,No,No
CUST04640,59.0,Female,4,51.38,2433.26,Month-to-month,Fiber optic,Electronic check,Yes,2,Yes,No,No
CUST04641,66.0,Female,0,85.78,606.35,Month-to-month,DSL,Bank transfer,No,6,Yes,Yes,No
CUST04642,34.0,Male,0,56.86,493.5,One year,No,Credit card,No,2,Yes,Yes,No
CUST04643,62.0,Male,4,74.92,,Month-to-month,No,Credit card,Yes,1,No,Yes,No
CUST04644,25.0,Male,5,94.42,5641.54,Month-to-month,DSL,Credit card,No,1,No,Yes,Yes
CUST04645,54.0,Male,4,60.85,2874.12,Two year,No,Bank transfer,No,0,Yes,Yes,No
CUST04646,56.0,Female,1,119.95,1182.69,Month-to-month,DSL,Electronic check,Yes,1,No,Yes,No
CUST04647,53.0,Male,8,49.8,4930.14,Month-to-month,Fiber optic,Bank transfer,No,2,Yes,Yes,No
CUST04648,31.0,Male,4,117.81,5766.23,Two year,Fiber optic,Bank transfer,No,1,No,No,No
CUST04649,63.0,Female,10,40.31,4783.73,Month-to-month,DSL,Mailed check,No,1,Yes,No,No
CUST04650,27.0,Female,10,31.11,3653.62,Month-to-month,DSL,Mailed check,No,0,Yes,Yes,No
CUST04651,21.0,Male,4,95.07,4708.35,One year,DSL,Credit card,No,3,Yes,Yes,No
CUST04652,55.0,Female,9,90.22,9936.28,Two year,Fiber optic,Bank transfer,No,2,Yes,Yes,No
CUST04653,42.0,Male,8,101.1,9662.23,Month-to-month,No,Credit card,No,3,No,No,No
CUST04654,61.0,Male,2,54.37,1453.54,Two year,Fiber optic,Bank transfer,No,1,No,Yes,Yes
CUST04655,38.0,Male,4,113.06,5310.69,Two year,Fiber optic,Credit card,No,3,Yes,Yes,Yes
CUST04656,27.0,Female,4,31.96,1583.35,One year,Fiber optic,Credit card,No,2,Yes,No,No
CUST04657,61.0,Female,1,23.05,243.78,Two year,DSL,Electronic check,No,1,Yes,Yes,No
CUST04658,46.0,Male,10,50.06,5958.44,Month-to-month,No,Credit card,No,1,Yes,Yes,No
CUST04659,28.0,Female,3,99.72,3653.0,Month-to-month,Fiber optic,Mailed check,No,1,No,Yes,No
CUST04660,55.0,Male,10,87.29,10232.29,Month-to-month,DSL,Bank transfer,No,2,Yes,No,Yes
CUST04661,44.0,Female,10,63.62,7524.42,Month-to-month,DSL,Credit card,Yes,0,Yes,Yes,Yes
CUST04662,49.0,Male,1,45.64,459.0,Two year,No,Bank transfer,No,3,No,No,No
CUST04663,42.0,Male,4,25.94,1218.58,One year,DSL,Credit card,No,0,No,Yes,No
CUST04664,60.0,Female,9,53.76,5895.26,One year,No,Mailed check,Yes,2,No,No,No
CUST04665,60.0,Female,1,66.0,953.46,Two year,DSL,Electronic check,No,1,Yes,Yes,No
CUST04666,54.0,Male,9,88.69,9319.71,Two year,Fiber optic,Electronic check,No,2,Yes,Yes,No
CUST04667,23.0,Male,8,,7997.56,Two year,DSL,Bank transfer,No,4,Yes,No,No
CUST04668,61.0,Male,9,114.72,12062.72,Two year,No,Credit card,No,7,No,No,Yes
CUST04669,52.0,Male,5,30.06,1868.48,Month-to-month,Fiber optic,Mailed check,No,0,No,Yes,No
CUST04670,54.0,Female,7,53.64,4408.85,Month-to-month,DSL,Bank transfer,No,1,Yes,Yes,No
CUST04671,37.0,Female,8,68.16,6653.92,Month-to-month,DSL,Electronic check,No,3,Yes,Yes,No
CUST04672,63.0,Male,7,87.06,7069.48,Month-to-month,DSL,Bank transfer,No,1,No,No,No
CUST04673,55.0,Male,4,69.55,3295.78,Month-to-month,No,Bank transfer,No,2,No,Yes,No
CUST04674,24.0,Female,4,111.26,5246.07,Two year,Fiber optic,Credit card,Yes,8,Yes,No,Yes
CUST04675,39.0,Male,5,80.86,4768.97,Two year,No,Mailed check,No,2,No,Yes,Yes
CUST04676,63.0,Female,0,23.98,154.01,One year,DSL,Electronic check,No,0,No,Yes,No
CUST04677,20.0,Male,10,31.38,3745.26,Two year,Fiber optic,Electronic check,Yes,3,Yes,Yes,No
CUST04678,67.0,Female,7,95.34,7953.16,One year,No,Mailed check,No,6,Yes,Yes,No
CUST04679,53.0,Female,1,91.57,928.08,Month-to-month,Fiber optic,Credit card,Yes,3,No,Yes,Yes
CUST04680,50.0,Female,5,35.36,2103.67,Two year,DSL,Mailed check,No,2,Yes,Yes,Yes
CUST04681,32.0,Female,8,25.91,2524.69,Month-to-month,Fiber optic,Mailed check,No,5,No,Yes,No
CUST04682,31.0,Male,2,77.87,1786.19,Two year,Fiber optic,Credit card,No,6,No,Yes,No
CUST04683,66.0,Female,1,83.57,1181.87,Month-to-month,Fiber optic,Credit card,No,5,No,No,No
CUST04684,33.0,Female,9,33.54,3555.61,Two year,DSL,Electronic check,No,2,Yes,No,Yes
CUST04685,58.0,Male,4,67.36,3373.52,One year,DSL,Electronic check,Yes,3,Yes,Yes,No
CUST04686,38.0,Male,10,50.59,6106.05,One year,No,Credit card,No,3,No,No,No
CUST04687,25.0,Male,8,,10807.15,Month-to-month,DSL,Bank transfer,No,1,No,No,Yes
CUST04688,19.0,Male,5,41.93,2398.94,Month-to-month,DSL,Electronic check,No,2,No,No,Yes
CUST04689,46.0,Male,7,93.32,7629.52,One year,Fiber optic,Credit card,No,3,No,No,No
CUST04690,68.0,Female,7,71.81,5995.32,Month-to-month,Fiber optic,Credit card,No,4,Yes,Yes,No
CUST04691,37.0,Male,6,21.17,1572.37,Two year,No,Bank transfer,No,4,Yes,Yes,Yes
CUST04692,36.0,Female,4,71.7,3638.09,Two year,DSL,Mailed check,No,1,No,Yes,No
CUST04693,36.0,Male,1,29.96,436.81,One year,Fiber optic,Credit card,No,2,Yes,Yes,Yes
CUST04694,45.0,Male,9,85.9,9160.75,Month-to-month,DSL,Bank transfer,No,2,Yes,Yes,No
CUST04695,40.0,Male,9,76.55,8155.55,Two year,DSL,Bank transfer,No,4,No,Yes,No
CUST04696,63.0,Male,4,21.06,1041.26,Month-to-month,DSL,Electronic check,Yes,0,No,No,No
CUST04697,44.0,Male,6,40.48,3021.64,Month-to-month,Fiber optic,Credit card,No,3,No,Yes,No
CUST04698,44.0,Male,6,97.61,6813.29,Month-to-month,Fiber optic,Electronic check,No,2,Yes,Yes,Yes
CUST04699,25.0,Male,10,47.59,5675.4,Month-to-month,Fiber optic,Mailed check,No,4,Yes,No,No
CUST04700,68.0,Female,1,69.93,980.28,One year,DSL,Mailed check,No,2,Yes,Yes,No
CUST04701,31.0,Female,6,51.21,3684.47,Month-to-month,Fiber optic,Electronic check,No,3,No,Yes,No
CUST04702,22.0,Male,5,112.14,6958.5,One year,DSL,Electronic check,Yes,6,No,Yes,No
CUST04703,52.0,Female,6,73.66,5133.88,One year,DSL,Credit card,Yes,3,Yes,No,Yes
CUST04704,48.0,Female,10,89.61,10902.09,One year,Fiber optic,Credit card,No,0,Yes,No,Yes
CUST04705,39.0,Male,7,28.36,2363.81,Month-to-month,DSL,Credit card,No,1,Yes,No,Yes
CUST04706,40.0,Female,3,24.05,893.73,Two year,Fiber optic,Mailed check,Yes,3,Yes,No,No
CUST04707,58.0,Female,0,45.93,218.59,Two year,Fiber optic,Electronic check,Yes,1,No,No,No
CUST04708,28.0,Male,7,50.92,4336.0,Month-to-month,DSL,Bank transfer,No,3,No,Yes,No
CUST04709,60.0,Male,7,88.76,7563.52,One year,No,Electronic check,No,3,Yes,No,Yes
CUST04710,51.0,Male,2,76.91,1808.62,Month-to-month,Fiber optic,Bank transfer,No,8,Yes,Yes,No
CUST04711,39.0,Male,2,57.46,1540.88,Month-to-month,DSL,Credit card,No,2,No,No,No
CUST04712,41.0,Female,4,85.41,3843.5,Two year,Fiber optic,Credit card,No,3,No,No,No
CUST04713,31.0,Male,2,36.37,910.9,Month-to-month,Fiber optic,Electronic check,No,0,No,No,Yes
CUST04714,56.0,Female,4,26.37,1330.25,One year,Fiber optic,Bank transfer,Yes,2,Yes,Yes,No
CUST04715,44.0,Female,7,105.44,9082.8,Month-to-month,Fiber optic,Mailed check,No,1,Yes,No,No
CUST04716,34.0,Female,0,76.39,488.02,Two year,No,Credit card,No,3,Yes,No,No
CUST04717,48.0,Female,1,84.9,1220.45,Month-to-month,No,Credit card,No,3,No,No,No
CUST04718,69.0,Male,1,50.73,489.44,Month-to-month,Fiber optic,Electronic check,No,1,No,No,No
CUST04719,40.0,Male,3,57.2,2074.14,One year,Fiber optic,Electronic check,No,1,No,Yes,No
CUST04720,65.0,Female,8,28.25,2793.92,One year,DSL,Mailed check,No,3,No,Yes,No
CUST04721,36.0,Male,1,105.68,1579.91,One year,No,Electronic check,No,3,Yes,Yes,No
CUST04722,21.0,Male,10,79.24,9594.01,One year,DSL,Mailed check,No,3,No,Yes,No
CUST04723,28.0,Female,8,28.38,2667.83,Month-to-month,Fiber optic,Bank transfer,No,9,No,Yes,No
CUST04724,39.0,Female,6,100.44,6998.47,Month-to-month,DSL,Mailed check,No,4,Yes,No,No
CUST04725,29.0,Male,9,64.41,7119.96,One year,DSL,Bank transfer,No,2,No,Yes,Yes
CUST04726,18.0,Female,7,96.5,8326.36,One year,DSL,Credit card,Yes,1,Yes,No,Yes
CUST04727,65.0,Female,0,21.28,104.12,Month-to-month,DSL,Electronic check,No,2,No,No,No
CUST04728,61.0,Male,4,22.89,1158.13,Two year,DSL,Credit card,No,3,Yes,Yes,No
CUST04729,56.0,Male,8,37.09,3478.55,Two year,DSL,Mailed check,Yes,2,Yes,Yes,No
CUST04730,27.0,Female,3,41.1,1429.03,Two year,Fiber optic,Mailed check,No,3,No,No,Yes
CUST04731,24.0,Male,1,96.38,1239.97,Month-to-month,Fiber optic,Mailed check,No,0,No,Yes,No
CUST04732,21.0,Male,5,90.66,5260.52,One year,Fiber optic,Bank transfer,Yes,4,No,Yes,No
CUST04733,55.0,Male,1,81.6,1218.71,Month-to-month,Fiber optic,Credit card,Yes,3,No,No,No
CUST04734,65.0,Female,2,108.47,2422.73,Month-to-month,No,Credit card,No,1,No,Yes,No
CUST04735,40.0,Male,7,44.72,,One year,Fiber optic,Mailed check,Yes,1,Yes,Yes,No
CUST04736,24.0,Male,2,110.42,2633.35,Month-to-month,DSL,Electronic check,No,0,No,No,No
CUST04737,44.0,Male,1,110.93,1516.53,Month-to-month,DSL,Credit card,Yes,3,No,No,No
CUST04738,36.0,Female,5,63.43,3661.29,Month-to-month,DSL,Electronic check,No,3,No,Yes,Yes
CUST04739,37.0,Male,2,29.45,736.51,Month-to-month,No,Credit card,No,2,Yes,No,No
CUST04740,50.0,Female,0,92.65,333.18,Month-to-month,DSL,Mailed check,No,0,Yes,Yes,No
CUST04741,55.0,Female,2,53.7,1158.21,Month-to-month,Fiber optic,Mailed check,Yes,1,No,Yes,No
CUST04742,24.0,Male,5,99.48,5695.13,Month-to-month,DSL,Credit card,No,2,No,Yes,No
CUST04743,20.0,Female,2,36.38,882.92,Month-to-month,DSL,Bank transfer,Yes,1,No,No,Yes
CUST04744,69.0,Female,8,73.95,7070.78,Two year,Fiber optic,Bank transfer,No,2,No,No,No
CUST04745,30.0,Female,6,70.81,5016.26,Two year,DSL,Credit card,No,1,Yes,Yes,No
CUST04746,21.0,Male,4,30.05,1447.16,Month-to-month,Fiber optic,Mailed check,No,1,No,Yes,No
CUST04747,28.0,Female,1,56.34,676.69,Two year,No,Credit card,No,3,Yes,No,No
CUST04748,20.0,Female,8,28.49,2730.78,Month-to-month,DSL,Electronic check,No,4,No,Yes,No
CUST04749,38.0,Female,4,66.48,3060.18,One year,Fiber optic,Mailed check,No,1,Yes,Yes,No
CUST04750,59.0,Male,6,104.28,7756.28,Month-to-month,DSL,Bank transfer,Yes,3,No,No,No
CUST04751,35.0,Female,8,47.03,4548.72,Two year,No,Bank transfer,No,0,Yes,Yes,Yes
CUST04752,41.0,Male,3,96.48,3257.38,Month-to-month,Fiber optic,Credit card,No,2,Yes,Yes,Yes
CUST04753,52.0,Male,8,38.36,3625.84,Month-to-month,DSL,Electronic check,Yes,4,Yes,Yes,No
CUST04754,44.0,Male,0,87.37,662.89,Month-to-month,No,Mailed check,No,0,Yes,No,Yes
CUST04755,62.0,Female,5,111.54,6877.21,Two year,DSL,Bank transfer,No,1,No,No,No
CUST04756,62.0,Male,1,52.4,699.77,Month-to-month,DSL,Credit card,No,0,No,Yes,No
CUST04757,19.0,Female,7,110.03,9433.86,Month-to-month,Fiber optic,Credit card,Yes,2,Yes,No,No
CUST04758,58.0,Female,4,70.54,3427.57,Month-to-month,Fiber optic,Mailed check,No,3,Yes,Yes,No
CUST04759,41.0,Male,2,51.69,1175.0,Two year,Fiber optic,Credit card,No,0,No,No,No
CUST04760,68.0,Female,1,109.63,1221.99,Month-to-month,Fiber optic,Credit card,No,0,Yes,No,No
CUST04761,43.0,Male,7,23.22,1952.03,One year,Fiber optic,Credit card,Yes,4,Yes,Yes,No
CUST04762,68.0,Male,6,22.82,1608.32,Month-to-month,No,Bank transfer,No,2,No,No,No
CUST04763,56.0,Female,8,79.98,7847.53,One year,No,Bank transfer,No,2,No,No,Yes
CUST04764,31.0,Female,7,99.66,8519.38,Month-to-month,Fiber optic,Electronic check,No,5,No,No,No
CUST04765,45.0,Female,10,95.14,11691.37,Month-to-month,DSL,Mailed check,No,1,No,No,No
CUST04766,69.0,Female,3,27.96,992.48,Two year,No,Mailed check,No,4,Yes,No,Yes
CUST04767,62.0,Male,1,115.01,1635.93,One year,Fiber optic,Mailed check,No,6,No,Yes,No
CUST04768,23.0,Male,1,90.3,1234.81,Two year,No,Mailed check,No,1,Yes,Yes,No
CUST04769,54.0,Female,1,114.89,1607.54,Two year,DSL,Credit card,Yes,2,Yes,Yes,No
CUST04770,36.0,Male,10,52.92,6409.73,One year,Fiber optic,Mailed check,No,2,Yes,No,No
CUST04771,18.0,Male,5,89.39,5282.2,One year,No,Electronic check,Yes,4,Yes,Yes,No
CUST04772,39.0,Female,6,105.98,7467.69,Two year,Fiber optic,Mailed check,No,1,Yes,Yes,No
CUST04773,30.0,Male,5,58.05,3403.77,Month-to-month,Fiber optic,Mailed check,No,3,Yes,Yes,Yes
CUST04774,60.0,Male,1,116.47,1444.42,Month-to-month,No,Credit card,No,6,No,No,Yes
CUST04775,35.0,Female,3,46.51,1780.26,Month-to-month,Fiber optic,Credit card,No,3,No,Yes,No
CUST04776,60.0,Female,2,51.57,1221.9,Month-to-month,Fiber optic,Credit card,No,4,Yes,Yes,Yes
CUST04777,18.0,Female,10,112.02,13508.36,Month-to-month,DSL,Electronic check,No,3,No,No,No
CUST04778,34.0,Female,3,116.95,4374.15,Two year,Fiber optic,Credit card,No,4,No,Yes,No
CUST04779,30.0,Male,4,48.53,2432.79,Two year,DSL,Mailed check,Yes,1,No,Yes,Yes
CUST04780,30.0,Female,6,33.65,2453.04,One year,DSL,Electronic check,No,3,No,No,No
CUST04781,21.0,Female,8,95.9,9280.34,Month-to-month,Fiber optic,Bank transfer,Yes,3,Yes,No,No
CUST04782,28.0,Male,10,112.95,13884.36,Month-to-month,DSL,Credit card,No,2,No,Yes,Yes
CUST04783,,Male,1,80.07,1134.91,One year,No,Electronic check,Yes,0,No,Yes,No
CUST04784,33.0,Female,7,83.45,7126.37,One year,Fiber optic,Bank transfer,No,2,Yes,Yes,No
CUST04785,39.0,Female,2,96.28,2502.58,Two year,Fiber optic,Credit card,No,0,Yes,No,No
CUST04786,37.0,Female,8,35.32,3496.89,Two year,DSL,Bank transfer,No,1,Yes,Yes,No
CUST04787,63.0,Female,9,117.33,12675.44,Month-to-month,DSL,Credit card,Yes,1,No,Yes,No
CUST04788,64.0,Female,3,56.44,2101.38,Month-to-month,DSL,Electronic check,No,9,No,Yes,No
CUST04789,,Female,2,82.82,2143.39,Month-to-month,DSL,Credit card,No,1,No,Yes,No
CUST04790,35.0,Female,9,66.86,7198.8,Month-to-month,No,Credit card,Yes,3,Yes,No,No
CUST04791,23.0,Male,5,66.82,4191.55,Month-to-month,Fiber optic,Electronic check,No,0,Yes,Yes,Yes
CUST04792,67.0,Female,9,90.27,9684.97,Two year,No,Electronic check,No,2,Yes,Yes,Yes
CUST04793,21.0,Male,8,119.45,11282.72,Two year,Fiber optic,Mailed check,No,2,Yes,No,No
CUST04794,33.0,Female,6,85.9,6276.05,Two year,Fiber optic,Mailed check,No,2,No,Yes,No
CUST04795,33.0,Female,3,99.39,3328.16,Two year,Fiber optic,Electronic check,No,3,No,Yes,No
CUST04796,34.0,Female,2,22.78,495.7,Two year,DSL,Credit card,No,3,Yes,Yes,Yes
CUST04797,26.0,Female,9,101.03,11196.47,Two year,Fiber optic,Bank transfer,Yes,3,Yes,Yes,No
CUST04798,58.0,Male,3,50.01,1734.69,One year,DSL,Electronic check,No,2,No,Yes,No
CUST04799,24.0,Male,2,32.69,692.89,Month-to-month,Fiber optic,Bank transfer,Yes,3,No,No,No
CUST04800,50.0,Male,2,31.35,747.6,Month-to-month,DSL,Mailed check,No,2,Yes,No,No
CUST04801,24.0,Female,8,87.98,8640.02,Month-to-month,Fiber optic,Mailed check,No,0,Yes,Yes,Yes
CUST04802,22.0,Female,3,119.74,4190.95,Month-to-month,DSL,Electronic check,No,4,No,No,No
CUST04803,64.0,Female,8,86.61,8272.91,Two year,DSL,Electronic check,No,4,Yes,Yes,Yes
CUST04804,28.0,Male,9,46.24,4899.17,One year,Fiber optic,Credit card,No,1,No,No,No
CUST04805,60.0,Male,4,40.34,1899.18,Month-to-month,DSL,Mailed check,No,4,Yes,No,No
CUST04806,46.0,Female,6,72.59,5429.54,Month-to-month,DSL,Mailed check,No,3,No,No,Yes
CUST04807,22.0,Male,4,26.52,1333.05,Month-to-month,DSL,Electronic check,No,2,Yes,Yes,No
CUST04808,67.0,Female,0,59.94,445.88,Month-to-month,DSL,Bank transfer,No,1,Yes,No,No
CUST04809,31.0,Female,1,86.62,1188.15,Month-to-month,No,Credit card,No,6,Yes,Yes,No
CUST04810,62.0,Female,10,116.75,14128.33,Month-to-month,Fiber optic,Electronic check,No,3,No,Yes,Yes
CUST04811,27.0,Male,4,62.57,2859.85,Month-to-month,No,Bank transfer,No,1,Yes,Yes,Yes
CUST04812,62.0,Female,5,40.03,2310.17,One year,DSL,Credit card,Yes,2,No,Yes,No
CUST04813,19.0,Male,6,101.72,7346.79,Month-to-month,DSL,Bank transfer,No,2,No,Yes,Yes
CUST04814,44.0,Female,1,94.41,1186.99,One year,Fiber optic,Credit card,Yes,2,No,No,No
CUST04815,57.0,Male,9,105.96,11743.2,Month-to-month,DSL,Credit card,No,2,Yes,Yes,Yes
CUST04816,66.0,Male,8,41.48,3970.24,Month-to-month,DSL,Credit card,Yes,2,No,Yes,Yes
CUST04817,64.0,Female,5,60.49,3780.73,One year,Fiber optic,Mailed check,No,3,No,Yes,Yes
CUST04818,60.0,Male,1,118.14,1765.19,Month-to-month,Fiber optic,Electronic check,No,4,No,Yes,No
CUST04819,63.0,Female,1,35.82,503.85,Month-to-month,DSL,Mailed check,No,8,No,No,No
CUST04820,28.0,Female,2,87.14,2038.5,Two year,DSL,Mailed check,Yes,3,Yes,Yes,No
CUST04821,32.0,Female,0,43.73,328.87,One year,Fiber optic,Credit card,No,4,Yes,Yes,No
CUST04822,33.0,Female,8,70.02,6740.62,One year,DSL,Electronic check,No,4,No,No,Yes
CUST04823,37.0,Male,9,100.04,10623.43,Two year,No,Electronic check,No,1,Yes,No,Yes
CUST04824,38.0,Female,10,68.86,8110.1,Two year,No,Electronic check,No,5,Yes,No,Yes
CUST04825,46.0,Male,3,100.54,3359.96,Month-to-month,No,Electronic check,No,0,Yes,No,No
CUST04826,26.0,Male,4,62.64,2941.32,Two year,DSL,Credit card,No,1,Yes,Yes,No
CUST04827,53.0,Female,6,119.92,8769.71,Two year,DSL,Electronic check,No,2,No,No,No
CUST04828,27.0,Male,0,63.59,539.4,Month-to-month,No,Bank transfer,No,2,Yes,Yes,No
CUST04829,34.0,Female,2,34.95,801.19,Two year,DSL,Bank transfer,No,2,No,Yes,No
CUST04830,44.0,Female,2,60.19,1455.78,Month-to-month,DSL,Mailed check,No,3,Yes,Yes,No
CUST04831,59.0,Female,1,94.25,1113.36,One year,DSL,Credit card,No,1,Yes,Yes,No
CUST04832,56.0,Female,7,104.78,8555.55,One year,DSL,Mailed check,No,7,No,No,No
CUST04833,51.0,Male,4,66.01,3271.66,Month-to-month,Fiber optic,Mailed check,No,2,No,No,Yes
CUST04834,26.0,Female,0,79.44,485.9,Two year,No,Electronic check,No,5,No,No,No
CUST04835,46.0,Female,1,104.48,1515.29,Two year,Fiber optic,Bank transfer,No,1,No,No,No
CUST04836,22.0,Male,0,101.34,812.02,Two year,Fiber optic,Bank transfer,No,2,Yes,Yes,No
CUST04837,37.0,Male,5,85.77,5031.87,Month-to-month,DSL,Electronic check,No,2,No,No,No
CUST04838,39.0,Female,8,101.49,9628.95,Month-to-month,Fiber optic,Electronic check,No,3,No,Yes,Yes
CUST04839,20.0,Male,10,77.59,9327.78,Two year,DSL,Credit card,No,1,Yes,Yes,No
CUST04840,32.0,Male,6,20.48,1428.82,Month-to-month,DSL,Bank transfer,No,2,Yes,No,No
CUST04841,67.0,Female,4,24.15,1122.91,One year,DSL,Mailed check,No,0,Yes,No,No
CUST04842,67.0,Female,2,117.96,3058.34,Two year,Fiber optic,Mailed check,Yes,2,No,Yes,Yes
CUST04843,36.0,Female,7,34.51,2827.27,Month-to-month,DSL,Credit card,No,6,Yes,Yes,Yes
CUST04844,20.0,Female,9,60.46,6545.96,Month-to-month,No,Bank transfer,No,0,No,Yes,No
CUST04845,27.0,Female,3,113.36,4008.97,Month-to-month,No,Electronic check,No,3,No,No,Yes
CUST04846,38.0,Male,8,39.52,3722.64,Month-to-month,DSL,Mailed check,No,3,No,No,No
CUST04847,66.0,Male,4,104.37,5303.71,One year,Fiber optic,Bank transfer,No,1,Yes,No,Yes
CUST04848,25.0,Male,5,101.81,6307.45,Month-to-month,Fiber optic,Bank transfer,No,1,No,No,No
CUST04849,57.0,Female,4,118.61,5527.4,Month-to-month,No,Bank transfer,No,1,No,Yes,No
CUST04850,24.0,Male,9,48.18,5285.57,Two year,No,Electronic check,No,1,Yes,Yes,Yes
CUST04851,68.0,Male,10,51.54,6032.16,Month-to-month,DSL,Mailed check,No,0,No,No,No
CUST04852,37.0,Female,6,110.27,7792.39,One year,DSL,Electronic check,No,1,Yes,No,Yes
CUST04853,58.0,Male,6,43.42,3024.01,Month-to-month,DSL,Bank transfer,No,1,Yes,Yes,No
CUST04854,35.0,Male,0,74.79,414.66,One year,Fiber optic,Bank transfer,No,3,Yes,Yes,No
CUST04855,50.0,Female,1,90.73,1163.79,Two year,DSL,Mailed check,No,3,Yes,Yes,No
CUST04856,28.0,Male,6,47.2,3305.14,One year,Fiber optic,Mailed check,No,3,Yes,Yes,No
CUST04857,25.0,Male,7,113.82,9383.0,One year,DSL,Electronic check,Yes,2,No,No,Yes
CUST04858,66.0,Male,3,86.56,3060.55,Month-to-month,No,Electronic check,No,1,Yes,Yes,No
CUST04859,65.0,Female,5,24.73,1503.33,Month-to-month,DSL,Electronic check,No,2,Yes,Yes,No
CUST04860,63.0,Female,10,33.59,3992.45,Two year,DSL,Bank transfer,No,1,Yes,Yes,No
CUST04861,50.0,Male,9,39.09,4245.58,Two year,Fiber optic,Mailed check,No,2,Yes,No,Yes
CUST04862,59.0,Female,2,44.51,1027.89,One year,DSL,Credit card,Yes,5,Yes,Yes,Yes
CUST04863,22.0,Male,6,93.06,6565.01,Two year,Fiber optic,Mailed check,No,1,No,No,No
CUST04864,35.0,Female,10,28.91,3530.78,Month-to-month,Fiber optic,Mailed check,No,2,Yes,Yes,No
CUST04865,34.0,Male,2,55.07,1282.91,One year,No,Mailed check,Yes,3,Yes,No,No
CUST04866,50.0,Female,10,111.12,13613.57,Month-to-month,No,Credit card,No,3,Yes,Yes,No
CUST04867,36.0,Female,6,75.66,5359.58,One year,No,Electronic check,No,1,No,No,No
CUST04868,26.0,Female,10,46.56,5599.06,Month-to-month,Fiber optic,Credit card,No,1,Yes,Yes,Yes
CUST04869,48.0,Male,10,115.69,13572.62,Two year,Fiber optic,Mailed check,No,4,No,Yes,No
CUST04870,60.0,Male,7,44.44,3781.18,Two year,DSL,Mailed check,No,0,No,No,No
CUST04871,37.0,Female,2,110.49,2847.74,Month-to-month,Fiber optic,Bank transfer,No,2,No,Yes,No
CUST04872,25.0,Male,1,92.57,1372.64,One year,No,Mailed check,No,4,Yes,No,No
CUST04873,28.0,Female,5,94.04,5832.48,Two year,DSL,Credit card,No,4,Yes,No,No
CUST04874,30.0,Female,3,96.48,3364.87,Month-to-month,Fiber optic,Credit card,No,0,Yes,Yes,No
CUST04875,33.0,Female,7,70.66,5959.16,Month-to-month,No,Credit card,No,1,No,Yes,No
CUST04876,51.0,Male,1,101.45,1273.26,Month-to-month,No,Electronic check,Yes,1,Yes,No,Yes
CUST04877,49.0,Female,3,103.61,3454.29,Month-to-month,DSL,Bank transfer,No,2,Yes,No,No
CUST04878,54.0,Female,1,56.05,528.92,One year,DSL,Electronic check,No,2,No,No,No
CUST04879,36.0,Female,1,60.04,657.71,Month-to-month,DSL,Credit card,Yes,9,Yes,Yes,No
CUST04880,60.0,Male,1,108.86,1465.97,One year,Fiber optic,Electronic check,No,2,No,No,No
CUST04881,28.0,Male,0,72.47,,One year,DSL,Bank transfer,No,2,Yes,No,No
CUST04882,42.0,Male,3,106.68,4079.94,Two year,DSL,Bank transfer,No,2,Yes,Yes,Yes
CUST04883,59.0,Male,1,82.67,1063.98,Two year,DSL,Bank transfer,No,0,No,Yes,No
CUST04884,27.0,Female,8,79.35,7602.72,One year,DSL,Bank transfer,No,1,No,No,Yes
CUST04885,24.0,Female,8,23.12,2224.84,Month-to-month,Fiber optic,Credit card,Yes,1,No,No,No
CUST04886,63.0,Male,10,47.8,5687.45,Month-to-month,Fiber optic,Mailed check,No,3,No,No,No
CUST04887,35.0,Female,10,70.21,8624.31,Month-to-month,No,Credit card,No,2,Yes,Yes,No
CUST04888,53.0,Male,6,78.73,5515.36,Two year,DSL,Credit card,No,1,No,No,No
CUST04889,19.0,Male,5,83.04,5161.85,Month-to-month,Fiber optic,Credit card,No,2,Yes,No,No
CUST04890,53.0,Male,2,91.61,2296.65,Month-to-month,Fiber optic,Credit card,No,1,Yes,No,No
CUST04891,34.0,Male,6,85.62,6273.11,Two year,DSL,Electronic check,Yes,1,Yes,Yes,No
CUST04892,21.0,Female,0,104.84,840.31,One year,No,Bank transfer,No,4,Yes,No,No
CUST04893,49.0,Male,8,49.56,4649.14,Two year,DSL,Mailed check,No,5,No,Yes,No
CUST04894,30.0,Female,3,84.15,3127.99,Two year,Fiber optic,Mailed check,Yes,0,No,Yes,No
CUST04895,38.0,Male,5,25.13,1549.7,Month-to-month,Fiber optic,Mailed check,No,3,Yes,Yes,Yes
CUST04896,22.0,Female,5,68.02,4278.97,Two year,Fiber optic,Credit card,No,2,Yes,Yes,Yes
CUST04897,26.0,Male,10,46.81,5687.04,Month-to-month,DSL,Bank transfer,No,1,Yes,Yes,No
CUST04898,33.0,Male,2,58.09,1551.71,Two year,Fiber optic,Bank transfer,No,3,No,No,Yes
CUST04899,23.0,Male,3,55.47,2113.4,One year,Fiber optic,Mailed check,No,1,Yes,Yes,No
CUST04900,64.0,Male,10,26.06,,Two year,Fiber optic,Mailed check,No,0,Yes,Yes,Yes
CUST04901,18.0,Male,9,66.67,7366.69,Two year,No,Credit card,No,1,Yes,Yes,Yes
CUST04902,43.0,Female,2,119.44,2888.97,One year,Fiber optic,Mailed check,No,1,No,No,Yes
CUST04903,24.0,Female,5,49.9,3057.28,One year,DSL,Credit card,No,0,No,Yes,No
CUST04904,34.0,Female,0,93.61,350.43,Two year,DSL,Mailed check,No,1,Yes,No,No
CUST04905,65.0,Female,7,74.78,6216.86,Two year,Fiber optic,Bank transfer,No,2,Yes,No,Yes
CUST04906,26.0,Male,7,,4532.06,One year,Fiber optic,Bank transfer,No,3,Yes,Yes,No
CUST04907,67.0,Male,8,28.98,2864.85,One year,DSL,Bank transfer,No,1,Yes,Yes,Yes
CUST04908,28.0,Female,5,41.6,2398.91,Month-to-month,DSL,Electronic check,No,1,Yes,Yes,Yes
CUST04909,56.0,Female,0,98.17,639.78,Two year,DSL,Mailed check,No,1,Yes,Yes,Yes
CUST04910,46.0,Female,2,47.91,1217.3,One year,Fiber optic,Electronic check,No,4,Yes,No,No
CUST04911,63.0,Female,0,34.44,209.99,Two year,Fiber optic,Bank transfer,No,1,Yes,Yes,No
CUST04912,46.0,Male,4,53.14,2465.42,One year,Fiber optic,Mailed check,No,4,No,No,No
CUST04913,45.0,Male,2,78.4,1666.04,Month-to-month,DSL,Electronic check,No,2,Yes,Yes,Yes
CUST04914,28.0,Male,1,,1328.78,Month-to-month,Fiber optic,Bank transfer,No,5,Yes,Yes,No
CUST04915,26.0,Male,2,58.74,1317.03,Month-to-month,Fiber optic,Bank transfer,Yes,2,No,Yes,No
CUST04916,65.0,Male,8,69.81,6618.07,One year,DSL,Mailed check,No,1,Yes,No,No
CUST04917,35.0,Male,10,65.49,7915.33,Month-to-month,DSL,Mailed check,Yes,2,No,Yes,No
CUST04918,37.0,Female,7,20.92,1748.32,One year,Fiber optic,Credit card,No,2,No,Yes,No
CUST04919,57.0,Female,2,59.56,1402.19,Month-to-month,No,Mailed check,Yes,2,No,Yes,No
CUST04920,35.0,Female,10,78.73,9250.25,Month-to-month,DSL,Bank transfer,No,2,Yes,No,No
CUST04921,67.0,Female,1,76.99,1151.12,Month-to-month,No,Credit card,No,0,No,Yes,No
CUST04922,56.0,Male,4,94.97,4435.56,Month-to-month,DSL,Credit card,No,2,No,Yes,No
CUST04923,48.0,Male,0,87.03,318.54,Month-to-month,DSL,Mailed check,No,5,No,No,Yes
CUST04924,63.0,Female,3,47.69,1768.78,Two year,Fiber optic,Bank transfer,No,5,No,Yes,Yes
CUST04925,21.0,Male,7,45.57,3897.19,Month-to-month,Fiber optic,Electronic check,No,2,No,No,No
CUST04926,31.0,Male,0,66.42,209.35,Month-to-month,DSL,Bank transfer,No,0,No,Yes,No
CUST04927,42.0,Male,4,93.29,4348.65,Two year,Fiber optic,Bank transfer,No,0,No,Yes,Yes
CUST04928,30.0,Male,3,29.4,1004.45,Month-to-month,DSL,Mailed check,No,3,No,Yes,No
CUST04929,56.0,Female,5,114.81,7087.8,Two year,Fiber optic,Electronic check,No,3,Yes,No,No
CUST04930,65.0,Male,6,74.31,5209.57,Two year,DSL,Credit card,No,5,No,No,No
CUST04931,40.0,Female,8,50.65,4781.8,One year,Fiber optic,Electronic check,No,2,No,No,No
CUST04932,35.0,Female,0,89.33,796.93,One year,Fiber optic,Mailed check,No,4,No,Yes,No
CUST04933,67.0,Male,10,24.49,2968.59,Month-to-month,Fiber optic,Bank transfer,No,3,No,No,Yes
CUST04934,41.0,Male,9,68.44,7345.42,Month-to-month,Fiber optic,Bank transfer,No,2,Yes,Yes,No
CUST04935,43.0,Male,3,68.6,2574.0,One year,Fiber optic,Electronic check,No,3,No,Yes,No
CUST04936,36.0,Male,5,36.21,2165.38,Month-to-month,Fiber optic,Electronic check,No,0,Yes,Yes,No
CUST04937,64.0,Female,9,103.73,11023.51,Month-to-month,No,Mailed check,No,2,No,Yes,No
CUST04938,47.0,Female,6,99.67,7169.0,Two year,Fiber optic,Electronic check,No,5,No,Yes,No
CUST04939,57.0,Female,6,35.29,2598.27,Month-to-month,Fiber optic,Mailed check,Yes,1,Yes,Yes,No
CUST04940,59.0,Male,7,56.39,4627.78,Two year,Fiber optic,Credit card,Yes,3,Yes,Yes,Yes
CUST04941,35.0,Female,9,30.06,3243.76,One year,Fiber optic,Electronic check,No,1,No,Yes,Yes
CUST04942,40.0,Female,7,104.85,8567.66,Month-to-month,DSL,Bank transfer,Yes,3,No,No,No
CUST04943,61.0,Male,7,52.34,4504.1,Month-to-month,Fiber optic,Electronic check,No,3,Yes,No,No
CUST04944,37.0,Female,7,63.93,5492.76,Month-to-month,DSL,Bank transfer,No,4,Yes,Yes,No
CUST04945,58.0,Male,7,52.39,4455.64,One year,DSL,Credit card,No,3,Yes,No,No
CUST04946,66.0,Female,5,51.01,3189.16,Month-to-month,Fiber optic,Credit card,No,2,No,No,No
CUST04947,50.0,Female,8,94.72,9036.29,One year,DSL,Electronic check,Yes,0,No,Yes,No
CUST04948,56.0,Male,2,94.75,2064.71,One year,No,Mailed check,No,3,Yes,Yes,No
CUST04949,59.0,Female,5,71.78,4511.53,Two year,Fiber optic,Bank transfer,No,2,No,No,Yes
CUST04950,61.0,Male,4,85.76,4122.99,Month-to-month,Fiber optic,Credit card,No,3,No,No,Yes
CUST04951,38.0,Male,7,71.17,5967.48,One year,DSL,Electronic check,Yes,0,No,Yes,No
CUST04952,21.0,Female,3,22.88,763.71,Month-to-month,Fiber optic,Credit card,No,4,No,Yes,No
CUST04953,38.0,Female,3,26.62,969.49,Month-to-month,Fiber optic,Electronic check,No,2,Yes,No,No
CUST04954,52.0,Male,9,58.38,6355.6,Month-to-month,DSL,Bank transfer,No,4,No,Yes,No
CUST04955,41.0,Male,10,94.96,11380.48,Two year,No,Electronic check,Yes,3,Yes,Yes,No
CUST04956,56.0,Male,9,111.31,12295.14,Two year,DSL,Bank transfer,No,0,Yes,Yes,No
CUST04957,36.0,Male,4,22.99,1136.94,Month-to-month,Fiber optic,Credit card,No,2,Yes,No,No
CUST04958,50.0,Female,10,56.81,6659.73,One year,No,Bank transfer,No,4,No,Yes,Yes
CUST04959,28.0,Female,5,42.39,2554.18,Month-to-month,No,Bank transfer,No,3,Yes,No,Yes
CUST04960,56.0,Female,10,101.51,12481.62,One year,Fiber optic,Mailed check,No,2,Yes,Yes,No
CUST04961,46.0,Male,3,104.58,3576.58,Month-to-month,Fiber optic,Credit card,No,5,No,No,No
CUST04962,28.0,Female,1,40.65,516.41,One year,No,Bank transfer,No,1,No,Yes,Yes
CUST04963,33.0,Male,1,91.07,969.12,One year,No,Mailed check,No,1,Yes,Yes,Yes
CUST04964,56.0,Female,2,93.17,2164.15,One year,Fiber optic,Mailed check,No,3,Yes,No,No
CUST04965,43.0,Female,1,37.72,347.08,Month-to-month,Fiber optic,Bank transfer,No,1,No,No,Yes
CUST04966,29.0,Female,0,63.37,451.69,One year,Fiber optic,Electronic check,No,2,Yes,No,No
CUST04967,67.0,Male,7,82.03,7021.22,Month-to-month,DSL,Bank transfer,No,3,No,Yes,No
CUST04968,54.0,Male,4,22.63,1123.08,Month-to-month,DSL,Electronic check,Yes,2,Yes,Yes,Yes
CUST04969,67.0,Male,9,60.46,6700.71,Month-to-month,Fiber optic,Bank transfer,No,1,Yes,No,No
CUST04970,40.0,Female,0,35.51,285.05,Two year,DSL,Credit card,No,2,No,Yes,No
CUST04971,42.0,Male,8,74.19,6991.89,Two year,Fiber optic,Mailed check,No,2,No,No,No
CUST04972,64.0,Male,7,104.28,8590.77,Month-to-month,Fiber optic,Bank transfer,No,2,No,No,No
CUST04973,45.0,Male,3,72.47,2725.61,One year,Fiber optic,Bank transfer,No,3,Yes,Yes,No
CUST04974,54.0,Female,7,23.62,2023.06,One year,DSL,Bank transfer,No,1,Yes,No,No
CUST04975,31.0,Male,9,22.98,2430.34,Two year,Fiber optic,Electronic check,Yes,3,Yes,No,No
CUST04976,41.0,Female,6,80.55,5560.89,Two year,No,Credit card,No,3,No,Yes,No
CUST04977,24.0,Female,10,52.81,6305.36,One year,Fiber optic,Credit card,No,3,No,No,No
CUST04978,29.0,Female,10,77.26,9361.9,Month-to-month,DSL,Bank transfer,No,2,Yes,Yes,No
CUST04979,18.0,Male,6,36.38,2699.19,One year,Fiber optic,Mailed check,Yes,1,No,Yes,No
CUST04980,20.0,Male,0,97.68,389.92,Two year,No,Mailed check,No,1,No,Yes,No
CUST04981,68.0,Male,5,106.06,6564.09,Two year,Fiber optic,Bank transfer,No,3,No,Yes,No
CUST04982,30.0,Male,3,108.91,4041.18,Month-to-month,Fiber optic,Electronic check,No,2,Yes,No,No
CUST04983,52.0,Male,9,50.42,5343.81,Two year,DSL,Mailed check,No,1,No,No,No
CUST04984,61.0,Female,9,86.07,9488.01,One year,DSL,Credit card,Yes,2,No,Yes,Yes
CUST04985,46.0,Male,9,47.91,5299.09,Month-to-month,DSL,Mailed check,No,3,Yes,No,No
CUST04986,26.0,Female,10,96.27,11416.55,One year,DSL,Mailed check,No,0,Yes,Yes,Yes
CUST04987,55.0,Male,1,32.07,317.22,Month-to-month,Fiber optic,Bank transfer,Yes,6,No,Yes,No
CUST04988,49.0,Female,9,96.27,10666.82,One year,Fiber optic,Mailed check,No,0,No,Yes,No
CUST04989,55.0,Female,6,63.98,4423.08,One year,Fiber optic,Bank transfer,No,2,Yes,No,No
CUST04990,57.0,Female,8,105.54,10415.86,Two year,DSL,Credit card,No,2,Yes,Yes,No
CUST04991,68.0,Female,4,93.88,4346.56,Two year,Fiber optic,Mailed check,No,0,No,Yes,No
CUST04992,47.0,Female,7,57.66,4821.78,Month-to-month,Fiber optic,Bank transfer,No,4,No,No,No
CUST04993,35.0,Female,4,110.34,5169.34,Month-to-month,No,Bank transfer,No,2,No,No,Yes
CUST04994,51.0,Male,6,48.34,3380.21,Two year,DSL,Credit card,No,0,No,No,No
CUST04995,21.0,Female,6,116.68,8297.7,One year,DSL,Mailed check,No,3,No,No,Yes
CUST04996,64.0,Male,8,96.71,9306.9,Two year,Fiber optic,Electronic check,Yes,3,Yes,Yes,No
CUST04997,24.0,Male,2,119.05,2567.02,Month-to-month,Fiber optic,Mailed check,No,6,Yes,Yes,Yes
CUST04998,35.0,Male,0,25.41,199.58,Two year,No,Bank transfer,No,2,Yes,No,Yes
CUST04999,60.0,Male,1,47.41,654.4,Month-to-month,Fiber optic,Bank transfer,No,1,No,Yes,No
CUST05000,48.0,Male,5,94.12,5814.99,Month-to-month,No,Credit card,No,0,Yes,Yes,No
CUST05001,38.0,Male,9,112.21,12244.0,Month-to-month,Fiber optic,Credit card,No,3,No,Yes,No
CUST05002,42.0,Male,9,22.9,2466.61,Two year,DSL,Electronic check,Yes,2,No,No,No
CUST05003,62.0,Female,8,20.02,1962.1,One year,No,Electronic check,No,6,Yes,No,Yes
CUST05004,35.0,Male,2,45.63,1191.55,Two year,DSL,Bank transfer,No,3,No,Yes,No
CUST05005,62.0,Female,9,105.26,11232.98,Two year,DSL,Electronic check,Yes,5,No,Yes,Yes
CUST05006,22.0,Male,1,96.7,1149.4,Month-to-month,No,Electronic check,No,8,Yes,Yes,No
CUST05007,58.0,Female,10,54.03,6387.8,One year,DSL,Electronic check,No,2,Yes,No,No
CUST05008,61.0,Female,0,20.22,91.7,Month-to-month,DSL,Mailed check,Yes,1,No,Yes,No
CUST05009,27.0,Female,1,75.47,787.42,One year,DSL,Mailed check,No,1,No,No,No
CUST05010,40.0,Female,2,43.81,1137.28,Month-to-month,Fiber optic,Bank transfer,Yes,1,Yes,Yes,No
CUST05011,26.0,Male,6,94.55,6666.31,One year,DSL,Mailed check,No,2,Yes,Yes,No
CUST05012,54.0,Female,1,64.64,793.61,One year,DSL,Electronic check,No,0,Yes,Yes,No
CUST05013,45.0,Female,4,87.85,4284.55,Month-to-month,Fiber optic,Electronic check,No,1,Yes,Yes,No
CUST05014,50.0,Female,1,105.22,1417.07,Month-to-month,No,Electronic check,No,1,No,Yes,No
CUST05015,28.0,Female,6,73.57,5089.45,Month-to-month,DSL,Mailed check,No,0,No,Yes,No
CUST05016,29.0,Male,9,53.6,5781.23,Two year,Fiber optic,Credit card,Yes,1,No,No,No
CUST05017,20.0,Female,7,96.94,8022.63,Month-to-month,Fiber optic,Electronic check,No,0,No,No,No
CUST05018,34.0,Male,7,46.53,4001.6,Two year,DSL,Electronic check,No,2,No,No,No
CUST05019,47.0,Female,7,109.14,8864.1,Month-to-month,DSL,Credit card,No,1,Yes,No,No
CUST05020,62.0,Male,9,27.16,2885.52,Month-to-month,Fiber optic,Credit card,No,3,No,Yes,No
